sample,run_accessions,date,site,state,sequencing_lab,na_type,sample_source
SAMN54703710,SRR36876984,2024-11-04,"Boise RWF, ID",Idaho,MU,RNA+DNA,raw_wastewater_composite
SAMN54703711,SRR36877032,2024-11-18,"Boise RWF, ID",Idaho,MU,RNA+DNA,raw_wastewater_composite
SAMN54703712,SRR36877031,2024-11-25,"Boise RWF, ID",Idaho,MU,RNA+DNA,raw_wastewater_composite
SAMN54703713,SRR36877030,2024-12-02,"Boise RWF, ID",Idaho,MU,RNA+DNA,raw_wastewater_composite
SAMN54703714,SRR36877028,2024-12-16,"Boise RWF, ID",Idaho,MU,RNA+DNA,raw_wastewater_composite
SAMN54703715,SRR36877029,2024-12-23,"Boise RWF, ID",Idaho,MU,RNA+DNA,raw_wastewater_composite
SAMN54703716,SRR36877027,2024-12-30,"Boise RWF, ID",Idaho,MU,RNA+DNA,raw_wastewater_composite
SAMN54703717,SRR36877026,2025-01-06,"Boise RWF, ID",Idaho,MU,RNA+DNA,raw_wastewater_composite
SAMN54703718,SRR36877025,2025-01-13,"Boise RWF, ID",Idaho,MU,RNA+DNA,raw_wastewater_composite
SAMN54703719,SRR36877024,2025-01-20,"Boise RWF, ID",Idaho,MU,RNA+DNA,raw_wastewater_composite
SAMN54703720,SRR36877023,2025-01-27,"Boise RWF, ID",Idaho,MU,RNA+DNA,raw_wastewater_composite
SAMN54703721,SRR36877008,2025-02-03,"Boise RWF, ID",Idaho,MU,RNA+DNA,raw_wastewater_composite
SAMN54703722,SRR36877007,2025-02-10,"Boise RWF, ID",Idaho,MU,RNA+DNA,raw_wastewater_composite
SAMN54703723,SRR36877006,2025-02-24,"Boise RWF, ID",Idaho,MU,RNA+DNA,raw_wastewater_composite
SAMN54703724,SRR36877005,2025-03-10,"Boise RWF, ID",Idaho,MU,RNA+DNA,raw_wastewater_composite
SAMN54703725,SRR36877004,2025-03-17,"Boise RWF, ID",Idaho,MU,RNA+DNA,raw_wastewater_composite
SAMN54703726,SRR36877003,2025-03-24,"Boise RWF, ID",Idaho,MU,RNA+DNA,raw_wastewater_composite
SAMN54703727,SRR36877002,2025-03-31,"Boise RWF, ID",Idaho,MU,RNA+DNA,raw_wastewater_composite
SAMN54703728,SRR36877001,2025-04-07,"Boise RWF, ID",Idaho,MU,RNA+DNA,raw_wastewater_composite
SAMN54703729,SRR36877000,2025-04-14,"Boise RWF, ID",Idaho,MU,RNA+DNA,raw_wastewater_composite
SAMN54703730,SRR36876999,2025-04-21,"Boise RWF, ID",Idaho,MU,RNA+DNA,raw_wastewater_composite
SAMN54703731,SRR36876997,2025-04-28,"Boise RWF, ID",Idaho,MU,RNA+DNA,raw_wastewater_composite
SAMN54703732,SRR36876996,2025-05-05,"Boise RWF, ID",Idaho,MU,RNA+DNA,raw_wastewater_composite
SAMN54703733,SRR36876995,2025-05-12,"Boise RWF, ID",Idaho,MU,RNA+DNA,raw_wastewater_composite
SAMN54703734,SRR36876993,2025-05-19,"Boise RWF, ID",Idaho,MU,RNA+DNA,raw_wastewater_composite
SAMN54703735,SRR36876980,2025-05-26,"Boise RWF, ID",Idaho,MU,RNA+DNA,raw_wastewater_composite
SAMN54703736,SRR36876979,2025-06-02,"Boise RWF, ID",Idaho,MU,RNA+DNA,raw_wastewater_composite
SAMN54703737,SRR36876978,2025-06-09,"Boise RWF, ID",Idaho,MU,RNA+DNA,raw_wastewater_composite
SAMN54703738,SRR36876977,2025-06-16,"Boise RWF, ID",Idaho,MU,RNA+DNA,raw_wastewater_composite
SAMN54703739,SRR36876976,2025-06-23,"Boise RWF, ID",Idaho,MU,RNA+DNA,raw_wastewater_composite
SAMN54703740,SRR36876975,2025-06-30,"Boise RWF, ID",Idaho,MU,RNA+DNA,raw_wastewater_composite
SAMN54703741,SRR36876973,2025-07-07,"Boise RWF, ID",Idaho,MU,RNA+DNA,raw_wastewater_composite
SAMN54703742,SRR36876972,2025-07-14,"Boise RWF, ID",Idaho,MU,RNA+DNA,raw_wastewater_composite
SAMN54703743,SRR36876971,2025-07-21,"Boise RWF, ID",Idaho,MU,RNA+DNA,raw_wastewater_composite
SAMN54703744,SRR36876970,2025-07-28,"Boise RWF, ID",Idaho,MU,RNA+DNA,raw_wastewater_composite
SAMN54703745,SRR36876967,2025-08-04,"Boise RWF, ID",Idaho,MU,RNA+DNA,raw_wastewater_composite
SAMN54703746,SRR36877022,2025-08-11,"Boise RWF, ID",Idaho,MU,RNA+DNA,raw_wastewater_composite
SAMN54703747,SRR36877019,2025-08-18,"Boise RWF, ID",Idaho,MU,RNA+DNA,raw_wastewater_composite
SAMN54703748,SRR36877013,2025-08-25,"Boise RWF, ID",Idaho,MU,RNA+DNA,raw_wastewater_composite
SAMN54703749,SRR36877015,2025-09-01,"Boise RWF, ID",Idaho,MU,RNA+DNA,raw_wastewater_composite
SAMN54703750,SRR36877014,2025-09-08,"Boise RWF, ID",Idaho,MU,RNA+DNA,raw_wastewater_composite
SAMN54703751,SRR36877017,2025-09-15,"Boise RWF, ID",Idaho,MU,RNA+DNA,raw_wastewater_composite
SAMN54703752,SRR36877018,2025-09-22,"Boise RWF, ID",Idaho,MU,RNA+DNA,raw_wastewater_composite
SAMN54703753,SRR36877020,2025-09-29,"Boise RWF, ID",Idaho,MU,RNA+DNA,raw_wastewater_composite
SAMN54703754,SRR36876994,2025-10-06,"Boise RWF, ID",Idaho,MU,RNA+DNA,raw_wastewater_composite
SAMN54703755,SRR36876955,2025-10-13,"Boise RWF, ID",Idaho,MU,RNA+DNA,raw_wastewater_composite
SAMN54703756,SRR36876956,2025-10-20,"Boise RWF, ID",Idaho,MU,RNA+DNA,raw_wastewater_composite
SAMN54703757,SRR36876957,2025-10-27,"Boise RWF, ID",Idaho,MU,RNA+DNA,raw_wastewater_composite
SAMN54703758,SRR36876958,2025-11-03,"Boise RWF, ID",Idaho,MU,RNA+DNA,raw_wastewater_composite
SAMN54703759,SRR36876960,2025-11-10,"Boise RWF, ID",Idaho,MU,RNA+DNA,raw_wastewater_composite
SAMN54703760,SRR36876959,2025-11-17,"Boise RWF, ID",Idaho,MU,RNA+DNA,raw_wastewater_composite
SAMN54703761,SRR36876962,2025-11-24,"Boise RWF, ID",Idaho,MU,RNA+DNA,raw_wastewater_composite
SAMN54703762,SRR36876963,2025-12-01,"Boise RWF, ID",Idaho,MU,RNA+DNA,raw_wastewater_composite
SAMN54703763,SRR36876964,2025-12-08,"Boise RWF, ID",Idaho,MU,RNA+DNA,raw_wastewater_composite
SAMN55039079,SRR37092419,2025-12-15,"Boise RWF, ID",Idaho,MU,RNA+DNA,raw_wastewater_composite
SAMN55039080,SRR37092420,2025-12-22,"Boise RWF, ID",Idaho,MU,RNA+DNA,raw_wastewater_composite
SAMN55039081,SRR37092418,2025-12-29,"Boise RWF, ID",Idaho,MU,RNA+DNA,raw_wastewater_composite
SAMN57413862,SRR38294698,2026-01-05,"Boise RWF, ID",Idaho,MU,RNA+DNA,raw_wastewater_composite
SAMN57413863,SRR38294697,2026-01-12,"Boise RWF, ID",Idaho,MU,RNA+DNA,raw_wastewater_composite
SAMN57413864,SRR38294696,2026-01-19,"Boise RWF, ID",Idaho,MU,RNA+DNA,raw_wastewater_composite
SAMN57413865,SRR38294694,2026-01-26,"Boise RWF, ID",Idaho,MU,RNA+DNA,raw_wastewater_composite
SAMN57413866,SRR38294692,2026-02-02,"Boise RWF, ID",Idaho,MU,RNA+DNA,raw_wastewater_composite
SAMN57413867,SRR38294693,2026-02-09,"Boise RWF, ID",Idaho,MU,RNA+DNA,raw_wastewater_composite
SAMN57413868,SRR38294690,2026-02-16,"Boise RWF, ID",Idaho,MU,RNA+DNA,raw_wastewater_composite
SAMN57413869,SRR38294761,2026-02-23,"Boise RWF, ID",Idaho,MU,RNA+DNA,raw_wastewater_composite
SAMN57413870,SRR38294760,2026-03-02,"Boise RWF, ID",Idaho,MU,RNA+DNA,raw_wastewater_composite
SAMN57413872,SRR38294759,2026-03-16,"Boise RWF, ID",Idaho,MU,RNA+DNA,raw_wastewater_composite
SAMN57413873,SRR38294757,2026-03-23,"Boise RWF, ID",Idaho,MU,RNA+DNA,raw_wastewater_composite
SAMN57413874,SRR38294756,2026-03-30,"Boise RWF, ID",Idaho,MU,RNA+DNA,raw_wastewater_composite
SAMN61656811,SRR39695313,2026-04-06,"Boise RWF, ID",Idaho,MU,RNA+DNA,raw_wastewater_composite
SAMN61656812,SRR39695312,2026-04-13,"Boise RWF, ID",Idaho,MU,RNA+DNA,raw_wastewater_composite
SAMN61656813,SRR39695089,2026-04-20,"Boise RWF, ID",Idaho,MU,RNA+DNA,raw_wastewater_composite
SAMN61656814,SRR39695088,2026-04-27,"Boise RWF, ID",Idaho,MU,RNA+DNA,raw_wastewater_composite
SAMN61656815,SRR39695086,2026-05-04,"Boise RWF, ID",Idaho,MU,RNA+DNA,raw_wastewater_composite
SAMN61656816,SRR39695084,2026-05-11,"Boise RWF, ID",Idaho,MU,RNA+DNA,raw_wastewater_composite
SAMN61656817,SRR39695085,2026-05-18,"Boise RWF, ID",Idaho,MU,RNA+DNA,raw_wastewater_composite
SAMN61656818,SRR39695083,2026-06-01,"Boise RWF, ID",Idaho,MU,RNA+DNA,raw_wastewater_composite
SAMN61656819,SRR39695082,2026-06-08,"Boise RWF, ID",Idaho,MU,RNA+DNA,raw_wastewater_composite
SAMN61656820,SRR39695081,2026-06-15,"Boise RWF, ID",Idaho,MU,RNA+DNA,raw_wastewater_composite
SAMN61656821,SRR39695080,2026-06-22,"Boise RWF, ID",Idaho,MU,RNA+DNA,raw_wastewater_composite
SAMN61656822,SRR39695079,2026-06-29,"Boise RWF, ID",Idaho,MU,RNA+DNA,raw_wastewater_composite
SAMN47830421,SRR33038201,2024-03-20,"Boston DITP North, MA",Massachusetts,MU,RNA+DNA,raw_wastewater_composite
SAMN47830426,SRR33038119,2024-09-11,"Boston DITP North, MA",Massachusetts,MU,RNA+DNA,raw_wastewater_composite
SAMN47830434,SRR33038094,2024-09-23,"Boston DITP North, MA",Massachusetts,MU,RNA+DNA,raw_wastewater_composite
SAMN47830438,SRR33038086,2024-10-02,"Boston DITP North, MA",Massachusetts,MU,RNA+DNA,raw_wastewater_composite
SAMN47830448,SRR33038011,2024-10-16,"Boston DITP North, MA",Massachusetts,MU,RNA+DNA,raw_wastewater_composite
SAMN47830453,SRR33038129,2024-10-22,"Boston DITP North, MA",Massachusetts,MU,RNA+DNA,raw_wastewater_composite
SAMN47830465,SRR33038003,2024-11-06,"Boston DITP North, MA",Massachusetts,MU,RNA+DNA,raw_wastewater_composite
SAMN47830471,SRR33038118,2024-11-13,"Boston DITP North, MA",Massachusetts,MU,RNA+DNA,raw_wastewater_composite
SAMN47830478,SRR33037999,2024-11-19,"Boston DITP North, MA",Massachusetts,MU,RNA+DNA,raw_wastewater_composite
SAMN47830485,SRR33038075,2024-11-27,"Boston DITP North, MA",Massachusetts,MU,RNA+DNA,raw_wastewater_composite
SAMN47830497,SRR33038205;SRR33038206,2024-12-11,"Boston DITP North, MA",Massachusetts,MU,RNA+DNA,raw_wastewater_composite
SAMN47830505,SRR33038110;SRR33038111,2024-12-18,"Boston DITP North, MA",Massachusetts,MU,RNA+DNA,raw_wastewater_composite
SAMN47830512,SRR33038098;SRR33038099,2024-12-26,"Boston DITP North, MA",Massachusetts,MU,RNA+DNA,raw_wastewater_composite
SAMN47830520,SRR33038178;SRR33038180,2025-01-02,"Boston DITP North, MA",Massachusetts,MU,RNA+DNA,raw_wastewater_composite
SAMN47830528,SRR33038032;SRR33038170,2025-01-08,"Boston DITP North, MA",Massachusetts,MU,RNA+DNA,raw_wastewater_composite
SAMN47830536,SRR33038089,2025-01-15,"Boston DITP North, MA",Massachusetts,MU,RNA+DNA,raw_wastewater_composite
SAMN47830543,SRR33038035,2025-01-22,"Boston DITP North, MA",Massachusetts,MU,RNA+DNA,raw_wastewater_composite
SAMN47830550,SRR33038093,2025-01-29,"Boston DITP North, MA",Massachusetts,MU,RNA+DNA,raw_wastewater_composite
SAMN47830558,SRR33038085,2025-02-05,"Boston DITP North, MA",Massachusetts,MU,RNA+DNA,raw_wastewater_composite
SAMN47830565,SRR33038160,2025-02-12,"Boston DITP North, MA",Massachusetts,MU,RNA+DNA,raw_wastewater_composite
SAMN47830599,SRR33038136,2025-02-12,"Boston DITP North, MA",Massachusetts,BCL,RNA,raw_wastewater_composite
SAMN47830572,SRR33038151,2025-02-19,"Boston DITP North, MA",Massachusetts,MU,RNA+DNA,raw_wastewater_composite
SAMN47830603,SRR33038100,2025-02-19,"Boston DITP North, MA",Massachusetts,BCL,RNA,raw_wastewater_composite
SAMN47830580,SRR33038024,2025-02-26,"Boston DITP North, MA",Massachusetts,MU,RNA+DNA,raw_wastewater_composite
SAMN47830605,SRR33038051,2025-02-26,"Boston DITP North, MA",Massachusetts,BCL,RNA,raw_wastewater_composite
SAMN47830588,SRR33038082,2025-03-05,"Boston DITP North, MA",Massachusetts,MU,RNA+DNA,raw_wastewater_composite
SAMN47830597,SRR33038139,2025-03-12,"Boston DITP North, MA",Massachusetts,MU,RNA+DNA,raw_wastewater_composite
SAMN55014594,SRR37076062,2025-03-19,"Boston DITP North, MA",Massachusetts,MU,RNA+DNA,raw_wastewater_composite
SAMN55951744,SRR37367606,2025-03-19,"Boston DITP North, MA",Massachusetts,BCL,RNA,raw_wastewater_composite
SAMN55014595,SRR37076061,2025-03-26,"Boston DITP North, MA",Massachusetts,MU,RNA+DNA,raw_wastewater_composite
SAMN55951746,SRR37367544;SRR37367545,2025-03-26,"Boston DITP North, MA",Massachusetts,BCL,RNA,raw_wastewater_composite
SAMN55014596,SRR37076049,2025-04-02,"Boston DITP North, MA",Massachusetts,MU,RNA+DNA,raw_wastewater_composite
SAMN55951750,SRR37367540;SRR37367640,2025-04-02,"Boston DITP North, MA",Massachusetts,BCL,RNA,raw_wastewater_composite
SAMN55014597,SRR37076039,2025-04-09,"Boston DITP North, MA",Massachusetts,MU,RNA+DNA,raw_wastewater_composite
SAMN55951754,SRR37367536;SRR37367537,2025-04-09,"Boston DITP North, MA",Massachusetts,BCL,RNA,raw_wastewater_composite
SAMN55014598,SRR37076033,2025-04-23,"Boston DITP North, MA",Massachusetts,MU,RNA+DNA,raw_wastewater_composite
SAMN55951600,SRR37367529;SRR37367671;SRR37367672,2025-04-23,"Boston DITP North, MA",Massachusetts,BCL,RNA,raw_wastewater_composite
SAMN55014599,SRR37076034,2025-04-30,"Boston DITP North, MA",Massachusetts,MU,RNA+DNA,raw_wastewater_composite
SAMN55951604,SRR37367586,2025-04-30,"Boston DITP North, MA",Massachusetts,BCL,RNA,raw_wastewater_composite
SAMN55014600,SRR37076035,2025-05-07,"Boston DITP North, MA",Massachusetts,MU,RNA+DNA,raw_wastewater_composite
SAMN55951606,SRR37367551,2025-05-07,"Boston DITP North, MA",Massachusetts,BCL,RNA,raw_wastewater_composite
SAMN55014601,SRR37076036,2025-05-14,"Boston DITP North, MA",Massachusetts,MU,RNA+DNA,raw_wastewater_composite
SAMN55951608,SRR37367670,2025-05-14,"Boston DITP North, MA",Massachusetts,BCL,RNA,raw_wastewater_composite
SAMN55014602,SRR37076037,2025-05-21,"Boston DITP North, MA",Massachusetts,MU,RNA+DNA,raw_wastewater_composite
SAMN55951610,SRR37367619,2025-05-21,"Boston DITP North, MA",Massachusetts,BCL,RNA,raw_wastewater_composite
SAMN55014603,SRR37076038,2025-05-28,"Boston DITP North, MA",Massachusetts,MU,RNA+DNA,raw_wastewater_composite
SAMN55951612,SRR37367576,2025-05-28,"Boston DITP North, MA",Massachusetts,BCL,RNA,raw_wastewater_composite
SAMN55014604,SRR37076059,2025-06-04,"Boston DITP North, MA",Massachusetts,MU,RNA+DNA,raw_wastewater_composite
SAMN55951614,SRR37367534,2025-06-04,"Boston DITP North, MA",Massachusetts,BCL,RNA,raw_wastewater_composite
SAMN55014605,SRR37076060,2025-06-11,"Boston DITP North, MA",Massachusetts,MU,RNA+DNA,raw_wastewater_composite
SAMN55951616,SRR37367532,2025-06-11,"Boston DITP North, MA",Massachusetts,BCL,RNA,raw_wastewater_composite
SAMN55014606,SRR37076058,2025-06-18,"Boston DITP North, MA",Massachusetts,MU,RNA+DNA,raw_wastewater_composite
SAMN55951618,SRR37367652,2025-06-18,"Boston DITP North, MA",Massachusetts,BCL,RNA,raw_wastewater_composite
SAMN55014607,SRR37076057,2025-06-25,"Boston DITP North, MA",Massachusetts,MU,RNA+DNA,raw_wastewater_composite
SAMN55951620,SRR37367650,2025-06-25,"Boston DITP North, MA",Massachusetts,BCL,RNA,raw_wastewater_composite
SAMN55014608,SRR37076056,2025-07-02,"Boston DITP North, MA",Massachusetts,MU,RNA+DNA,raw_wastewater_composite
SAMN55951622,SRR37367648,2025-07-02,"Boston DITP North, MA",Massachusetts,BCL,RNA,raw_wastewater_composite
SAMN54984654,SRR37059701;SRR37367552,2025-07-09,"Boston DITP North, MA",Massachusetts,MU,RNA+DNA,raw_wastewater_composite
SAMN55951624,SRR37367646,2025-07-09,"Boston DITP North, MA",Massachusetts,BCL,RNA,raw_wastewater_composite
SAMN54984655,SRR37059702;SRR37367550,2025-07-16,"Boston DITP North, MA",Massachusetts,MU,RNA+DNA,raw_wastewater_composite
SAMN55951626,SRR37367644,2025-07-16,"Boston DITP North, MA",Massachusetts,BCL,RNA,raw_wastewater_composite
SAMN54984656,SRR37059703;SRR37367549,2025-07-23,"Boston DITP North, MA",Massachusetts,MU,RNA+DNA,raw_wastewater_composite
SAMN55951628,SRR37367639,2025-07-23,"Boston DITP North, MA",Massachusetts,BCL,RNA,raw_wastewater_composite
SAMN54984657,SRR37059721;SRR37367530,2025-07-30,"Boston DITP North, MA",Massachusetts,MU,RNA+DNA,raw_wastewater_composite
SAMN55951630,SRR37367637,2025-07-30,"Boston DITP North, MA",Massachusetts,BCL,RNA,raw_wastewater_composite
SAMN54984658,SRR37059723;SRR37367528,2025-08-06,"Boston DITP North, MA",Massachusetts,MU,RNA+DNA,raw_wastewater_composite
SAMN55951632,SRR37367635,2025-08-06,"Boston DITP North, MA",Massachusetts,BCL,RNA,raw_wastewater_composite
SAMN54984659,SRR37059724;SRR37367527,2025-08-13,"Boston DITP North, MA",Massachusetts,MU,RNA+DNA,raw_wastewater_composite
SAMN55951634,SRR37367633,2025-08-13,"Boston DITP North, MA",Massachusetts,BCL,RNA,raw_wastewater_composite
SAMN54984660,SRR37059725;SRR37367526,2025-08-20,"Boston DITP North, MA",Massachusetts,MU,RNA+DNA,raw_wastewater_composite
SAMN55951636,SRR37367631,2025-08-20,"Boston DITP North, MA",Massachusetts,BCL,RNA,raw_wastewater_composite
SAMN54984661,SRR37059726;SRR37367525,2025-08-27,"Boston DITP North, MA",Massachusetts,MU,RNA+DNA,raw_wastewater_composite
SAMN55951638,SRR37367605,2025-08-27,"Boston DITP North, MA",Massachusetts,BCL,RNA,raw_wastewater_composite
SAMN54984662,SRR37059727;SRR37367524,2025-09-03,"Boston DITP North, MA",Massachusetts,MU,RNA+DNA,raw_wastewater_composite
SAMN55951640,SRR37367603,2025-09-03,"Boston DITP North, MA",Massachusetts,BCL,RNA,raw_wastewater_composite
SAMN54984663,SRR37059728;SRR37367523,2025-09-10,"Boston DITP North, MA",Massachusetts,MU,RNA+DNA,raw_wastewater_composite
SAMN55951642,SRR37367601,2025-09-10,"Boston DITP North, MA",Massachusetts,BCL,RNA,raw_wastewater_composite
SAMN54984664,SRR37059690;SRR37367522,2025-09-17,"Boston DITP North, MA",Massachusetts,MU,RNA+DNA,raw_wastewater_composite
SAMN55951644,SRR37367599,2025-09-17,"Boston DITP North, MA",Massachusetts,BCL,RNA,raw_wastewater_composite
SAMN54984665,SRR37059691;SRR37367625,2025-09-24,"Boston DITP North, MA",Massachusetts,MU,RNA+DNA,raw_wastewater_composite
SAMN55951646,SRR37367597,2025-09-24,"Boston DITP North, MA",Massachusetts,BCL,RNA,raw_wastewater_composite
SAMN54984666,SRR37059710;SRR37367623,2025-10-01,"Boston DITP North, MA",Massachusetts,MU,RNA+DNA,raw_wastewater_composite
SAMN55951648,SRR37367561,2025-10-01,"Boston DITP North, MA",Massachusetts,BCL,RNA,raw_wastewater_composite
SAMN54984667,SRR37059709;SRR37367518,2025-10-08,"Boston DITP North, MA",Massachusetts,MU,RNA+DNA,raw_wastewater_composite
SAMN55951650,SRR37367594,2025-10-08,"Boston DITP North, MA",Massachusetts,BCL,RNA,raw_wastewater_composite
SAMN54984668,SRR37059708;SRR37367517,2025-10-15,"Boston DITP North, MA",Massachusetts,MU,RNA+DNA,raw_wastewater_composite
SAMN55951652,SRR37367592,2025-10-15,"Boston DITP North, MA",Massachusetts,BCL,RNA,raw_wastewater_composite
SAMN54984699,SRR37059990;SRR37367516,2025-10-22,"Boston DITP North, MA",Massachusetts,MU,RNA+DNA,raw_wastewater_composite
SAMN55951654,SRR37367590,2025-10-22,"Boston DITP North, MA",Massachusetts,BCL,RNA,raw_wastewater_composite
SAMN54984700,SRR37059979;SRR37367515,2025-10-29,"Boston DITP North, MA",Massachusetts,MU,RNA+DNA,raw_wastewater_composite
SAMN55951656,SRR37367588,2025-10-29,"Boston DITP North, MA",Massachusetts,BCL,RNA,raw_wastewater_composite
SAMN54984701,SRR37059980;SRR37367514,2025-11-05,"Boston DITP North, MA",Massachusetts,MU,RNA+DNA,raw_wastewater_composite
SAMN55951658,SRR37367585,2025-11-05,"Boston DITP North, MA",Massachusetts,BCL,RNA,raw_wastewater_composite
SAMN54984702,SRR37059981;SRR37367513,2025-11-12,"Boston DITP North, MA",Massachusetts,MU,RNA+DNA,raw_wastewater_composite
SAMN54984703,SRR37059991;SRR37367629,2025-11-19,"Boston DITP North, MA",Massachusetts,MU,RNA+DNA,raw_wastewater_composite
SAMN55951663,SRR37367567,2025-11-19,"Boston DITP North, MA",Massachusetts,BCL,RNA,raw_wastewater_composite
SAMN54984704,SRR37059992;SRR37367627,2025-11-26,"Boston DITP North, MA",Massachusetts,MU,RNA+DNA,raw_wastewater_composite
SAMN55951665,SRR37367565,2025-11-26,"Boston DITP North, MA",Massachusetts,BCL,RNA,raw_wastewater_composite
SAMN54984705,SRR37059993;SRR37367669,2025-12-03,"Boston DITP North, MA",Massachusetts,MU,RNA+DNA,raw_wastewater_composite
SAMN55951667,SRR37367563,2025-12-03,"Boston DITP North, MA",Massachusetts,BCL,RNA,raw_wastewater_composite
SAMN54984706,SRR37059994;SRR37367668,2025-12-10,"Boston DITP North, MA",Massachusetts,MU,RNA+DNA,raw_wastewater_composite
SAMN55951669,SRR37367519,2025-12-10,"Boston DITP North, MA",Massachusetts,BCL,RNA,raw_wastewater_composite
SAMN55951671,SRR37367558,2025-12-17,"Boston DITP North, MA",Massachusetts,BCL,RNA,raw_wastewater_composite
SAMN55951700,SRR37367667,2025-12-17,"Boston DITP North, MA",Massachusetts,MU,RNA+DNA,raw_wastewater_composite
SAMN55951673,SRR37367556,2025-12-23,"Boston DITP North, MA",Massachusetts,BCL,RNA,raw_wastewater_composite
SAMN55951701,SRR37367666,2025-12-23,"Boston DITP North, MA",Massachusetts,MU,RNA+DNA,raw_wastewater_composite
SAMN55951675,SRR37367554,2025-12-30,"Boston DITP North, MA",Massachusetts,BCL,RNA,raw_wastewater_composite
SAMN55951702,SRR37367665,2025-12-30,"Boston DITP North, MA",Massachusetts,MU,RNA+DNA,raw_wastewater_composite
SAMN57413689,SRR38294924,2026-01-07,"Boston DITP North, MA",Massachusetts,BCL,RNA,raw_wastewater_composite
SAMN57413875,SRR38294944,2026-01-07,"Boston DITP North, MA",Massachusetts,MU,RNA+DNA,raw_wastewater_composite
SAMN57413692,SRR38294667,2026-01-14,"Boston DITP North, MA",Massachusetts,BCL,RNA,raw_wastewater_composite
SAMN57413876,SRR38294754,2026-01-14,"Boston DITP North, MA",Massachusetts,MU,RNA+DNA,raw_wastewater_composite
SAMN57413697,SRR38294731,2026-01-21,"Boston DITP North, MA",Massachusetts,BCL,RNA,raw_wastewater_composite
SAMN57413877,SRR38294649,2026-01-21,"Boston DITP North, MA",Massachusetts,MU,RNA+DNA,raw_wastewater_composite
SAMN57413702,SRR38294941,2026-01-28,"Boston DITP North, MA",Massachusetts,BCL,RNA,raw_wastewater_composite
SAMN57413878,SRR38294647,2026-01-28,"Boston DITP North, MA",Massachusetts,MU,RNA+DNA,raw_wastewater_composite
SAMN57413707,SRR38294639,2026-02-04,"Boston DITP North, MA",Massachusetts,BCL,RNA,raw_wastewater_composite
SAMN57413879,SRR38294646,2026-02-04,"Boston DITP North, MA",Massachusetts,MU,RNA+DNA,raw_wastewater_composite
SAMN57413709,SRR38294616,2026-02-11,"Boston DITP North, MA",Massachusetts,BCL,RNA,raw_wastewater_composite
SAMN57413880,SRR38294751,2026-02-11,"Boston DITP North, MA",Massachusetts,MU,RNA+DNA,raw_wastewater_composite
SAMN57413713,SRR38294875,2026-02-18,"Boston DITP North, MA",Massachusetts,BCL,RNA,raw_wastewater_composite
SAMN57413881,SRR38294752,2026-02-19,"Boston DITP North, MA",Massachusetts,MU,RNA+DNA,raw_wastewater_composite
SAMN57413718,SRR38294909,2026-02-25,"Boston DITP North, MA",Massachusetts,BCL,RNA,raw_wastewater_composite
SAMN57413882,SRR38294750,2026-02-25,"Boston DITP North, MA",Massachusetts,MU,RNA+DNA,raw_wastewater_composite
SAMN57413721,SRR38294896,2026-03-04,"Boston DITP North, MA",Massachusetts,BCL,RNA,raw_wastewater_composite
SAMN57413883,SRR38294748,2026-03-04,"Boston DITP North, MA",Massachusetts,MU,RNA+DNA,raw_wastewater_composite
SAMN61656592,SRR39695128,2026-03-11,"Boston DITP North, MA",Massachusetts,BCL,RNA,raw_wastewater_composite
SAMN57413885,SRR38294688,2026-03-18,"Boston DITP North, MA",Massachusetts,MU,RNA+DNA,raw_wastewater_composite
SAMN61656595,SRR39695074,2026-03-18,"Boston DITP North, MA",Massachusetts,BCL,RNA,raw_wastewater_composite
SAMN57413886,SRR38294686,2026-03-25,"Boston DITP North, MA",Massachusetts,MU,RNA+DNA,raw_wastewater_composite
SAMN61656600,SRR39695330,2026-04-01,"Boston DITP North, MA",Massachusetts,BCL,RNA,raw_wastewater_composite
SAMN61656823,SRR39695229,2026-04-01,"Boston DITP North, MA",Massachusetts,MU,RNA+DNA,raw_wastewater_composite
SAMN61656605,SRR39695046,2026-04-08,"Boston DITP North, MA",Massachusetts,BCL,RNA,raw_wastewater_composite
SAMN61656824,SRR39695378,2026-04-08,"Boston DITP North, MA",Massachusetts,MU,RNA+DNA,raw_wastewater_composite
SAMN61656610,SRR39695310,2026-04-14,"Boston DITP North, MA",Massachusetts,BCL,RNA,raw_wastewater_composite
SAMN61656825,SRR39695376,2026-04-14,"Boston DITP North, MA",Massachusetts,MU,RNA+DNA,raw_wastewater_composite
SAMN61656613,SRR39695202,2026-04-22,"Boston DITP North, MA",Massachusetts,BCL,RNA,raw_wastewater_composite
SAMN61656826,SRR39695375,2026-04-22,"Boston DITP North, MA",Massachusetts,MU,RNA+DNA,raw_wastewater_composite
SAMN61656615,SRR39695192,2026-04-29,"Boston DITP North, MA",Massachusetts,BCL,RNA,raw_wastewater_composite
SAMN61656827,SRR39695374,2026-04-29,"Boston DITP North, MA",Massachusetts,MU,RNA+DNA,raw_wastewater_composite
SAMN61656828,SRR39695372,2026-05-06,"Boston DITP North, MA",Massachusetts,MU,RNA+DNA,raw_wastewater_composite
SAMN61656622,SRR39694996,2026-05-13,"Boston DITP North, MA",Massachusetts,BCL,RNA,raw_wastewater_composite
SAMN61656829,SRR39695314,2026-05-13,"Boston DITP North, MA",Massachusetts,MU,RNA+DNA,raw_wastewater_composite
SAMN61656626,SRR39695266,2026-05-20,"Boston DITP North, MA",Massachusetts,BCL,RNA,raw_wastewater_composite
SAMN61656830,SRR39695028,2026-05-20,"Boston DITP North, MA",Massachusetts,MU,RNA+DNA,raw_wastewater_composite
SAMN61656631,SRR39695251,2026-05-27,"Boston DITP North, MA",Massachusetts,BCL,RNA,raw_wastewater_composite
SAMN61656831,SRR39695029,2026-05-27,"Boston DITP North, MA",Massachusetts,MU,RNA+DNA,raw_wastewater_composite
SAMN61656636,SRR39694964,2026-06-02,"Boston DITP North, MA",Massachusetts,BCL,RNA,raw_wastewater_composite
SAMN61656832,SRR39695027,2026-06-03,"Boston DITP North, MA",Massachusetts,MU,RNA+DNA,raw_wastewater_composite
SAMN61656641,SRR39695143,2026-06-10,"Boston DITP North, MA",Massachusetts,BCL,RNA,raw_wastewater_composite
SAMN61656833,SRR39695026,2026-06-10,"Boston DITP North, MA",Massachusetts,MU,RNA+DNA,raw_wastewater_composite
SAMN61656648,SRR39695135,2026-06-17,"Boston DITP North, MA",Massachusetts,BCL,RNA,raw_wastewater_composite
SAMN61656834,SRR39695311,2026-06-17,"Boston DITP North, MA",Massachusetts,MU,RNA+DNA,raw_wastewater_composite
SAMN61656654,SRR39695129,2026-06-22,"Boston DITP North, MA",Massachusetts,BCL,RNA,raw_wastewater_composite
SAMN61656655,SRR39695127,2026-06-22,"Boston DITP North, MA",Massachusetts,BCL,RNA,raw_wastewater_composite
SAMN61656835,SRR39695309,2026-06-22,"Boston DITP North, MA",Massachusetts,MU,RNA+DNA,raw_wastewater_composite
SAMN61656836,SRR39695307,2026-06-29,"Boston DITP North, MA",Massachusetts,MU,RNA+DNA,raw_wastewater_composite
SAMN47830422,SRR33038191,2024-03-20,"Boston DITP South, MA",Massachusetts,MU,RNA+DNA,raw_wastewater_composite
SAMN47830427,SRR33038215,2024-09-11,"Boston DITP South, MA",Massachusetts,MU,RNA+DNA,raw_wastewater_composite
SAMN47830435,SRR33038031,2024-09-23,"Boston DITP South, MA",Massachusetts,MU,RNA+DNA,raw_wastewater_composite
SAMN47830439,SRR33038157,2024-10-02,"Boston DITP South, MA",Massachusetts,MU,RNA+DNA,raw_wastewater_composite
SAMN47830449,SRR33038010,2024-10-16,"Boston DITP South, MA",Massachusetts,MU,RNA+DNA,raw_wastewater_composite
SAMN47830454,SRR33038128,2024-10-22,"Boston DITP South, MA",Massachusetts,MU,RNA+DNA,raw_wastewater_composite
SAMN47830466,SRR33038071,2024-11-06,"Boston DITP South, MA",Massachusetts,MU,RNA+DNA,raw_wastewater_composite
SAMN47830472,SRR33038117,2024-11-13,"Boston DITP South, MA",Massachusetts,MU,RNA+DNA,raw_wastewater_composite
SAMN47830479,SRR33038202,2024-11-19,"Boston DITP South, MA",Massachusetts,MU,RNA+DNA,raw_wastewater_composite
SAMN47830486,SRR33038074,2024-11-27,"Boston DITP South, MA",Massachusetts,MU,RNA+DNA,raw_wastewater_composite
SAMN47830498,SRR33038203;SRR33038204,2024-12-11,"Boston DITP South, MA",Massachusetts,MU,RNA+DNA,raw_wastewater_composite
SAMN47830506,SRR33038108;SRR33038109,2024-12-18,"Boston DITP South, MA",Massachusetts,MU,RNA+DNA,raw_wastewater_composite
SAMN47830513,SRR33038101;SRR33038104,2024-12-26,"Boston DITP South, MA",Massachusetts,MU,RNA+DNA,raw_wastewater_composite
SAMN47830521,SRR33038095;SRR33038096,2025-01-02,"Boston DITP South, MA",Massachusetts,MU,RNA+DNA,raw_wastewater_composite
SAMN47830529,SRR33038168;SRR33038169,2025-01-08,"Boston DITP South, MA",Massachusetts,MU,RNA+DNA,raw_wastewater_composite
SAMN47830537,SRR33038043,2025-01-15,"Boston DITP South, MA",Massachusetts,MU,RNA+DNA,raw_wastewater_composite
SAMN47830544,SRR33038034,2025-01-22,"Boston DITP South, MA",Massachusetts,MU,RNA+DNA,raw_wastewater_composite
SAMN47830551,SRR33038091,2025-01-29,"Boston DITP South, MA",Massachusetts,MU,RNA+DNA,raw_wastewater_composite
SAMN47830559,SRR33038166,2025-02-05,"Boston DITP South, MA",Massachusetts,MU,RNA+DNA,raw_wastewater_composite
SAMN47830566,SRR33038159,2025-02-12,"Boston DITP South, MA",Massachusetts,MU,RNA+DNA,raw_wastewater_composite
SAMN47830601,SRR33038179,2025-02-12,"Boston DITP South, MA",Massachusetts,BCL,RNA,raw_wastewater_composite
SAMN47830573,SRR33038150,2025-02-19,"Boston DITP South, MA",Massachusetts,MU,RNA+DNA,raw_wastewater_composite
SAMN47830604,SRR33038080,2025-02-19,"Boston DITP South, MA",Massachusetts,BCL,RNA,raw_wastewater_composite
SAMN47830581,SRR33038023,2025-02-26,"Boston DITP South, MA",Massachusetts,MU,RNA+DNA,raw_wastewater_composite
SAMN47830606,SRR33038029,2025-02-26,"Boston DITP South, MA",Massachusetts,BCL,RNA,raw_wastewater_composite
SAMN47830589,SRR33038081,2025-03-05,"Boston DITP South, MA",Massachusetts,MU,RNA+DNA,raw_wastewater_composite
SAMN47830598,SRR33038137,2025-03-12,"Boston DITP South, MA",Massachusetts,MU,RNA+DNA,raw_wastewater_composite
SAMN55014609,SRR37076054,2025-03-19,"Boston DITP South, MA",Massachusetts,MU,RNA+DNA,raw_wastewater_composite
SAMN55951745,SRR37367607,2025-03-19,"Boston DITP South, MA",Massachusetts,BCL,RNA,raw_wastewater_composite
SAMN55014610,SRR37076055,2025-03-26,"Boston DITP South, MA",Massachusetts,MU,RNA+DNA,raw_wastewater_composite
SAMN55951748,SRR37367641;SRR37367642,2025-03-26,"Boston DITP South, MA",Massachusetts,BCL,RNA,raw_wastewater_composite
SAMN55014611,SRR37076053,2025-04-02,"Boston DITP South, MA",Massachusetts,MU,RNA+DNA,raw_wastewater_composite
SAMN55951752,SRR37367538;SRR37367539,2025-04-02,"Boston DITP South, MA",Massachusetts,BCL,RNA,raw_wastewater_composite
SAMN55014612,SRR37076052,2025-04-09,"Boston DITP South, MA",Massachusetts,MU,RNA+DNA,raw_wastewater_composite
SAMN55951756,SRR37367535;SRR37367579,2025-04-09,"Boston DITP South, MA",Massachusetts,BCL,RNA,raw_wastewater_composite
SAMN55014613,SRR37076051,2025-04-23,"Boston DITP South, MA",Massachusetts,MU,RNA+DNA,raw_wastewater_composite
SAMN55951602,SRR37367562;SRR37367595;SRR37367628,2025-04-23,"Boston DITP South, MA",Massachusetts,BCL,RNA,raw_wastewater_composite
SAMN55014614,SRR37076050,2025-04-30,"Boston DITP South, MA",Massachusetts,MU,RNA+DNA,raw_wastewater_composite
SAMN55951605,SRR37367521,2025-04-30,"Boston DITP South, MA",Massachusetts,BCL,RNA,raw_wastewater_composite
SAMN55014615,SRR37076048,2025-05-07,"Boston DITP South, MA",Massachusetts,MU,RNA+DNA,raw_wastewater_composite
SAMN55951607,SRR37367626,2025-05-07,"Boston DITP South, MA",Massachusetts,BCL,RNA,raw_wastewater_composite
SAMN55014616,SRR37076047,2025-05-14,"Boston DITP South, MA",Massachusetts,MU,RNA+DNA,raw_wastewater_composite
SAMN55951609,SRR37367659,2025-05-14,"Boston DITP South, MA",Massachusetts,BCL,RNA,raw_wastewater_composite
SAMN55014617,SRR37076046,2025-05-21,"Boston DITP South, MA",Massachusetts,MU,RNA+DNA,raw_wastewater_composite
SAMN55951611,SRR37367611,2025-05-21,"Boston DITP South, MA",Massachusetts,BCL,RNA,raw_wastewater_composite
SAMN55014618,SRR37076045,2025-05-28,"Boston DITP South, MA",Massachusetts,MU,RNA+DNA,raw_wastewater_composite
SAMN55951613,SRR37367543,2025-05-28,"Boston DITP South, MA",Massachusetts,BCL,RNA,raw_wastewater_composite
SAMN55014619,SRR37076044,2025-06-04,"Boston DITP South, MA",Massachusetts,MU,RNA+DNA,raw_wastewater_composite
SAMN55951615,SRR37367533,2025-06-04,"Boston DITP South, MA",Massachusetts,BCL,RNA,raw_wastewater_composite
SAMN55014620,SRR37076043,2025-06-11,"Boston DITP South, MA",Massachusetts,MU,RNA+DNA,raw_wastewater_composite
SAMN55951617,SRR37367531,2025-06-11,"Boston DITP South, MA",Massachusetts,BCL,RNA,raw_wastewater_composite
SAMN55014621,SRR37076042,2025-06-18,"Boston DITP South, MA",Massachusetts,MU,RNA+DNA,raw_wastewater_composite
SAMN55951619,SRR37367651,2025-06-18,"Boston DITP South, MA",Massachusetts,BCL,RNA,raw_wastewater_composite
SAMN55014622,SRR37076041,2025-06-25,"Boston DITP South, MA",Massachusetts,MU,RNA+DNA,raw_wastewater_composite
SAMN55951621,SRR37367649,2025-06-25,"Boston DITP South, MA",Massachusetts,BCL,RNA,raw_wastewater_composite
SAMN55014623,SRR37076040,2025-07-02,"Boston DITP South, MA",Massachusetts,MU,RNA+DNA,raw_wastewater_composite
SAMN55951623,SRR37367647,2025-07-02,"Boston DITP South, MA",Massachusetts,BCL,RNA,raw_wastewater_composite
SAMN54984669,SRR37059688;SRR37367664,2025-07-09,"Boston DITP South, MA",Massachusetts,MU,RNA+DNA,raw_wastewater_composite
SAMN55951625,SRR37367645,2025-07-09,"Boston DITP South, MA",Massachusetts,BCL,RNA,raw_wastewater_composite
SAMN54984670,SRR37059687;SRR37367663,2025-07-16,"Boston DITP South, MA",Massachusetts,MU,RNA+DNA,raw_wastewater_composite
SAMN55951627,SRR37367643,2025-07-16,"Boston DITP South, MA",Massachusetts,BCL,RNA,raw_wastewater_composite
SAMN54984671,SRR37059686;SRR37367662,2025-07-23,"Boston DITP South, MA",Massachusetts,MU,RNA+DNA,raw_wastewater_composite
SAMN55951629,SRR37367638,2025-07-23,"Boston DITP South, MA",Massachusetts,BCL,RNA,raw_wastewater_composite
SAMN54984672,SRR37059685;SRR37367661,2025-07-30,"Boston DITP South, MA",Massachusetts,MU,RNA+DNA,raw_wastewater_composite
SAMN55951631,SRR37367636,2025-07-30,"Boston DITP South, MA",Massachusetts,BCL,RNA,raw_wastewater_composite
SAMN54984673,SRR37059684;SRR37367660,2025-08-06,"Boston DITP South, MA",Massachusetts,MU,RNA+DNA,raw_wastewater_composite
SAMN55951633,SRR37367634,2025-08-06,"Boston DITP South, MA",Massachusetts,BCL,RNA,raw_wastewater_composite
SAMN54984674,SRR37059720;SRR37367658,2025-08-13,"Boston DITP South, MA",Massachusetts,MU,RNA+DNA,raw_wastewater_composite
SAMN55951635,SRR37367632,2025-08-13,"Boston DITP South, MA",Massachusetts,BCL,RNA,raw_wastewater_composite
SAMN54984675,SRR37059719;SRR37367657,2025-08-20,"Boston DITP South, MA",Massachusetts,MU,RNA+DNA,raw_wastewater_composite
SAMN55951637,SRR37367630,2025-08-20,"Boston DITP South, MA",Massachusetts,BCL,RNA,raw_wastewater_composite
SAMN54984676,SRR37059718;SRR37367656,2025-08-27,"Boston DITP South, MA",Massachusetts,MU,RNA+DNA,raw_wastewater_composite
SAMN55951639,SRR37367604,2025-08-27,"Boston DITP South, MA",Massachusetts,BCL,RNA,raw_wastewater_composite
SAMN54984677,SRR37059717;SRR37367655,2025-09-03,"Boston DITP South, MA",Massachusetts,MU,RNA+DNA,raw_wastewater_composite
SAMN55951641,SRR37367602,2025-09-03,"Boston DITP South, MA",Massachusetts,BCL,RNA,raw_wastewater_composite
SAMN54984678,SRR37059716;SRR37367654,2025-09-10,"Boston DITP South, MA",Massachusetts,MU,RNA+DNA,raw_wastewater_composite
SAMN55951643,SRR37367600,2025-09-10,"Boston DITP South, MA",Massachusetts,BCL,RNA,raw_wastewater_composite
SAMN54984679,SRR37059715;SRR37367653,2025-09-17,"Boston DITP South, MA",Massachusetts,MU,RNA+DNA,raw_wastewater_composite
SAMN55951645,SRR37367598,2025-09-17,"Boston DITP South, MA",Massachusetts,BCL,RNA,raw_wastewater_composite
SAMN54984680,SRR37059714;SRR37367624,2025-09-24,"Boston DITP South, MA",Massachusetts,MU,RNA+DNA,raw_wastewater_composite
SAMN55951647,SRR37367596,2025-09-24,"Boston DITP South, MA",Massachusetts,BCL,RNA,raw_wastewater_composite
SAMN54984681,SRR37059713;SRR37367622,2025-10-01,"Boston DITP South, MA",Massachusetts,MU,RNA+DNA,raw_wastewater_composite
SAMN55951649,SRR37367560,2025-10-01,"Boston DITP South, MA",Massachusetts,BCL,RNA,raw_wastewater_composite
SAMN54984682,SRR37059712;SRR37367621,2025-10-08,"Boston DITP South, MA",Massachusetts,MU,RNA+DNA,raw_wastewater_composite
SAMN55951651,SRR37367593,2025-10-08,"Boston DITP South, MA",Massachusetts,BCL,RNA,raw_wastewater_composite
SAMN54984683,SRR37059711;SRR37367620,2025-10-15,"Boston DITP South, MA",Massachusetts,MU,RNA+DNA,raw_wastewater_composite
SAMN55951653,SRR37367591,2025-10-15,"Boston DITP South, MA",Massachusetts,BCL,RNA,raw_wastewater_composite
SAMN54984707,SRR37059996;SRR37367618,2025-10-22,"Boston DITP South, MA",Massachusetts,MU,RNA+DNA,raw_wastewater_composite
SAMN55951655,SRR37367589,2025-10-22,"Boston DITP South, MA",Massachusetts,BCL,RNA,raw_wastewater_composite
SAMN54984708,SRR37059997;SRR37367617,2025-10-29,"Boston DITP South, MA",Massachusetts,MU,RNA+DNA,raw_wastewater_composite
SAMN55951657,SRR37367587,2025-10-29,"Boston DITP South, MA",Massachusetts,BCL,RNA,raw_wastewater_composite
SAMN54984709,SRR37059998;SRR37367616,2025-11-05,"Boston DITP South, MA",Massachusetts,MU,RNA+DNA,raw_wastewater_composite
SAMN55951659,SRR37367584,2025-11-05,"Boston DITP South, MA",Massachusetts,BCL,RNA,raw_wastewater_composite
SAMN54984710,SRR37059999;SRR37367615,2025-11-12,"Boston DITP South, MA",Massachusetts,MU,RNA+DNA,raw_wastewater_composite
SAMN54984711,SRR37060000;SRR37367614,2025-11-19,"Boston DITP South, MA",Massachusetts,MU,RNA+DNA,raw_wastewater_composite
SAMN55951664,SRR37367566,2025-11-19,"Boston DITP South, MA",Massachusetts,BCL,RNA,raw_wastewater_composite
SAMN54984712,SRR37059982;SRR37367608,2025-11-26,"Boston DITP South, MA",Massachusetts,MU,RNA+DNA,raw_wastewater_composite
SAMN55951666,SRR37367564,2025-11-26,"Boston DITP South, MA",Massachusetts,BCL,RNA,raw_wastewater_composite
SAMN54984713,SRR37060001;SRR37367609,2025-12-03,"Boston DITP South, MA",Massachusetts,MU,RNA+DNA,raw_wastewater_composite
SAMN55951668,SRR37367520,2025-12-03,"Boston DITP South, MA",Massachusetts,BCL,RNA,raw_wastewater_composite
SAMN54984714,SRR37060002;SRR37367610,2025-12-10,"Boston DITP South, MA",Massachusetts,MU,RNA+DNA,raw_wastewater_composite
SAMN55951670,SRR37367559,2025-12-10,"Boston DITP South, MA",Massachusetts,BCL,RNA,raw_wastewater_composite
SAMN55951672,SRR37367557,2025-12-17,"Boston DITP South, MA",Massachusetts,BCL,RNA,raw_wastewater_composite
SAMN55951726,SRR37367541,2025-12-17,"Boston DITP South, MA",Massachusetts,MU,RNA+DNA,raw_wastewater_composite
SAMN55951674,SRR37367555,2025-12-23,"Boston DITP South, MA",Massachusetts,BCL,RNA,raw_wastewater_composite
SAMN55951727,SRR37367542,2025-12-23,"Boston DITP South, MA",Massachusetts,MU,RNA+DNA,raw_wastewater_composite
SAMN55951676,SRR37367553,2025-12-30,"Boston DITP South, MA",Massachusetts,BCL,RNA,raw_wastewater_composite
SAMN55951728,SRR37367612,2025-12-30,"Boston DITP South, MA",Massachusetts,MU,RNA+DNA,raw_wastewater_composite
SAMN57413690,SRR38294799,2026-01-07,"Boston DITP South, MA",Massachusetts,BCL,RNA,raw_wastewater_composite
SAMN57413887,SRR38294685,2026-01-07,"Boston DITP South, MA",Massachusetts,MU,RNA+DNA,raw_wastewater_composite
SAMN57413693,SRR38294956,2026-01-14,"Boston DITP South, MA",Massachusetts,BCL,RNA,raw_wastewater_composite
SAMN57413888,SRR38294684,2026-01-14,"Boston DITP South, MA",Massachusetts,MU,RNA+DNA,raw_wastewater_composite
SAMN57413698,SRR38294762,2026-01-21,"Boston DITP South, MA",Massachusetts,BCL,RNA,raw_wastewater_composite
SAMN57413889,SRR38294682,2026-01-21,"Boston DITP South, MA",Massachusetts,MU,RNA+DNA,raw_wastewater_composite
SAMN57413703,SRR38294695,2026-01-28,"Boston DITP South, MA",Massachusetts,BCL,RNA,raw_wastewater_composite
SAMN57413890,SRR38294683,2026-01-28,"Boston DITP South, MA",Massachusetts,MU,RNA+DNA,raw_wastewater_composite
SAMN57413708,SRR38294628,2026-02-04,"Boston DITP South, MA",Massachusetts,BCL,RNA,raw_wastewater_composite
SAMN57413891,SRR38294681,2026-02-04,"Boston DITP South, MA",Massachusetts,MU,RNA+DNA,raw_wastewater_composite
SAMN57413710,SRR38294937,2026-02-11,"Boston DITP South, MA",Massachusetts,BCL,RNA,raw_wastewater_composite
SAMN57413892,SRR38294680,2026-02-11,"Boston DITP South, MA",Massachusetts,MU,RNA+DNA,raw_wastewater_composite
SAMN57413714,SRR38294864,2026-02-18,"Boston DITP South, MA",Massachusetts,BCL,RNA,raw_wastewater_composite
SAMN57413893,SRR38294679,2026-02-19,"Boston DITP South, MA",Massachusetts,MU,RNA+DNA,raw_wastewater_composite
SAMN57413719,SRR38294839,2026-02-25,"Boston DITP South, MA",Massachusetts,BCL,RNA,raw_wastewater_composite
SAMN57413894,SRR38294677,2026-02-25,"Boston DITP South, MA",Massachusetts,MU,RNA+DNA,raw_wastewater_composite
SAMN57413722,SRR38294986,2026-03-04,"Boston DITP South, MA",Massachusetts,BCL,RNA,raw_wastewater_composite
SAMN57413895,SRR38294676,2026-03-04,"Boston DITP South, MA",Massachusetts,MU,RNA+DNA,raw_wastewater_composite
SAMN61656593,SRR39695236,2026-03-11,"Boston DITP South, MA",Massachusetts,BCL,RNA,raw_wastewater_composite
SAMN57413897,SRR38294624,2026-03-18,"Boston DITP South, MA",Massachusetts,MU,RNA+DNA,raw_wastewater_composite
SAMN61656596,SRR39694954,2026-03-18,"Boston DITP South, MA",Massachusetts,BCL,RNA,raw_wastewater_composite
SAMN57413898,SRR38294625,2026-03-25,"Boston DITP South, MA",Massachusetts,MU,RNA+DNA,raw_wastewater_composite
SAMN61656601,SRR39695060,2026-04-01,"Boston DITP South, MA",Massachusetts,BCL,RNA,raw_wastewater_composite
SAMN61656837,SRR39695308,2026-04-01,"Boston DITP South, MA",Massachusetts,MU,RNA+DNA,raw_wastewater_composite
SAMN61656606,SRR39695223,2026-04-08,"Boston DITP South, MA",Massachusetts,BCL,RNA,raw_wastewater_composite
SAMN61656838,SRR39695306,2026-04-08,"Boston DITP South, MA",Massachusetts,MU,RNA+DNA,raw_wastewater_composite
SAMN61656611,SRR39695035,2026-04-14,"Boston DITP South, MA",Massachusetts,BCL,RNA,raw_wastewater_composite
SAMN61656839,SRR39695305,2026-04-14,"Boston DITP South, MA",Massachusetts,MU,RNA+DNA,raw_wastewater_composite
SAMN61656614,SRR39695363,2026-04-22,"Boston DITP South, MA",Massachusetts,BCL,RNA,raw_wastewater_composite
SAMN61656840,SRR39695304,2026-04-22,"Boston DITP South, MA",Massachusetts,MU,RNA+DNA,raw_wastewater_composite
SAMN61656616,SRR39695296,2026-04-29,"Boston DITP South, MA",Massachusetts,BCL,RNA,raw_wastewater_composite
SAMN61656841,SRR39695302,2026-04-29,"Boston DITP South, MA",Massachusetts,MU,RNA+DNA,raw_wastewater_composite
SAMN61656842,SRR39695303,2026-05-06,"Boston DITP South, MA",Massachusetts,MU,RNA+DNA,raw_wastewater_composite
SAMN61656623,SRR39694986,2026-05-13,"Boston DITP South, MA",Massachusetts,BCL,RNA,raw_wastewater_composite
SAMN61656843,SRR39695300,2026-05-13,"Boston DITP South, MA",Massachusetts,MU,RNA+DNA,raw_wastewater_composite
SAMN61656627,SRR39695154,2026-05-20,"Boston DITP South, MA",Massachusetts,BCL,RNA,raw_wastewater_composite
SAMN61656844,SRR39695036,2026-05-20,"Boston DITP South, MA",Massachusetts,MU,RNA+DNA,raw_wastewater_composite
SAMN61656632,SRR39695249,2026-05-27,"Boston DITP South, MA",Massachusetts,BCL,RNA,raw_wastewater_composite
SAMN61656845,SRR39695034,2026-05-27,"Boston DITP South, MA",Massachusetts,MU,RNA+DNA,raw_wastewater_composite
SAMN61656637,SRR39695125,2026-06-02,"Boston DITP South, MA",Massachusetts,BCL,RNA,raw_wastewater_composite
SAMN61656846,SRR39695033,2026-06-03,"Boston DITP South, MA",Massachusetts,MU,RNA+DNA,raw_wastewater_composite
SAMN61656642,SRR39695142,2026-06-10,"Boston DITP South, MA",Massachusetts,BCL,RNA,raw_wastewater_composite
SAMN61656847,SRR39695032,2026-06-10,"Boston DITP South, MA",Massachusetts,MU,RNA+DNA,raw_wastewater_composite
SAMN61656649,SRR39695134,2026-06-17,"Boston DITP South, MA",Massachusetts,BCL,RNA,raw_wastewater_composite
SAMN61656848,SRR39695031,2026-06-17,"Boston DITP South, MA",Massachusetts,MU,RNA+DNA,raw_wastewater_composite
SAMN61656656,SRR39695126,2026-06-22,"Boston DITP South, MA",Massachusetts,BCL,RNA,raw_wastewater_composite
SAMN61656657,SRR39695387,2026-06-22,"Boston DITP South, MA",Massachusetts,BCL,RNA,raw_wastewater_composite
SAMN61656849,SRR39695030,2026-06-22,"Boston DITP South, MA",Massachusetts,MU,RNA+DNA,raw_wastewater_composite
SAMN61656850,SRR39695370,2026-06-29,"Boston DITP South, MA",Massachusetts,MU,RNA+DNA,raw_wastewater_composite
SAMN54680412,SRR36861567,2025-08-18,"Central Oklahoma (OK-A), OK",Oklahoma,MU,RNA+DNA,raw_wastewater_composite
SAMN54680413,SRR36861566,2025-08-26,"Central Oklahoma (OK-A), OK",Oklahoma,MU,RNA+DNA,raw_wastewater_composite
SAMN54680414,SRR36861555,2025-09-01,"Central Oklahoma (OK-A), OK",Oklahoma,MU,RNA+DNA,raw_wastewater_composite
SAMN54680415,SRR36861544,2025-09-09,"Central Oklahoma (OK-A), OK",Oklahoma,MU,RNA+DNA,raw_wastewater_composite
SAMN54680416,SRR36861539,2025-09-16,"Central Oklahoma (OK-A), OK",Oklahoma,MU,RNA+DNA,raw_wastewater_composite
SAMN54680417,SRR36861537,2025-09-23,"Central Oklahoma (OK-A), OK",Oklahoma,MU,RNA+DNA,raw_wastewater_composite
SAMN54680418,SRR36861538,2025-09-30,"Central Oklahoma (OK-A), OK",Oklahoma,MU,RNA+DNA,raw_wastewater_composite
SAMN54680419,SRR36861536,2025-10-07,"Central Oklahoma (OK-A), OK",Oklahoma,MU,RNA+DNA,raw_wastewater_composite
SAMN54680420,SRR36861535,2025-10-14,"Central Oklahoma (OK-A), OK",Oklahoma,MU,RNA+DNA,raw_wastewater_composite
SAMN54680421,SRR36861534,2025-10-21,"Central Oklahoma (OK-A), OK",Oklahoma,MU,RNA+DNA,raw_wastewater_composite
SAMN54680422,SRR36861565,2025-10-27,"Central Oklahoma (OK-A), OK",Oklahoma,MU,RNA+DNA,raw_wastewater_composite
SAMN54680423,SRR36861564,2025-11-04,"Central Oklahoma (OK-A), OK",Oklahoma,MU,RNA+DNA,raw_wastewater_composite
SAMN54680424,SRR36861563,2025-11-11,"Central Oklahoma (OK-A), OK",Oklahoma,MU,RNA+DNA,raw_wastewater_composite
SAMN54680425,SRR36861561,2025-11-18,"Central Oklahoma (OK-A), OK",Oklahoma,MU,RNA+DNA,raw_wastewater_composite
SAMN54680426,SRR36861562,2025-11-28,"Central Oklahoma (OK-A), OK",Oklahoma,MU,RNA+DNA,raw_wastewater_composite
SAMN54680427,SRR36861560,2025-12-02,"Central Oklahoma (OK-A), OK",Oklahoma,MU,RNA+DNA,raw_wastewater_composite
SAMN54680428,SRR36861559,2025-12-09,"Central Oklahoma (OK-A), OK",Oklahoma,MU,RNA+DNA,raw_wastewater_composite
SAMN55279291,SRR37181179,2025-12-16,"Central Oklahoma (OK-A), OK",Oklahoma,MU,RNA+DNA,raw_wastewater_composite
SAMN55279292,SRR37181177,2025-12-23,"Central Oklahoma (OK-A), OK",Oklahoma,MU,RNA+DNA,raw_wastewater_composite
SAMN55279293,SRR37181176,2025-12-30,"Central Oklahoma (OK-A), OK",Oklahoma,MU,RNA+DNA,raw_wastewater_composite
SAMN55279294,SRR37181175,2026-01-13,"Central Oklahoma (OK-A), OK",Oklahoma,MU,RNA+DNA,raw_wastewater_composite
SAMN57414045,SRR38294995,2026-01-20,"Central Oklahoma (OK-A), OK",Oklahoma,MU,RNA+DNA,raw_wastewater_composite
SAMN57414046,SRR38294994,2026-01-27,"Central Oklahoma (OK-A), OK",Oklahoma,MU,RNA+DNA,raw_wastewater_composite
SAMN57414047,SRR38294993,2026-02-03,"Central Oklahoma (OK-A), OK",Oklahoma,MU,RNA+DNA,raw_wastewater_composite
SAMN57414048,SRR38294992,2026-02-10,"Central Oklahoma (OK-A), OK",Oklahoma,MU,RNA+DNA,raw_wastewater_composite
SAMN57414049,SRR38294990,2026-02-17,"Central Oklahoma (OK-A), OK",Oklahoma,MU,RNA+DNA,raw_wastewater_composite
SAMN57414050,SRR38294991,2026-02-24,"Central Oklahoma (OK-A), OK",Oklahoma,MU,RNA+DNA,raw_wastewater_composite
SAMN57414051,SRR38294989,2026-03-03,"Central Oklahoma (OK-A), OK",Oklahoma,MU,RNA+DNA,raw_wastewater_composite
SAMN57414052,SRR38294988,2026-03-10,"Central Oklahoma (OK-A), OK",Oklahoma,MU,RNA+DNA,raw_wastewater_composite
SAMN57414053,SRR38294987,2026-03-17,"Central Oklahoma (OK-A), OK",Oklahoma,MU,RNA+DNA,raw_wastewater_composite
SAMN57414054,SRR38294985,2026-03-24,"Central Oklahoma (OK-A), OK",Oklahoma,MU,RNA+DNA,raw_wastewater_composite
SAMN57414055,SRR38294984,2026-03-31,"Central Oklahoma (OK-A), OK",Oklahoma,MU,RNA+DNA,raw_wastewater_composite
SAMN61656998,SRR39695263,2026-04-07,"Central Oklahoma (OK-A), OK",Oklahoma,MU,RNA+DNA,raw_wastewater_composite
SAMN61656999,SRR39695261,2026-04-14,"Central Oklahoma (OK-A), OK",Oklahoma,MU,RNA+DNA,raw_wastewater_composite
SAMN61657000,SRR39695260,2026-04-21,"Central Oklahoma (OK-A), OK",Oklahoma,MU,RNA+DNA,raw_wastewater_composite
SAMN61657001,SRR39695159,2026-04-28,"Central Oklahoma (OK-A), OK",Oklahoma,MU,RNA+DNA,raw_wastewater_composite
SAMN61657002,SRR39695156,2026-05-05,"Central Oklahoma (OK-A), OK",Oklahoma,MU,RNA+DNA,raw_wastewater_composite
SAMN61657003,SRR39695157,2026-05-12,"Central Oklahoma (OK-A), OK",Oklahoma,MU,RNA+DNA,raw_wastewater_composite
SAMN61657004,SRR39695155,2026-05-19,"Central Oklahoma (OK-A), OK",Oklahoma,MU,RNA+DNA,raw_wastewater_composite
SAMN61657005,SRR39695153,2026-05-26,"Central Oklahoma (OK-A), OK",Oklahoma,MU,RNA+DNA,raw_wastewater_composite
SAMN61657006,SRR39695152,2026-06-02,"Central Oklahoma (OK-A), OK",Oklahoma,MU,RNA+DNA,raw_wastewater_composite
SAMN61657007,SRR39695151,2026-06-09,"Central Oklahoma (OK-A), OK",Oklahoma,MU,RNA+DNA,raw_wastewater_composite
SAMN61657008,SRR39695149,2026-06-16,"Central Oklahoma (OK-A), OK",Oklahoma,MU,RNA+DNA,raw_wastewater_composite
SAMN61657009,SRR39694963,2026-06-23,"Central Oklahoma (OK-A), OK",Oklahoma,MU,RNA+DNA,raw_wastewater_composite
SAMN54680429,SRR36861558,2025-08-18,"Central Oklahoma (OK-B), OK",Oklahoma,MU,RNA+DNA,raw_wastewater_composite
SAMN54680430,SRR36861556,2025-08-26,"Central Oklahoma (OK-B), OK",Oklahoma,MU,RNA+DNA,raw_wastewater_composite
SAMN54680431,SRR36861557,2025-09-01,"Central Oklahoma (OK-B), OK",Oklahoma,MU,RNA+DNA,raw_wastewater_composite
SAMN54680432,SRR36861554,2025-09-09,"Central Oklahoma (OK-B), OK",Oklahoma,MU,RNA+DNA,raw_wastewater_composite
SAMN54680433,SRR36861553,2025-09-16,"Central Oklahoma (OK-B), OK",Oklahoma,MU,RNA+DNA,raw_wastewater_composite
SAMN54680434,SRR36861551,2025-09-23,"Central Oklahoma (OK-B), OK",Oklahoma,MU,RNA+DNA,raw_wastewater_composite
SAMN54680435,SRR36861552,2025-09-30,"Central Oklahoma (OK-B), OK",Oklahoma,MU,RNA+DNA,raw_wastewater_composite
SAMN54680436,SRR36861550,2025-10-07,"Central Oklahoma (OK-B), OK",Oklahoma,MU,RNA+DNA,raw_wastewater_composite
SAMN54680437,SRR36861549,2025-10-14,"Central Oklahoma (OK-B), OK",Oklahoma,MU,RNA+DNA,raw_wastewater_composite
SAMN54680438,SRR36861548,2025-10-21,"Central Oklahoma (OK-B), OK",Oklahoma,MU,RNA+DNA,raw_wastewater_composite
SAMN54680439,SRR36861547,2025-10-27,"Central Oklahoma (OK-B), OK",Oklahoma,MU,RNA+DNA,raw_wastewater_composite
SAMN54680440,SRR36861546,2025-11-04,"Central Oklahoma (OK-B), OK",Oklahoma,MU,RNA+DNA,raw_wastewater_composite
SAMN54680441,SRR36861545,2025-11-11,"Central Oklahoma (OK-B), OK",Oklahoma,MU,RNA+DNA,raw_wastewater_composite
SAMN54680442,SRR36861543,2025-11-18,"Central Oklahoma (OK-B), OK",Oklahoma,MU,RNA+DNA,raw_wastewater_composite
SAMN54680443,SRR36861542,2025-11-28,"Central Oklahoma (OK-B), OK",Oklahoma,MU,RNA+DNA,raw_wastewater_composite
SAMN54680444,SRR36861541,2025-12-02,"Central Oklahoma (OK-B), OK",Oklahoma,MU,RNA+DNA,raw_wastewater_composite
SAMN54680445,SRR36861540,2025-12-09,"Central Oklahoma (OK-B), OK",Oklahoma,MU,RNA+DNA,raw_wastewater_composite
SAMN55279295,SRR37181161,2025-12-16,"Central Oklahoma (OK-B), OK",Oklahoma,MU,RNA+DNA,raw_wastewater_composite
SAMN55279296,SRR37181159,2025-12-23,"Central Oklahoma (OK-B), OK",Oklahoma,MU,RNA+DNA,raw_wastewater_composite
SAMN55279297,SRR37181158,2025-12-30,"Central Oklahoma (OK-B), OK",Oklahoma,MU,RNA+DNA,raw_wastewater_composite
SAMN55279298,SRR37181157,2026-01-13,"Central Oklahoma (OK-B), OK",Oklahoma,MU,RNA+DNA,raw_wastewater_composite
SAMN57414056,SRR38294807,2026-01-20,"Central Oklahoma (OK-B), OK",Oklahoma,MU,RNA+DNA,raw_wastewater_composite
SAMN57414057,SRR38294805,2026-01-27,"Central Oklahoma (OK-B), OK",Oklahoma,MU,RNA+DNA,raw_wastewater_composite
SAMN57414058,SRR38294828,2026-02-03,"Central Oklahoma (OK-B), OK",Oklahoma,MU,RNA+DNA,raw_wastewater_composite
SAMN57414059,SRR38294827,2026-02-10,"Central Oklahoma (OK-B), OK",Oklahoma,MU,RNA+DNA,raw_wastewater_composite
SAMN57414060,SRR38294825,2026-02-17,"Central Oklahoma (OK-B), OK",Oklahoma,MU,RNA+DNA,raw_wastewater_composite
SAMN57414061,SRR38294826,2026-02-24,"Central Oklahoma (OK-B), OK",Oklahoma,MU,RNA+DNA,raw_wastewater_composite
SAMN57414062,SRR38294824,2026-03-03,"Central Oklahoma (OK-B), OK",Oklahoma,MU,RNA+DNA,raw_wastewater_composite
SAMN57414063,SRR38294823,2026-03-10,"Central Oklahoma (OK-B), OK",Oklahoma,MU,RNA+DNA,raw_wastewater_composite
SAMN57414064,SRR38294822,2026-03-17,"Central Oklahoma (OK-B), OK",Oklahoma,MU,RNA+DNA,raw_wastewater_composite
SAMN57414065,SRR38294821,2026-03-24,"Central Oklahoma (OK-B), OK",Oklahoma,MU,RNA+DNA,raw_wastewater_composite
SAMN57414066,SRR38294819,2026-03-31,"Central Oklahoma (OK-B), OK",Oklahoma,MU,RNA+DNA,raw_wastewater_composite
SAMN61657010,SRR39694962,2026-04-07,"Central Oklahoma (OK-B), OK",Oklahoma,MU,RNA+DNA,raw_wastewater_composite
SAMN61657011,SRR39695147,2026-04-14,"Central Oklahoma (OK-B), OK",Oklahoma,MU,RNA+DNA,raw_wastewater_composite
SAMN61657012,SRR39695146,2026-04-21,"Central Oklahoma (OK-B), OK",Oklahoma,MU,RNA+DNA,raw_wastewater_composite
SAMN61657013,SRR39695145,2026-04-28,"Central Oklahoma (OK-B), OK",Oklahoma,MU,RNA+DNA,raw_wastewater_composite
SAMN61657014,SRR39695359,2026-05-05,"Central Oklahoma (OK-B), OK",Oklahoma,MU,RNA+DNA,raw_wastewater_composite
SAMN61657015,SRR39695356,2026-05-12,"Central Oklahoma (OK-B), OK",Oklahoma,MU,RNA+DNA,raw_wastewater_composite
SAMN61657016,SRR39695355,2026-05-19,"Central Oklahoma (OK-B), OK",Oklahoma,MU,RNA+DNA,raw_wastewater_composite
SAMN61657017,SRR39695354,2026-05-26,"Central Oklahoma (OK-B), OK",Oklahoma,MU,RNA+DNA,raw_wastewater_composite
SAMN61657018,SRR39695353,2026-06-02,"Central Oklahoma (OK-B), OK",Oklahoma,MU,RNA+DNA,raw_wastewater_composite
SAMN61657019,SRR39695351,2026-06-09,"Central Oklahoma (OK-B), OK",Oklahoma,MU,RNA+DNA,raw_wastewater_composite
SAMN61657020,SRR39695352,2026-06-16,"Central Oklahoma (OK-B), OK",Oklahoma,MU,RNA+DNA,raw_wastewater_composite
SAMN61657021,SRR39695350,2026-06-23,"Central Oklahoma (OK-B), OK",Oklahoma,MU,RNA+DNA,raw_wastewater_composite
SAMN47830423,SRR33038084,2024-09-08,"Chicago (CHI-A), IL",Illinois,MU,RNA+DNA,raw_wastewater_composite
SAMN47830428,SRR33038069,2024-09-15,"Chicago (CHI-A), IL",Illinois,MU,RNA+DNA,raw_wastewater_composite
SAMN47830432,SRR33038198,2024-09-22,"Chicago (CHI-A), IL",Illinois,MU,RNA+DNA,raw_wastewater_composite
SAMN47830436,SRR33038041,2024-09-29,"Chicago (CHI-A), IL",Illinois,MU,RNA+DNA,raw_wastewater_composite
SAMN47830440,SRR33038144,2024-10-06,"Chicago (CHI-A), IL",Illinois,MU,RNA+DNA,raw_wastewater_composite
SAMN47830444,SRR33038015,2024-10-13,"Chicago (CHI-A), IL",Illinois,MU,RNA+DNA,raw_wastewater_composite
SAMN47830450,SRR33038009,2024-10-21,"Chicago (CHI-A), IL",Illinois,MU,RNA+DNA,raw_wastewater_composite
SAMN47830455,SRR33038126,2024-10-27,"Chicago (CHI-A), IL",Illinois,MU,RNA+DNA,raw_wastewater_composite
SAMN47830461,SRR33038121,2024-11-03,"Chicago (CHI-A), IL",Illinois,MU,RNA+DNA,raw_wastewater_composite
SAMN47830467,SRR33038004,2024-11-10,"Chicago (CHI-A), IL",Illinois,MU,RNA+DNA,raw_wastewater_composite
SAMN47830473,SRR33038116,2024-11-17,"Chicago (CHI-A), IL",Illinois,MU,RNA+DNA,raw_wastewater_composite
SAMN47830480,SRR33038216,2024-11-24,"Chicago (CHI-A), IL",Illinois,MU,RNA+DNA,raw_wastewater_composite
SAMN47830487,SRR33038073,2024-12-01,"Chicago (CHI-A), IL",Illinois,MU,RNA+DNA,raw_wastewater_composite
SAMN47830491,SRR33038068,2024-12-08,"Chicago (CHI-A), IL",Illinois,MU,RNA+DNA,raw_wastewater_composite
SAMN47830499,SRR33038064;SRR33038065,2024-12-15,"Chicago (CHI-A), IL",Illinois,MU,RNA+DNA,raw_wastewater_composite
SAMN47830507,SRR33038105;SRR33038107,2024-12-22,"Chicago (CHI-A), IL",Illinois,MU,RNA+DNA,raw_wastewater_composite
SAMN47830514,SRR33038181;SRR33038199,2024-12-29,"Chicago (CHI-A), IL",Illinois,MU,RNA+DNA,raw_wastewater_composite
SAMN47830522,SRR33038044;SRR33038046,2025-01-05,"Chicago (CHI-A), IL",Illinois,MU,RNA+DNA,raw_wastewater_composite
SAMN47830530,SRR33038167,2025-01-12,"Chicago (CHI-A), IL",Illinois,MU,RNA+DNA,raw_wastewater_composite
SAMN47830538,SRR33038040,2025-01-19,"Chicago (CHI-A), IL",Illinois,MU,RNA+DNA,raw_wastewater_composite
SAMN47830545,SRR33038033,2025-01-26,"Chicago (CHI-A), IL",Illinois,MU,RNA+DNA,raw_wastewater_composite
SAMN47830552,SRR33038090,2025-02-02,"Chicago (CHI-A), IL",Illinois,MU,RNA+DNA,raw_wastewater_composite
SAMN47830562,SRR33038163,2025-02-10,"Chicago (CHI-A), IL",Illinois,MU,RNA+DNA,raw_wastewater_composite
SAMN47830567,SRR33038158,2025-02-17,"Chicago (CHI-A), IL",Illinois,MU,RNA+DNA,raw_wastewater_composite
SAMN47830575,SRR33038076,2025-02-23,"Chicago (CHI-A), IL",Illinois,MU,RNA+DNA,raw_wastewater_composite
SAMN47830582,SRR33038022,2025-03-02,"Chicago (CHI-A), IL",Illinois,MU,RNA+DNA,raw_wastewater_composite
SAMN47830591,SRR33038078,2025-03-09,"Chicago (CHI-A), IL",Illinois,MU,RNA+DNA,raw_wastewater_composite
SAMN53134949,SRR35987634,2025-03-16,"Chicago (CHI-A), IL",Illinois,MU,RNA+DNA,raw_wastewater_composite
SAMN53134950,SRR35987633,2025-03-23,"Chicago (CHI-A), IL",Illinois,MU,RNA+DNA,raw_wastewater_composite
SAMN53134951,SRR35987586,2025-03-30,"Chicago (CHI-A), IL",Illinois,MU,RNA+DNA,raw_wastewater_composite
SAMN53134952,SRR35987660,2025-04-06,"Chicago (CHI-A), IL",Illinois,MU,RNA+DNA,raw_wastewater_composite
SAMN53134953,SRR35987614,2025-04-13,"Chicago (CHI-A), IL",Illinois,MU,RNA+DNA,raw_wastewater_composite
SAMN53134954,SRR35987577,2025-04-20,"Chicago (CHI-A), IL",Illinois,MU,RNA+DNA,raw_wastewater_composite
SAMN53134955,SRR35987650,2025-04-27,"Chicago (CHI-A), IL",Illinois,MU,RNA+DNA,raw_wastewater_composite
SAMN53134956,SRR35987575,2025-05-04,"Chicago (CHI-A), IL",Illinois,MU,RNA+DNA,raw_wastewater_composite
SAMN53134957,SRR35987673,2025-05-11,"Chicago (CHI-A), IL",Illinois,MU,RNA+DNA,raw_wastewater_composite
SAMN53134958,SRR35987636,2025-05-18,"Chicago (CHI-A), IL",Illinois,MU,RNA+DNA,raw_wastewater_composite
SAMN53134959,SRR35987631,2025-05-25,"Chicago (CHI-A), IL",Illinois,MU,RNA+DNA,raw_wastewater_composite
SAMN53134960,SRR35987624,2025-06-01,"Chicago (CHI-A), IL",Illinois,MU,RNA+DNA,raw_wastewater_composite
SAMN53134961,SRR35987567,2025-06-08,"Chicago (CHI-A), IL",Illinois,MU,RNA+DNA,raw_wastewater_composite
SAMN53134962,SRR35987592,2025-06-15,"Chicago (CHI-A), IL",Illinois,MU,RNA+DNA,raw_wastewater_composite
SAMN53134963,SRR35987589,2025-06-22,"Chicago (CHI-A), IL",Illinois,MU,RNA+DNA,raw_wastewater_composite
SAMN53134964,SRR35987588,2025-06-29,"Chicago (CHI-A), IL",Illinois,MU,RNA+DNA,raw_wastewater_composite
SAMN53134965,SRR35987654,2025-07-06,"Chicago (CHI-A), IL",Illinois,MU,RNA+DNA,raw_wastewater_composite
SAMN53134966,SRR35987653,2025-07-13,"Chicago (CHI-A), IL",Illinois,MU,RNA+DNA,raw_wastewater_composite
SAMN53134967,SRR35987652,2025-07-20,"Chicago (CHI-A), IL",Illinois,MU,RNA+DNA,raw_wastewater_composite
SAMN53134968,SRR35987587,2025-07-27,"Chicago (CHI-A), IL",Illinois,MU,RNA+DNA,raw_wastewater_composite
SAMN53135031,SRR35987670,2025-08-03,"Chicago (CHI-A), IL",Illinois,MU,RNA+DNA,raw_wastewater_composite
SAMN53135032,SRR35987646,2025-08-10,"Chicago (CHI-A), IL",Illinois,MU,RNA+DNA,raw_wastewater_composite
SAMN53135033,SRR35987642,2025-08-17,"Chicago (CHI-A), IL",Illinois,MU,RNA+DNA,raw_wastewater_composite
SAMN53135034,SRR35987641,2025-08-26,"Chicago (CHI-A), IL",Illinois,MU,RNA+DNA,raw_wastewater_composite
SAMN53135035,SRR35987640,2025-08-31,"Chicago (CHI-A), IL",Illinois,MU,RNA+DNA,raw_wastewater_composite
SAMN53135036,SRR35987639,2025-09-07,"Chicago (CHI-A), IL",Illinois,MU,RNA+DNA,raw_wastewater_composite
SAMN53135037,SRR35987638,2025-09-14,"Chicago (CHI-A), IL",Illinois,MU,RNA+DNA,raw_wastewater_composite
SAMN53135038,SRR35987637,2025-09-21,"Chicago (CHI-A), IL",Illinois,MU,RNA+DNA,raw_wastewater_composite
SAMN53135039,SRR35987607,2025-09-28,"Chicago (CHI-A), IL",Illinois,MU,RNA+DNA,raw_wastewater_composite
SAMN53135040,SRR35987663,2025-10-05,"Chicago (CHI-A), IL",Illinois,MU,RNA+DNA,raw_wastewater_composite
SAMN53135041,SRR35987662,2025-10-12,"Chicago (CHI-A), IL",Illinois,MU,RNA+DNA,raw_wastewater_composite
SAMN53135042,SRR35987661,2025-10-19,"Chicago (CHI-A), IL",Illinois,MU,RNA+DNA,raw_wastewater_composite
SAMN54610778,SRR36832699,2025-10-26,"Chicago (CHI-A), IL",Illinois,MU,RNA+DNA,raw_wastewater_composite
SAMN54610779,SRR36832698,2025-11-02,"Chicago (CHI-A), IL",Illinois,MU,RNA+DNA,raw_wastewater_composite
SAMN54610780,SRR36832686,2025-11-09,"Chicago (CHI-A), IL",Illinois,MU,RNA+DNA,raw_wastewater_composite
SAMN54610781,SRR36832672,2025-11-16,"Chicago (CHI-A), IL",Illinois,MU,RNA+DNA,raw_wastewater_composite
SAMN54610782,SRR36832673,2025-11-23,"Chicago (CHI-A), IL",Illinois,MU,RNA+DNA,raw_wastewater_composite
SAMN54610783,SRR36832674,2025-11-30,"Chicago (CHI-A), IL",Illinois,MU,RNA+DNA,raw_wastewater_composite
SAMN55038709,SRR37089594,2025-12-07,"Chicago (CHI-A), IL",Illinois,MU,RNA+DNA,raw_wastewater_composite
SAMN55038710,SRR37089593,2025-12-14,"Chicago (CHI-A), IL",Illinois,MU,RNA+DNA,raw_wastewater_composite
SAMN55038711,SRR37089578,2025-12-21,"Chicago (CHI-A), IL",Illinois,MU,RNA+DNA,raw_wastewater_composite
SAMN55038712,SRR37089572,2025-12-28,"Chicago (CHI-A), IL",Illinois,MU,RNA+DNA,raw_wastewater_composite
SAMN55038713,SRR37089573,2026-01-04,"Chicago (CHI-A), IL",Illinois,MU,RNA+DNA,raw_wastewater_composite
SAMN57413780,SRR38294664,2026-01-11,"Chicago (CHI-A), IL",Illinois,MU,RNA+DNA,raw_wastewater_composite
SAMN57413781,SRR38294662,2026-01-18,"Chicago (CHI-A), IL",Illinois,MU,RNA+DNA,raw_wastewater_composite
SAMN57413782,SRR38294895,2026-01-25,"Chicago (CHI-A), IL",Illinois,MU,RNA+DNA,raw_wastewater_composite
SAMN57413783,SRR38294894,2026-02-01,"Chicago (CHI-A), IL",Illinois,MU,RNA+DNA,raw_wastewater_composite
SAMN57413784,SRR38294892,2026-02-08,"Chicago (CHI-A), IL",Illinois,MU,RNA+DNA,raw_wastewater_composite
SAMN57413785,SRR38294735,2026-02-15,"Chicago (CHI-A), IL",Illinois,MU,RNA+DNA,raw_wastewater_composite
SAMN57413786,SRR38294736,2026-02-22,"Chicago (CHI-A), IL",Illinois,MU,RNA+DNA,raw_wastewater_composite
SAMN57413787,SRR38294737,2026-03-01,"Chicago (CHI-A), IL",Illinois,MU,RNA+DNA,raw_wastewater_composite
SAMN57413789,SRR38294659,2026-03-15,"Chicago (CHI-A), IL",Illinois,MU,RNA+DNA,raw_wastewater_composite
SAMN57413790,SRR38294660,2026-03-22,"Chicago (CHI-A), IL",Illinois,MU,RNA+DNA,raw_wastewater_composite
SAMN57413791,SRR38294738,2026-03-29,"Chicago (CHI-A), IL",Illinois,MU,RNA+DNA,raw_wastewater_composite
SAMN61656722,SRR39695113,2026-04-05,"Chicago (CHI-A), IL",Illinois,MU,RNA+DNA,raw_wastewater_composite
SAMN61656723,SRR39695115,2026-04-12,"Chicago (CHI-A), IL",Illinois,MU,RNA+DNA,raw_wastewater_composite
SAMN61656724,SRR39695116,2026-04-19,"Chicago (CHI-A), IL",Illinois,MU,RNA+DNA,raw_wastewater_composite
SAMN61656725,SRR39695122,2026-04-26,"Chicago (CHI-A), IL",Illinois,MU,RNA+DNA,raw_wastewater_composite
SAMN61656726,SRR39695123,2026-05-03,"Chicago (CHI-A), IL",Illinois,MU,RNA+DNA,raw_wastewater_composite
SAMN61656727,SRR39695124,2026-05-10,"Chicago (CHI-A), IL",Illinois,MU,RNA+DNA,raw_wastewater_composite
SAMN61656728,SRR39695337,2026-05-17,"Chicago (CHI-A), IL",Illinois,MU,RNA+DNA,raw_wastewater_composite
SAMN61656729,SRR39695338,2026-05-24,"Chicago (CHI-A), IL",Illinois,MU,RNA+DNA,raw_wastewater_composite
SAMN61656730,SRR39695336,2026-05-31,"Chicago (CHI-A), IL",Illinois,MU,RNA+DNA,raw_wastewater_composite
SAMN61656731,SRR39695335,2026-06-07,"Chicago (CHI-A), IL",Illinois,MU,RNA+DNA,raw_wastewater_composite
SAMN61656732,SRR39695332,2026-06-14,"Chicago (CHI-A), IL",Illinois,MU,RNA+DNA,raw_wastewater_composite
SAMN61656733,SRR39695331,2026-06-21,"Chicago (CHI-A), IL",Illinois,MU,RNA+DNA,raw_wastewater_composite
SAMN61656734,SRR39695329,2026-06-28,"Chicago (CHI-A), IL",Illinois,MU,RNA+DNA,raw_wastewater_composite
SAMN47830424,SRR33038007,2024-09-08,"Chicago (CHI-B), IL",Illinois,MU,RNA+DNA,raw_wastewater_composite
SAMN47830429,SRR33038066,2024-09-15,"Chicago (CHI-B), IL",Illinois,MU,RNA+DNA,raw_wastewater_composite
SAMN47830445,SRR33038014,2024-10-13,"Chicago (CHI-B), IL",Illinois,MU,RNA+DNA,raw_wastewater_composite
SAMN47830451,SRR33038006,2024-10-21,"Chicago (CHI-B), IL",Illinois,MU,RNA+DNA,raw_wastewater_composite
SAMN47830456,SRR33038127,2024-10-27,"Chicago (CHI-B), IL",Illinois,MU,RNA+DNA,raw_wastewater_composite
SAMN47830462,SRR33038016,2024-11-03,"Chicago (CHI-B), IL",Illinois,MU,RNA+DNA,raw_wastewater_composite
SAMN47830468,SRR33038002,2024-11-10,"Chicago (CHI-B), IL",Illinois,MU,RNA+DNA,raw_wastewater_composite
SAMN47830474,SRR33038115,2024-11-17,"Chicago (CHI-B), IL",Illinois,MU,RNA+DNA,raw_wastewater_composite
SAMN47830481,SRR33038214,2024-11-24,"Chicago (CHI-B), IL",Illinois,MU,RNA+DNA,raw_wastewater_composite
SAMN47830488,SRR33038057,2024-12-01,"Chicago (CHI-B), IL",Illinois,MU,RNA+DNA,raw_wastewater_composite
SAMN47830492,SRR33038067,2024-12-08,"Chicago (CHI-B), IL",Illinois,MU,RNA+DNA,raw_wastewater_composite
SAMN47830500,SRR33038062;SRR33038063,2024-12-15,"Chicago (CHI-B), IL",Illinois,MU,RNA+DNA,raw_wastewater_composite
SAMN47830508,SRR33038102;SRR33038106,2024-12-22,"Chicago (CHI-B), IL",Illinois,MU,RNA+DNA,raw_wastewater_composite
SAMN47830515,SRR33038184;SRR33038200,2024-12-29,"Chicago (CHI-B), IL",Illinois,MU,RNA+DNA,raw_wastewater_composite
SAMN47830523,SRR33038042;SRR33038045,2025-01-05,"Chicago (CHI-B), IL",Illinois,MU,RNA+DNA,raw_wastewater_composite
SAMN47830531,SRR33038050,2025-01-12,"Chicago (CHI-B), IL",Illinois,MU,RNA+DNA,raw_wastewater_composite
SAMN47830539,SRR33038039,2025-01-19,"Chicago (CHI-B), IL",Illinois,MU,RNA+DNA,raw_wastewater_composite
SAMN47830546,SRR33038028,2025-01-26,"Chicago (CHI-B), IL",Illinois,MU,RNA+DNA,raw_wastewater_composite
SAMN47830553,SRR33038088,2025-02-02,"Chicago (CHI-B), IL",Illinois,MU,RNA+DNA,raw_wastewater_composite
SAMN47830568,SRR33038156,2025-02-17,"Chicago (CHI-B), IL",Illinois,MU,RNA+DNA,raw_wastewater_composite
SAMN47830576,SRR33038141,2025-02-23,"Chicago (CHI-B), IL",Illinois,MU,RNA+DNA,raw_wastewater_composite
SAMN47830585,SRR33038019,2025-03-03,"Chicago (CHI-B), IL",Illinois,MU,RNA+DNA,raw_wastewater_composite
SAMN47830592,SRR33038077,2025-03-09,"Chicago (CHI-B), IL",Illinois,MU,RNA+DNA,raw_wastewater_composite
SAMN53134969,SRR35987585,2025-03-16,"Chicago (CHI-B), IL",Illinois,MU,RNA+DNA,raw_wastewater_composite
SAMN53134970,SRR35987584,2025-03-23,"Chicago (CHI-B), IL",Illinois,MU,RNA+DNA,raw_wastewater_composite
SAMN53134971,SRR35987562,2025-03-30,"Chicago (CHI-B), IL",Illinois,MU,RNA+DNA,raw_wastewater_composite
SAMN53134972,SRR35987557,2025-04-06,"Chicago (CHI-B), IL",Illinois,MU,RNA+DNA,raw_wastewater_composite
SAMN53134973,SRR35987556,2025-04-13,"Chicago (CHI-B), IL",Illinois,MU,RNA+DNA,raw_wastewater_composite
SAMN53134974,SRR35987555,2025-04-20,"Chicago (CHI-B), IL",Illinois,MU,RNA+DNA,raw_wastewater_composite
SAMN53134975,SRR35987554,2025-04-27,"Chicago (CHI-B), IL",Illinois,MU,RNA+DNA,raw_wastewater_composite
SAMN53134976,SRR35987553,2025-05-04,"Chicago (CHI-B), IL",Illinois,MU,RNA+DNA,raw_wastewater_composite
SAMN53134977,SRR35987552,2025-05-11,"Chicago (CHI-B), IL",Illinois,MU,RNA+DNA,raw_wastewater_composite
SAMN53134978,SRR35987551,2025-05-18,"Chicago (CHI-B), IL",Illinois,MU,RNA+DNA,raw_wastewater_composite
SAMN53134979,SRR35987658,2025-05-25,"Chicago (CHI-B), IL",Illinois,MU,RNA+DNA,raw_wastewater_composite
SAMN53134980,SRR35987657,2025-06-01,"Chicago (CHI-B), IL",Illinois,MU,RNA+DNA,raw_wastewater_composite
SAMN53134981,SRR35987656,2025-06-08,"Chicago (CHI-B), IL",Illinois,MU,RNA+DNA,raw_wastewater_composite
SAMN53134982,SRR35987655,2025-06-15,"Chicago (CHI-B), IL",Illinois,MU,RNA+DNA,raw_wastewater_composite
SAMN53134983,SRR35987549,2025-06-22,"Chicago (CHI-B), IL",Illinois,MU,RNA+DNA,raw_wastewater_composite
SAMN53134984,SRR35987548,2025-06-29,"Chicago (CHI-B), IL",Illinois,MU,RNA+DNA,raw_wastewater_composite
SAMN53134985,SRR35987547,2025-07-06,"Chicago (CHI-B), IL",Illinois,MU,RNA+DNA,raw_wastewater_composite
SAMN53134986,SRR35987546,2025-07-13,"Chicago (CHI-B), IL",Illinois,MU,RNA+DNA,raw_wastewater_composite
SAMN53134987,SRR35987545,2025-07-20,"Chicago (CHI-B), IL",Illinois,MU,RNA+DNA,raw_wastewater_composite
SAMN53134988,SRR35987615,2025-07-27,"Chicago (CHI-B), IL",Illinois,MU,RNA+DNA,raw_wastewater_composite
SAMN53135043,SRR35987659,2025-08-03,"Chicago (CHI-B), IL",Illinois,MU,RNA+DNA,raw_wastewater_composite
SAMN53135044,SRR35987601,2025-08-10,"Chicago (CHI-B), IL",Illinois,MU,RNA+DNA,raw_wastewater_composite
SAMN53135045,SRR35987600,2025-08-17,"Chicago (CHI-B), IL",Illinois,MU,RNA+DNA,raw_wastewater_composite
SAMN53135046,SRR35987666,2025-08-31,"Chicago (CHI-B), IL",Illinois,MU,RNA+DNA,raw_wastewater_composite
SAMN53135047,SRR35987665,2025-09-14,"Chicago (CHI-B), IL",Illinois,MU,RNA+DNA,raw_wastewater_composite
SAMN53135048,SRR35987630;SRR35987664,2025-09-21,"Chicago (CHI-B), IL",Illinois,MU,RNA+DNA,raw_wastewater_composite
SAMN53135049,SRR35987629,2025-09-28,"Chicago (CHI-B), IL",Illinois,MU,RNA+DNA,raw_wastewater_composite
SAMN53135050,SRR35987628,2025-10-05,"Chicago (CHI-B), IL",Illinois,MU,RNA+DNA,raw_wastewater_composite
SAMN53135051,SRR35987593,2025-10-12,"Chicago (CHI-B), IL",Illinois,MU,RNA+DNA,raw_wastewater_composite
SAMN53135052,SRR35987594,2025-10-19,"Chicago (CHI-B), IL",Illinois,MU,RNA+DNA,raw_wastewater_composite
SAMN54610784,SRR36832675,2025-10-26,"Chicago (CHI-B), IL",Illinois,MU,RNA+DNA,raw_wastewater_composite
SAMN54610785,SRR36832676,2025-11-02,"Chicago (CHI-B), IL",Illinois,MU,RNA+DNA,raw_wastewater_composite
SAMN54610786,SRR36832677,2025-11-09,"Chicago (CHI-B), IL",Illinois,MU,RNA+DNA,raw_wastewater_composite
SAMN54610787,SRR36832678,2025-11-16,"Chicago (CHI-B), IL",Illinois,MU,RNA+DNA,raw_wastewater_composite
SAMN54610788,SRR36832696,2025-11-23,"Chicago (CHI-B), IL",Illinois,MU,RNA+DNA,raw_wastewater_composite
SAMN54610789,SRR36832697,2025-11-30,"Chicago (CHI-B), IL",Illinois,MU,RNA+DNA,raw_wastewater_composite
SAMN55038714,SRR37089574,2025-12-07,"Chicago (CHI-B), IL",Illinois,MU,RNA+DNA,raw_wastewater_composite
SAMN55038715,SRR37089575,2025-12-14,"Chicago (CHI-B), IL",Illinois,MU,RNA+DNA,raw_wastewater_composite
SAMN55038716,SRR37089576,2025-12-21,"Chicago (CHI-B), IL",Illinois,MU,RNA+DNA,raw_wastewater_composite
SAMN55038717,SRR37089577,2025-12-28,"Chicago (CHI-B), IL",Illinois,MU,RNA+DNA,raw_wastewater_composite
SAMN55038718,SRR37089579,2026-01-04,"Chicago (CHI-B), IL",Illinois,MU,RNA+DNA,raw_wastewater_composite
SAMN57413792,SRR38294740,2026-01-11,"Chicago (CHI-B), IL",Illinois,MU,RNA+DNA,raw_wastewater_composite
SAMN57413793,SRR38294741,2026-01-18,"Chicago (CHI-B), IL",Illinois,MU,RNA+DNA,raw_wastewater_composite
SAMN57413794,SRR38294742,2026-01-25,"Chicago (CHI-B), IL",Illinois,MU,RNA+DNA,raw_wastewater_composite
SAMN57413795,SRR38294721,2026-02-01,"Chicago (CHI-B), IL",Illinois,MU,RNA+DNA,raw_wastewater_composite
SAMN57413796,SRR38294743,2026-02-08,"Chicago (CHI-B), IL",Illinois,MU,RNA+DNA,raw_wastewater_composite
SAMN57413797,SRR38294744,2026-02-15,"Chicago (CHI-B), IL",Illinois,MU,RNA+DNA,raw_wastewater_composite
SAMN57413798,SRR38294724,2026-02-22,"Chicago (CHI-B), IL",Illinois,MU,RNA+DNA,raw_wastewater_composite
SAMN57413799,SRR38294725,2026-03-01,"Chicago (CHI-B), IL",Illinois,MU,RNA+DNA,raw_wastewater_composite
SAMN57413801,SRR38294726,2026-03-15,"Chicago (CHI-B), IL",Illinois,MU,RNA+DNA,raw_wastewater_composite
SAMN57413802,SRR38294728,2026-03-22,"Chicago (CHI-B), IL",Illinois,MU,RNA+DNA,raw_wastewater_composite
SAMN57413803,SRR38294729,2026-03-29,"Chicago (CHI-B), IL",Illinois,MU,RNA+DNA,raw_wastewater_composite
SAMN61656735,SRR39695334,2026-04-05,"Chicago (CHI-B), IL",Illinois,MU,RNA+DNA,raw_wastewater_composite
SAMN61656736,SRR39695333,2026-04-12,"Chicago (CHI-B), IL",Illinois,MU,RNA+DNA,raw_wastewater_composite
SAMN61656737,SRR39695058,2026-04-19,"Chicago (CHI-B), IL",Illinois,MU,RNA+DNA,raw_wastewater_composite
SAMN61656738,SRR39695056,2026-04-26,"Chicago (CHI-B), IL",Illinois,MU,RNA+DNA,raw_wastewater_composite
SAMN61656739,SRR39695055,2026-05-03,"Chicago (CHI-B), IL",Illinois,MU,RNA+DNA,raw_wastewater_composite
SAMN61656740,SRR39695054,2026-05-10,"Chicago (CHI-B), IL",Illinois,MU,RNA+DNA,raw_wastewater_composite
SAMN61656741,SRR39695052,2026-05-17,"Chicago (CHI-B), IL",Illinois,MU,RNA+DNA,raw_wastewater_composite
SAMN61656742,SRR39695063,2026-05-24,"Chicago (CHI-B), IL",Illinois,MU,RNA+DNA,raw_wastewater_composite
SAMN61656743,SRR39695062,2026-05-31,"Chicago (CHI-B), IL",Illinois,MU,RNA+DNA,raw_wastewater_composite
SAMN61656744,SRR39695061,2026-06-07,"Chicago (CHI-B), IL",Illinois,MU,RNA+DNA,raw_wastewater_composite
SAMN61656745,SRR39695059,2026-06-14,"Chicago (CHI-B), IL",Illinois,MU,RNA+DNA,raw_wastewater_composite
SAMN61656746,SRR39695057,2026-06-28,"Chicago (CHI-B), IL",Illinois,MU,RNA+DNA,raw_wastewater_composite
SAMN47830447,SRR33038012,2024-10-14,"Chicago (CHI-C), IL",Illinois,MU,RNA+DNA,raw_wastewater_moore_swab
SAMN47830477,SRR33038112,2024-11-18,"Chicago (CHI-C), IL",Illinois,MU,RNA+DNA,raw_wastewater_moore_swab
SAMN47830484,SRR33038211,2024-11-25,"Chicago (CHI-C), IL",Illinois,MU,RNA+DNA,raw_wastewater_moore_swab
SAMN47830495,SRR33038208,2024-12-09,"Chicago (CHI-C), IL",Illinois,MU,RNA+DNA,raw_wastewater_moore_swab
SAMN47830503,SRR33038056;SRR33038103,2024-12-16,"Chicago (CHI-C), IL",Illinois,MU,RNA+DNA,raw_wastewater_moore_swab
SAMN47830519,SRR33038182;SRR33038192,2024-12-30,"Chicago (CHI-C), IL",Illinois,MU,RNA+DNA,raw_wastewater_moore_swab
SAMN47830526,SRR33038173;SRR33038174,2025-01-06,"Chicago (CHI-C), IL",Illinois,MU,RNA+DNA,raw_wastewater_moore_swab
SAMN47830534,SRR33038048,2025-01-13,"Chicago (CHI-C), IL",Illinois,MU,RNA+DNA,raw_wastewater_moore_swab
SAMN47830554,SRR33038148,2025-02-02,"Chicago (CHI-C), IL",Illinois,MU,RNA+DNA,raw_wastewater_moore_swab
SAMN47830563,SRR33038162,2025-02-10,"Chicago (CHI-C), IL",Illinois,MU,RNA+DNA,raw_wastewater_moore_swab
SAMN47830574,SRR33038149,2025-02-20,"Chicago (CHI-C), IL",Illinois,MU,RNA+DNA,raw_wastewater_moore_swab
SAMN47830586,SRR33038018,2025-03-03,"Chicago (CHI-C), IL",Illinois,MU,RNA+DNA,raw_wastewater_moore_swab
SAMN47830595,SRR33038132,2025-03-10,"Chicago (CHI-C), IL",Illinois,MU,RNA+DNA,raw_wastewater_moore_swab
SAMN53134989,SRR35987613,2025-03-17,"Chicago (CHI-C), IL",Illinois,MU,RNA+DNA,raw_wastewater_moore_swab
SAMN53134990,SRR35987612,2025-03-24,"Chicago (CHI-C), IL",Illinois,MU,RNA+DNA,raw_wastewater_moore_swab
SAMN53134991,SRR35987611,2025-03-31,"Chicago (CHI-C), IL",Illinois,MU,RNA+DNA,raw_wastewater_moore_swab
SAMN53134992,SRR35987610,2025-04-07,"Chicago (CHI-C), IL",Illinois,MU,RNA+DNA,raw_wastewater_moore_swab
SAMN53134993,SRR35987609,2025-04-14,"Chicago (CHI-C), IL",Illinois,MU,RNA+DNA,raw_wastewater_moore_swab
SAMN53134994,SRR35987608,2025-04-21,"Chicago (CHI-C), IL",Illinois,MU,RNA+DNA,raw_wastewater_moore_swab
SAMN53134995,SRR35987583,2025-04-28,"Chicago (CHI-C), IL",Illinois,MU,RNA+DNA,raw_wastewater_moore_swab
SAMN53134996,SRR35987582,2025-05-05,"Chicago (CHI-C), IL",Illinois,MU,RNA+DNA,raw_wastewater_moore_swab
SAMN53134997,SRR35987581,2025-05-12,"Chicago (CHI-C), IL",Illinois,MU,RNA+DNA,raw_wastewater_moore_swab
SAMN53134998,SRR35987580,2025-05-19,"Chicago (CHI-C), IL",Illinois,MU,RNA+DNA,raw_wastewater_moore_swab
SAMN53134999,SRR35987579,2025-06-02,"Chicago (CHI-C), IL",Illinois,MU,RNA+DNA,raw_wastewater_moore_swab
SAMN53135000,SRR35987576,2025-06-09,"Chicago (CHI-C), IL",Illinois,MU,RNA+DNA,raw_wastewater_moore_swab
SAMN53135001,SRR35987571,2025-06-16,"Chicago (CHI-C), IL",Illinois,MU,RNA+DNA,raw_wastewater_moore_swab
SAMN53135002,SRR35987550,2025-06-23,"Chicago (CHI-C), IL",Illinois,MU,RNA+DNA,raw_wastewater_moore_swab
SAMN53135003,SRR35987568,2025-06-30,"Chicago (CHI-C), IL",Illinois,MU,RNA+DNA,raw_wastewater_moore_swab
SAMN53135004,SRR35987558,2025-07-14,"Chicago (CHI-C), IL",Illinois,MU,RNA+DNA,raw_wastewater_moore_swab
SAMN53135005,SRR35987674,2025-07-21,"Chicago (CHI-C), IL",Illinois,MU,RNA+DNA,raw_wastewater_moore_swab
SAMN53135006,SRR35987635,2025-07-28,"Chicago (CHI-C), IL",Illinois,MU,RNA+DNA,raw_wastewater_moore_swab
SAMN53135053,SRR35987595,2025-08-04,"Chicago (CHI-C), IL",Illinois,MU,RNA+DNA,raw_wastewater_moore_swab
SAMN53135054,SRR35987596,2025-08-11,"Chicago (CHI-C), IL",Illinois,MU,RNA+DNA,raw_wastewater_moore_swab
SAMN53135055,SRR35987597,2025-08-18,"Chicago (CHI-C), IL",Illinois,MU,RNA+DNA,raw_wastewater_moore_swab
SAMN53135056,SRR35987598,2025-08-26,"Chicago (CHI-C), IL",Illinois,MU,RNA+DNA,raw_wastewater_moore_swab
SAMN53135057,SRR35987599,2025-09-08,"Chicago (CHI-C), IL",Illinois,MU,RNA+DNA,raw_wastewater_moore_swab
SAMN53135058,SRR35987625,2025-09-15,"Chicago (CHI-C), IL",Illinois,MU,RNA+DNA,raw_wastewater_moore_swab
SAMN53135059,SRR35987626,2025-09-22,"Chicago (CHI-C), IL",Illinois,MU,RNA+DNA,raw_wastewater_moore_swab
SAMN53135060,SRR35987627,2025-09-29,"Chicago (CHI-C), IL",Illinois,MU,RNA+DNA,raw_wastewater_moore_swab
SAMN53135061,SRR35987618,2025-10-06,"Chicago (CHI-C), IL",Illinois,MU,RNA+DNA,raw_wastewater_moore_swab
SAMN53135062,SRR35987621,2025-10-13,"Chicago (CHI-C), IL",Illinois,MU,RNA+DNA,raw_wastewater_moore_swab
SAMN53135063,SRR35987622,2025-10-20,"Chicago (CHI-C), IL",Illinois,MU,RNA+DNA,raw_wastewater_moore_swab
SAMN54610790,SRR36832695,2025-10-27,"Chicago (CHI-C), IL",Illinois,MU,RNA+DNA,raw_wastewater_moore_swab
SAMN54610791,SRR36832694,2025-11-03,"Chicago (CHI-C), IL",Illinois,MU,RNA+DNA,raw_wastewater_moore_swab
SAMN54610792,SRR36832693,2025-11-10,"Chicago (CHI-C), IL",Illinois,MU,RNA+DNA,raw_wastewater_moore_swab
SAMN54610793,SRR36832691,2025-11-17,"Chicago (CHI-C), IL",Illinois,MU,RNA+DNA,raw_wastewater_moore_swab
SAMN54610794,SRR36832692,2025-11-24,"Chicago (CHI-C), IL",Illinois,MU,RNA+DNA,raw_wastewater_moore_swab
SAMN54610795,SRR36832690,2025-12-01,"Chicago (CHI-C), IL",Illinois,MU,RNA+DNA,raw_wastewater_moore_swab
SAMN55038719,SRR37089592,2025-12-08,"Chicago (CHI-C), IL",Illinois,MU,RNA+DNA,raw_wastewater_moore_swab
SAMN55038720,SRR37089591,2025-12-15,"Chicago (CHI-C), IL",Illinois,MU,RNA+DNA,raw_wastewater_moore_swab
SAMN55038721,SRR37089590,2025-12-22,"Chicago (CHI-C), IL",Illinois,MU,RNA+DNA,raw_wastewater_moore_swab
SAMN55038722,SRR37089588,2025-12-29,"Chicago (CHI-C), IL",Illinois,MU,RNA+DNA,raw_wastewater_moore_swab
SAMN55038723,SRR37089589,2026-01-05,"Chicago (CHI-C), IL",Illinois,MU,RNA+DNA,raw_wastewater_moore_swab
SAMN57413804,SRR38294730,2026-01-12,"Chicago (CHI-C), IL",Illinois,MU,RNA+DNA,raw_wastewater_moore_swab
SAMN57413805,SRR38294723,2026-01-19,"Chicago (CHI-C), IL",Illinois,MU,RNA+DNA,raw_wastewater_moore_swab
SAMN57413806,SRR38294722,2026-01-26,"Chicago (CHI-C), IL",Illinois,MU,RNA+DNA,raw_wastewater_moore_swab
SAMN57413807,SRR38294719,2026-02-02,"Chicago (CHI-C), IL",Illinois,MU,RNA+DNA,raw_wastewater_moore_swab
SAMN57413808,SRR38294718,2026-02-09,"Chicago (CHI-C), IL",Illinois,MU,RNA+DNA,raw_wastewater_moore_swab
SAMN57413809,SRR38294717,2026-02-16,"Chicago (CHI-C), IL",Illinois,MU,RNA+DNA,raw_wastewater_moore_swab
SAMN57413810,SRR38294661,2026-02-23,"Chicago (CHI-C), IL",Illinois,MU,RNA+DNA,raw_wastewater_moore_swab
SAMN57413811,SRR38294658,2026-03-02,"Chicago (CHI-C), IL",Illinois,MU,RNA+DNA,raw_wastewater_moore_swab
SAMN57413813,SRR38294655,2026-03-16,"Chicago (CHI-C), IL",Illinois,MU,RNA+DNA,raw_wastewater_moore_swab
SAMN57413814,SRR38294656,2026-03-23,"Chicago (CHI-C), IL",Illinois,MU,RNA+DNA,raw_wastewater_moore_swab
SAMN57413815,SRR38294716,2026-03-30,"Chicago (CHI-C), IL",Illinois,MU,RNA+DNA,raw_wastewater_moore_swab
SAMN61656747,SRR39695053,2026-04-06,"Chicago (CHI-C), IL",Illinois,MU,RNA+DNA,raw_wastewater_moore_swab
SAMN61656748,SRR39695050,2026-04-13,"Chicago (CHI-C), IL",Illinois,MU,RNA+DNA,raw_wastewater_moore_swab
SAMN61656749,SRR39694940,2026-04-20,"Chicago (CHI-C), IL",Illinois,MU,RNA+DNA,raw_wastewater_moore_swab
SAMN61656750,SRR39695099,2026-04-27,"Chicago (CHI-C), IL",Illinois,MU,RNA+DNA,raw_wastewater_moore_swab
SAMN61656751,SRR39695326,2026-05-04,"Chicago (CHI-C), IL",Illinois,MU,RNA+DNA,raw_wastewater_moore_swab
SAMN61656752,SRR39695325,2026-05-11,"Chicago (CHI-C), IL",Illinois,MU,RNA+DNA,raw_wastewater_moore_swab
SAMN61656753,SRR39694932,2026-05-18,"Chicago (CHI-C), IL",Illinois,MU,RNA+DNA,raw_wastewater_moore_swab
SAMN61656754,SRR39695078,2026-05-28,"Chicago (CHI-C), IL",Illinois,MU,RNA+DNA,raw_wastewater_moore_swab
SAMN61656755,SRR39695227,2026-06-01,"Chicago (CHI-C), IL",Illinois,MU,RNA+DNA,raw_wastewater_moore_swab
SAMN61656756,SRR39695112,2026-06-08,"Chicago (CHI-C), IL",Illinois,MU,RNA+DNA,raw_wastewater_moore_swab
SAMN61656757,SRR39695110,2026-06-15,"Chicago (CHI-C), IL",Illinois,MU,RNA+DNA,raw_wastewater_moore_swab
SAMN61656758,SRR39695109,2026-06-22,"Chicago (CHI-C), IL",Illinois,MU,RNA+DNA,raw_wastewater_moore_swab
SAMN61656759,SRR39695108,2026-06-29,"Chicago (CHI-C), IL",Illinois,MU,RNA+DNA,raw_wastewater_moore_swab
SAMN47830430,SRR33038055,2024-09-15,"Chicago (CHI-D1), IL",Illinois,MU,RNA+DNA,raw_wastewater_composite
SAMN47830457,SRR33038125,2024-10-27,"Chicago (CHI-D1), IL",Illinois,MU,RNA+DNA,raw_wastewater_composite
SAMN47830463,SRR33038008,2024-11-03,"Chicago (CHI-D1), IL",Illinois,MU,RNA+DNA,raw_wastewater_composite
SAMN47830469,SRR33038001,2024-11-10,"Chicago (CHI-D1), IL",Illinois,MU,RNA+DNA,raw_wastewater_composite
SAMN47830475,SRR33038114,2024-11-17,"Chicago (CHI-D1), IL",Illinois,MU,RNA+DNA,raw_wastewater_composite
SAMN47830482,SRR33038213,2024-11-24,"Chicago (CHI-D1), IL",Illinois,MU,RNA+DNA,raw_wastewater_composite
SAMN47830489,SRR33038072,2024-12-01,"Chicago (CHI-D1), IL",Illinois,MU,RNA+DNA,raw_wastewater_composite
SAMN47830493,SRR33038210,2024-12-08,"Chicago (CHI-D1), IL",Illinois,MU,RNA+DNA,raw_wastewater_composite
SAMN47830501,SRR33038060;SRR33038061,2024-12-15,"Chicago (CHI-D1), IL",Illinois,MU,RNA+DNA,raw_wastewater_composite
SAMN47830509,SRR33038193;SRR33038196,2024-12-22,"Chicago (CHI-D1), IL",Illinois,MU,RNA+DNA,raw_wastewater_composite
SAMN47830516,SRR33038183;SRR33038186,2024-12-29,"Chicago (CHI-D1), IL",Illinois,MU,RNA+DNA,raw_wastewater_composite
SAMN47830524,SRR33038092;SRR33038177,2025-01-05,"Chicago (CHI-D1), IL",Illinois,MU,RNA+DNA,raw_wastewater_composite
SAMN47830532,SRR33038052,2025-01-12,"Chicago (CHI-D1), IL",Illinois,MU,RNA+DNA,raw_wastewater_composite
SAMN47830540,SRR33038038,2025-01-19,"Chicago (CHI-D1), IL",Illinois,MU,RNA+DNA,raw_wastewater_composite
SAMN47830547,SRR33038030,2025-01-26,"Chicago (CHI-D1), IL",Illinois,MU,RNA+DNA,raw_wastewater_composite
SAMN47830555,SRR33038147,2025-02-02,"Chicago (CHI-D1), IL",Illinois,MU,RNA+DNA,raw_wastewater_composite
SAMN47830560,SRR33038165,2025-02-09,"Chicago (CHI-D1), IL",Illinois,MU,RNA+DNA,raw_wastewater_composite
SAMN47830569,SRR33038153,2025-02-17,"Chicago (CHI-D1), IL",Illinois,MU,RNA+DNA,raw_wastewater_composite
SAMN47830577,SRR33038145,2025-02-23,"Chicago (CHI-D1), IL",Illinois,MU,RNA+DNA,raw_wastewater_composite
SAMN47830583,SRR33038021,2025-03-02,"Chicago (CHI-D1), IL",Illinois,MU,RNA+DNA,raw_wastewater_composite
SAMN47830593,SRR33038134,2025-03-09,"Chicago (CHI-D1), IL",Illinois,MU,RNA+DNA,raw_wastewater_composite
SAMN56287609,SRR37428234,2025-03-16,"Chicago (CHI-D1), IL",Illinois,MU,RNA+DNA,raw_wastewater_composite
SAMN56287610,SRR37428233,2025-03-23,"Chicago (CHI-D1), IL",Illinois,MU,RNA+DNA,raw_wastewater_composite
SAMN56287611,SRR37428221,2025-03-30,"Chicago (CHI-D1), IL",Illinois,MU,RNA+DNA,raw_wastewater_composite
SAMN56287612,SRR37428224,2025-04-06,"Chicago (CHI-D1), IL",Illinois,MU,RNA+DNA,raw_wastewater_composite
SAMN56287613,SRR37428208,2025-04-13,"Chicago (CHI-D1), IL",Illinois,MU,RNA+DNA,raw_wastewater_composite
SAMN56287614,SRR37428183,2025-04-20,"Chicago (CHI-D1), IL",Illinois,MU,RNA+DNA,raw_wastewater_composite
SAMN56287615,SRR37428187,2025-04-27,"Chicago (CHI-D1), IL",Illinois,MU,RNA+DNA,raw_wastewater_composite
SAMN56287616,SRR37428186,2025-05-04,"Chicago (CHI-D1), IL",Illinois,MU,RNA+DNA,raw_wastewater_composite
SAMN56287617,SRR37428185,2025-05-11,"Chicago (CHI-D1), IL",Illinois,MU,RNA+DNA,raw_wastewater_composite
SAMN56287618,SRR37428184,2025-05-18,"Chicago (CHI-D1), IL",Illinois,MU,RNA+DNA,raw_wastewater_composite
SAMN56287619,SRR37428232,2025-05-25,"Chicago (CHI-D1), IL",Illinois,MU,RNA+DNA,raw_wastewater_composite
SAMN56287620,SRR37428229,2025-06-01,"Chicago (CHI-D1), IL",Illinois,MU,RNA+DNA,raw_wastewater_composite
SAMN53135019,SRR35987570,2025-06-08,"Chicago (CHI-D1), IL",Illinois,MU,RNA+DNA,raw_wastewater_composite
SAMN53135021,SRR35987606,2025-06-15,"Chicago (CHI-D1), IL",Illinois,MU,RNA+DNA,raw_wastewater_composite
SAMN53135023,SRR35987604,2025-06-22,"Chicago (CHI-D1), IL",Illinois,MU,RNA+DNA,raw_wastewater_composite
SAMN53135025,SRR35987602,2025-06-29,"Chicago (CHI-D1), IL",Illinois,MU,RNA+DNA,raw_wastewater_composite
SAMN56287621,SRR37428228,2025-07-06,"Chicago (CHI-D1), IL",Illinois,MU,RNA+DNA,raw_wastewater_composite
SAMN56287622,SRR37428230,2025-07-13,"Chicago (CHI-D1), IL",Illinois,MU,RNA+DNA,raw_wastewater_composite
SAMN56287623,SRR37428231,2025-07-20,"Chicago (CHI-D1), IL",Illinois,MU,RNA+DNA,raw_wastewater_composite
SAMN56287624,SRR37428192,2025-07-27,"Chicago (CHI-D1), IL",Illinois,MU,RNA+DNA,raw_wastewater_composite
SAMN56287625,SRR37428193,2025-08-03,"Chicago (CHI-D1), IL",Illinois,MU,RNA+DNA,raw_wastewater_composite
SAMN56287626,SRR37428194,2025-08-10,"Chicago (CHI-D1), IL",Illinois,MU,RNA+DNA,raw_wastewater_composite
SAMN56287627,SRR37428207,2025-08-17,"Chicago (CHI-D1), IL",Illinois,MU,RNA+DNA,raw_wastewater_composite
SAMN56287628,SRR37428210,2025-08-26,"Chicago (CHI-D1), IL",Illinois,MU,RNA+DNA,raw_wastewater_composite
SAMN56287629,SRR37428223,2025-08-31,"Chicago (CHI-D1), IL",Illinois,MU,RNA+DNA,raw_wastewater_composite
SAMN56287630,SRR37428212,2025-09-07,"Chicago (CHI-D1), IL",Illinois,MU,RNA+DNA,raw_wastewater_composite
SAMN56287631,SRR37428213,2025-09-14,"Chicago (CHI-D1), IL",Illinois,MU,RNA+DNA,raw_wastewater_composite
SAMN56287632,SRR37428214;SRR37428215,2025-09-21,"Chicago (CHI-D1), IL",Illinois,MU,RNA+DNA,raw_wastewater_composite
SAMN56287633,SRR37428217,2025-09-28,"Chicago (CHI-D1), IL",Illinois,MU,RNA+DNA,raw_wastewater_composite
SAMN56287634,SRR37428216,2025-10-05,"Chicago (CHI-D1), IL",Illinois,MU,RNA+DNA,raw_wastewater_composite
SAMN53135074,SRR35987620,2025-10-12,"Chicago (CHI-D1), IL",Illinois,MU,RNA+DNA,raw_wastewater_composite
SAMN53135076,SRR35987616,2025-10-19,"Chicago (CHI-D1), IL",Illinois,MU,RNA+DNA,raw_wastewater_composite
SAMN54610796,SRR36832689,2025-10-26,"Chicago (CHI-D1), IL",Illinois,MU,RNA+DNA,raw_wastewater_composite
SAMN54610797,SRR36832688,2025-11-02,"Chicago (CHI-D1), IL",Illinois,MU,RNA+DNA,raw_wastewater_composite
SAMN54610798,SRR36832687,2025-11-09,"Chicago (CHI-D1), IL",Illinois,MU,RNA+DNA,raw_wastewater_composite
SAMN54610799,SRR36832685,2025-11-16,"Chicago (CHI-D1), IL",Illinois,MU,RNA+DNA,raw_wastewater_composite
SAMN54610800,SRR36832681,2025-11-23,"Chicago (CHI-D1), IL",Illinois,MU,RNA+DNA,raw_wastewater_composite
SAMN54610801,SRR36832680,2025-11-30,"Chicago (CHI-D1), IL",Illinois,MU,RNA+DNA,raw_wastewater_composite
SAMN55038724,SRR37089587,2025-12-07,"Chicago (CHI-D1), IL",Illinois,MU,RNA+DNA,raw_wastewater_composite
SAMN55038725,SRR37089586,2025-12-14,"Chicago (CHI-D1), IL",Illinois,MU,RNA+DNA,raw_wastewater_composite
SAMN55038726,SRR37089585,2025-12-21,"Chicago (CHI-D1), IL",Illinois,MU,RNA+DNA,raw_wastewater_composite
SAMN55038727,SRR37089583,2025-12-28,"Chicago (CHI-D1), IL",Illinois,MU,RNA+DNA,raw_wastewater_composite
SAMN55038728,SRR37089584,2026-01-04,"Chicago (CHI-D1), IL",Illinois,MU,RNA+DNA,raw_wastewater_composite
SAMN57413816,SRR38294715,2026-01-11,"Chicago (CHI-D1), IL",Illinois,MU,RNA+DNA,raw_wastewater_composite
SAMN57413817,SRR38294654,2026-01-18,"Chicago (CHI-D1), IL",Illinois,MU,RNA+DNA,raw_wastewater_composite
SAMN57413818,SRR38294653,2026-01-25,"Chicago (CHI-D1), IL",Illinois,MU,RNA+DNA,raw_wastewater_composite
SAMN57413819,SRR38294652,2026-02-01,"Chicago (CHI-D1), IL",Illinois,MU,RNA+DNA,raw_wastewater_composite
SAMN57413820,SRR38294650,2026-02-08,"Chicago (CHI-D1), IL",Illinois,MU,RNA+DNA,raw_wastewater_composite
SAMN57413821,SRR38294651,2026-02-15,"Chicago (CHI-D1), IL",Illinois,MU,RNA+DNA,raw_wastewater_composite
SAMN57413822,SRR38294648,2026-02-22,"Chicago (CHI-D1), IL",Illinois,MU,RNA+DNA,raw_wastewater_composite
SAMN57413823,SRR38294775,2026-03-01,"Chicago (CHI-D1), IL",Illinois,MU,RNA+DNA,raw_wastewater_composite
SAMN57413825,SRR38294772,2026-03-15,"Chicago (CHI-D1), IL",Illinois,MU,RNA+DNA,raw_wastewater_composite
SAMN57413826,SRR38294770,2026-03-22,"Chicago (CHI-D1), IL",Illinois,MU,RNA+DNA,raw_wastewater_composite
SAMN57413827,SRR38294771,2026-03-29,"Chicago (CHI-D1), IL",Illinois,MU,RNA+DNA,raw_wastewater_composite
SAMN61656760,SRR39695106,2026-04-05,"Chicago (CHI-D1), IL",Illinois,MU,RNA+DNA,raw_wastewater_composite
SAMN61656761,SRR39695107,2026-04-12,"Chicago (CHI-D1), IL",Illinois,MU,RNA+DNA,raw_wastewater_composite
SAMN61656762,SRR39695105,2026-04-19,"Chicago (CHI-D1), IL",Illinois,MU,RNA+DNA,raw_wastewater_composite
SAMN61656763,SRR39695104,2026-04-26,"Chicago (CHI-D1), IL",Illinois,MU,RNA+DNA,raw_wastewater_composite
SAMN61656764,SRR39695103,2026-05-03,"Chicago (CHI-D1), IL",Illinois,MU,RNA+DNA,raw_wastewater_composite
SAMN61656765,SRR39695102,2026-05-10,"Chicago (CHI-D1), IL",Illinois,MU,RNA+DNA,raw_wastewater_composite
SAMN61656766,SRR39695100,2026-05-17,"Chicago (CHI-D1), IL",Illinois,MU,RNA+DNA,raw_wastewater_composite
SAMN61656767,SRR39694933,2026-05-24,"Chicago (CHI-D1), IL",Illinois,MU,RNA+DNA,raw_wastewater_composite
SAMN61656768,SRR39695077,2026-05-31,"Chicago (CHI-D1), IL",Illinois,MU,RNA+DNA,raw_wastewater_composite
SAMN61656769,SRR39695327,2026-06-07,"Chicago (CHI-D1), IL",Illinois,MU,RNA+DNA,raw_wastewater_composite
SAMN61656770,SRR39695040,2026-06-14,"Chicago (CHI-D1), IL",Illinois,MU,RNA+DNA,raw_wastewater_composite
SAMN61656771,SRR39695038,2026-06-21,"Chicago (CHI-D1), IL",Illinois,MU,RNA+DNA,raw_wastewater_composite
SAMN61656772,SRR39695039,2026-06-28,"Chicago (CHI-D1), IL",Illinois,MU,RNA+DNA,raw_wastewater_composite
SAMN47830431,SRR33038194,2024-09-15,"Chicago (CHI-D2), IL",Illinois,MU,RNA+DNA,raw_wastewater_composite
SAMN47830458,SRR33038124,2024-10-27,"Chicago (CHI-D2), IL",Illinois,MU,RNA+DNA,raw_wastewater_composite
SAMN47830464,SRR33038005,2024-11-03,"Chicago (CHI-D2), IL",Illinois,MU,RNA+DNA,raw_wastewater_composite
SAMN47830470,SRR33038000,2024-11-10,"Chicago (CHI-D2), IL",Illinois,MU,RNA+DNA,raw_wastewater_composite
SAMN47830476,SRR33038113,2024-11-17,"Chicago (CHI-D2), IL",Illinois,MU,RNA+DNA,raw_wastewater_composite
SAMN47830483,SRR33038212,2024-11-24,"Chicago (CHI-D2), IL",Illinois,MU,RNA+DNA,raw_wastewater_composite
SAMN47830490,SRR33038070,2024-12-01,"Chicago (CHI-D2), IL",Illinois,MU,RNA+DNA,raw_wastewater_composite
SAMN47830494,SRR33038209,2024-12-08,"Chicago (CHI-D2), IL",Illinois,MU,RNA+DNA,raw_wastewater_composite
SAMN47830502,SRR33038058;SRR33038059,2024-12-15,"Chicago (CHI-D2), IL",Illinois,MU,RNA+DNA,raw_wastewater_composite
SAMN47830510,SRR33038195;SRR33038197,2024-12-22,"Chicago (CHI-D2), IL",Illinois,MU,RNA+DNA,raw_wastewater_composite
SAMN47830517,SRR33038185;SRR33038187,2024-12-29,"Chicago (CHI-D2), IL",Illinois,MU,RNA+DNA,raw_wastewater_composite
SAMN47830525,SRR33038175;SRR33038176,2025-01-05,"Chicago (CHI-D2), IL",Illinois,MU,RNA+DNA,raw_wastewater_composite
SAMN47830533,SRR33038049,2025-01-12,"Chicago (CHI-D2), IL",Illinois,MU,RNA+DNA,raw_wastewater_composite
SAMN47830541,SRR33038037,2025-01-19,"Chicago (CHI-D2), IL",Illinois,MU,RNA+DNA,raw_wastewater_composite
SAMN47830548,SRR33038026,2025-01-26,"Chicago (CHI-D2), IL",Illinois,MU,RNA+DNA,raw_wastewater_composite
SAMN47830556,SRR33038146,2025-02-02,"Chicago (CHI-D2), IL",Illinois,MU,RNA+DNA,raw_wastewater_composite
SAMN47830561,SRR33038164,2025-02-09,"Chicago (CHI-D2), IL",Illinois,MU,RNA+DNA,raw_wastewater_composite
SAMN47830570,SRR33038155,2025-02-17,"Chicago (CHI-D2), IL",Illinois,MU,RNA+DNA,raw_wastewater_composite
SAMN47830578,SRR33038143,2025-02-23,"Chicago (CHI-D2), IL",Illinois,MU,RNA+DNA,raw_wastewater_composite
SAMN47830584,SRR33038020,2025-03-02,"Chicago (CHI-D2), IL",Illinois,MU,RNA+DNA,raw_wastewater_composite
SAMN47830594,SRR33038133,2025-03-09,"Chicago (CHI-D2), IL",Illinois,MU,RNA+DNA,raw_wastewater_composite
SAMN56287635,SRR37428218,2025-03-16,"Chicago (CHI-D2), IL",Illinois,MU,RNA+DNA,raw_wastewater_composite
SAMN56287636,SRR37428219,2025-03-23,"Chicago (CHI-D2), IL",Illinois,MU,RNA+DNA,raw_wastewater_composite
SAMN56287637,SRR37428220,2025-03-30,"Chicago (CHI-D2), IL",Illinois,MU,RNA+DNA,raw_wastewater_composite
SAMN56287638,SRR37428225,2025-04-06,"Chicago (CHI-D2), IL",Illinois,MU,RNA+DNA,raw_wastewater_composite
SAMN56287639,SRR37428226,2025-04-13,"Chicago (CHI-D2), IL",Illinois,MU,RNA+DNA,raw_wastewater_composite
SAMN56287640,SRR37428227,2025-04-20,"Chicago (CHI-D2), IL",Illinois,MU,RNA+DNA,raw_wastewater_composite
SAMN56287641,SRR37428205,2025-04-27,"Chicago (CHI-D2), IL",Illinois,MU,RNA+DNA,raw_wastewater_composite
SAMN56287642,SRR37428203,2025-05-04,"Chicago (CHI-D2), IL",Illinois,MU,RNA+DNA,raw_wastewater_composite
SAMN56287643,SRR37428201,2025-05-11,"Chicago (CHI-D2), IL",Illinois,MU,RNA+DNA,raw_wastewater_composite
SAMN56287644,SRR37428200,2025-05-18,"Chicago (CHI-D2), IL",Illinois,MU,RNA+DNA,raw_wastewater_composite
SAMN56287645,SRR37428199,2025-05-25,"Chicago (CHI-D2), IL",Illinois,MU,RNA+DNA,raw_wastewater_composite
SAMN56287646,SRR37428204,2025-06-01,"Chicago (CHI-D2), IL",Illinois,MU,RNA+DNA,raw_wastewater_composite
SAMN53135020,SRR35987569,2025-06-08,"Chicago (CHI-D2), IL",Illinois,MU,RNA+DNA,raw_wastewater_composite
SAMN53135022,SRR35987605,2025-06-15,"Chicago (CHI-D2), IL",Illinois,MU,RNA+DNA,raw_wastewater_composite
SAMN53135024,SRR35987603,2025-06-22,"Chicago (CHI-D2), IL",Illinois,MU,RNA+DNA,raw_wastewater_composite
SAMN53135026,SRR35987667,2025-06-29,"Chicago (CHI-D2), IL",Illinois,MU,RNA+DNA,raw_wastewater_composite
SAMN56287647,SRR37428202,2025-07-06,"Chicago (CHI-D2), IL",Illinois,MU,RNA+DNA,raw_wastewater_composite
SAMN56287648,SRR37428206,2025-07-13,"Chicago (CHI-D2), IL",Illinois,MU,RNA+DNA,raw_wastewater_composite
SAMN56287649,SRR37428211,2025-07-20,"Chicago (CHI-D2), IL",Illinois,MU,RNA+DNA,raw_wastewater_composite
SAMN56287650,SRR37428209,2025-07-27,"Chicago (CHI-D2), IL",Illinois,MU,RNA+DNA,raw_wastewater_composite
SAMN56287651,SRR37428195,2025-08-03,"Chicago (CHI-D2), IL",Illinois,MU,RNA+DNA,raw_wastewater_composite
SAMN56287652,SRR37428222,2025-08-10,"Chicago (CHI-D2), IL",Illinois,MU,RNA+DNA,raw_wastewater_composite
SAMN56287653,SRR37428198,2025-08-17,"Chicago (CHI-D2), IL",Illinois,MU,RNA+DNA,raw_wastewater_composite
SAMN56287654,SRR37428197,2025-08-26,"Chicago (CHI-D2), IL",Illinois,MU,RNA+DNA,raw_wastewater_composite
SAMN56287655,SRR37428196,2025-08-31,"Chicago (CHI-D2), IL",Illinois,MU,RNA+DNA,raw_wastewater_composite
SAMN56287656,SRR37428191,2025-09-07,"Chicago (CHI-D2), IL",Illinois,MU,RNA+DNA,raw_wastewater_composite
SAMN56287657,SRR37428190,2025-09-14,"Chicago (CHI-D2), IL",Illinois,MU,RNA+DNA,raw_wastewater_composite
SAMN56287658,SRR37428182,2025-09-21,"Chicago (CHI-D2), IL",Illinois,MU,RNA+DNA,raw_wastewater_composite
SAMN56287659,SRR37428189,2025-09-28,"Chicago (CHI-D2), IL",Illinois,MU,RNA+DNA,raw_wastewater_composite
SAMN56287660,SRR37428188,2025-10-05,"Chicago (CHI-D2), IL",Illinois,MU,RNA+DNA,raw_wastewater_composite
SAMN53135075,SRR35987617,2025-10-12,"Chicago (CHI-D2), IL",Illinois,MU,RNA+DNA,raw_wastewater_composite
SAMN53135077,SRR35987590,2025-10-19,"Chicago (CHI-D2), IL",Illinois,MU,RNA+DNA,raw_wastewater_composite
SAMN54610802,SRR36832679,2025-10-26,"Chicago (CHI-D2), IL",Illinois,MU,RNA+DNA,raw_wastewater_composite
SAMN54610803,SRR36832682,2025-11-02,"Chicago (CHI-D2), IL",Illinois,MU,RNA+DNA,raw_wastewater_composite
SAMN54610804,SRR36832683,2025-11-09,"Chicago (CHI-D2), IL",Illinois,MU,RNA+DNA,raw_wastewater_composite
SAMN54610805,SRR36832684,2025-11-16,"Chicago (CHI-D2), IL",Illinois,MU,RNA+DNA,raw_wastewater_composite
SAMN54610806,SRR36832670,2025-11-23,"Chicago (CHI-D2), IL",Illinois,MU,RNA+DNA,raw_wastewater_composite
SAMN54610807,SRR36832671,2025-11-30,"Chicago (CHI-D2), IL",Illinois,MU,RNA+DNA,raw_wastewater_composite
SAMN55038729,SRR37089580,2025-12-07,"Chicago (CHI-D2), IL",Illinois,MU,RNA+DNA,raw_wastewater_composite
SAMN55038730,SRR37089581,2025-12-14,"Chicago (CHI-D2), IL",Illinois,MU,RNA+DNA,raw_wastewater_composite
SAMN55038731,SRR37089582,2025-12-21,"Chicago (CHI-D2), IL",Illinois,MU,RNA+DNA,raw_wastewater_composite
SAMN55038732,SRR37089570,2025-12-28,"Chicago (CHI-D2), IL",Illinois,MU,RNA+DNA,raw_wastewater_composite
SAMN55038733,SRR37089571,2026-01-04,"Chicago (CHI-D2), IL",Illinois,MU,RNA+DNA,raw_wastewater_composite
SAMN57413828,SRR38294769,2026-01-11,"Chicago (CHI-D2), IL",Illinois,MU,RNA+DNA,raw_wastewater_composite
SAMN57413829,SRR38294951,2026-01-18,"Chicago (CHI-D2), IL",Illinois,MU,RNA+DNA,raw_wastewater_composite
SAMN57413830,SRR38294950,2026-01-25,"Chicago (CHI-D2), IL",Illinois,MU,RNA+DNA,raw_wastewater_composite
SAMN57413831,SRR38294768,2026-02-01,"Chicago (CHI-D2), IL",Illinois,MU,RNA+DNA,raw_wastewater_composite
SAMN57413832,SRR38294767,2026-02-08,"Chicago (CHI-D2), IL",Illinois,MU,RNA+DNA,raw_wastewater_composite
SAMN57413833,SRR38294766,2026-02-15,"Chicago (CHI-D2), IL",Illinois,MU,RNA+DNA,raw_wastewater_composite
SAMN57413834,SRR38294765,2026-02-22,"Chicago (CHI-D2), IL",Illinois,MU,RNA+DNA,raw_wastewater_composite
SAMN57413835,SRR38294763,2026-03-01,"Chicago (CHI-D2), IL",Illinois,MU,RNA+DNA,raw_wastewater_composite
SAMN57413837,SRR38294713,2026-03-15,"Chicago (CHI-D2), IL",Illinois,MU,RNA+DNA,raw_wastewater_composite
SAMN57413838,SRR38294714,2026-03-22,"Chicago (CHI-D2), IL",Illinois,MU,RNA+DNA,raw_wastewater_composite
SAMN57413839,SRR38294712,2026-03-29,"Chicago (CHI-D2), IL",Illinois,MU,RNA+DNA,raw_wastewater_composite
SAMN61656773,SRR39695324,2026-04-05,"Chicago (CHI-D2), IL",Illinois,MU,RNA+DNA,raw_wastewater_composite
SAMN61656774,SRR39695322,2026-04-12,"Chicago (CHI-D2), IL",Illinois,MU,RNA+DNA,raw_wastewater_composite
SAMN61656775,SRR39695321,2026-04-19,"Chicago (CHI-D2), IL",Illinois,MU,RNA+DNA,raw_wastewater_composite
SAMN61656776,SRR39695320,2026-04-26,"Chicago (CHI-D2), IL",Illinois,MU,RNA+DNA,raw_wastewater_composite
SAMN61656777,SRR39695319,2026-05-03,"Chicago (CHI-D2), IL",Illinois,MU,RNA+DNA,raw_wastewater_composite
SAMN61656778,SRR39695317,2026-05-10,"Chicago (CHI-D2), IL",Illinois,MU,RNA+DNA,raw_wastewater_composite
SAMN61656779,SRR39695318,2026-05-17,"Chicago (CHI-D2), IL",Illinois,MU,RNA+DNA,raw_wastewater_composite
SAMN61656780,SRR39695316,2026-05-24,"Chicago (CHI-D2), IL",Illinois,MU,RNA+DNA,raw_wastewater_composite
SAMN61656781,SRR39695315,2026-05-31,"Chicago (CHI-D2), IL",Illinois,MU,RNA+DNA,raw_wastewater_composite
SAMN61656782,SRR39695051,2026-06-07,"Chicago (CHI-D2), IL",Illinois,MU,RNA+DNA,raw_wastewater_composite
SAMN61656783,SRR39695048,2026-06-14,"Chicago (CHI-D2), IL",Illinois,MU,RNA+DNA,raw_wastewater_composite
SAMN61656784,SRR39695049,2026-06-21,"Chicago (CHI-D2), IL",Illinois,MU,RNA+DNA,raw_wastewater_composite
SAMN61656785,SRR39695045,2026-06-28,"Chicago (CHI-D2), IL",Illinois,MU,RNA+DNA,raw_wastewater_composite
SAMN47830425,SRR33038120,2024-09-08,"Chicago (CHI-D3), IL",Illinois,MU,RNA+DNA,raw_wastewater_composite
SAMN47830433,SRR33038190,2024-09-22,"Chicago (CHI-D3), IL",Illinois,MU,RNA+DNA,raw_wastewater_composite
SAMN47830437,SRR33038027,2024-09-29,"Chicago (CHI-D3), IL",Illinois,MU,RNA+DNA,raw_wastewater_composite
SAMN47830441,SRR33038083,2024-10-06,"Chicago (CHI-D3), IL",Illinois,MU,RNA+DNA,raw_wastewater_composite
SAMN47830446,SRR33038013,2024-10-13,"Chicago (CHI-D3), IL",Illinois,MU,RNA+DNA,raw_wastewater_composite
SAMN47830452,SRR33038130,2024-10-21,"Chicago (CHI-D3), IL",Illinois,MU,RNA+DNA,raw_wastewater_composite
SAMN55037916,SRR37092467,2023-12-26,"Columbia WWTP, MO",Missouri,MU,RNA+DNA,raw_wastewater_composite
SAMN52958976,SRR35904078;SRR35904089;SRR35904090,2024-01-02,"Columbia WWTP, MO",Missouri,MU,RNA+DNA,raw_wastewater_composite
SAMN52958977,SRR35904045;SRR35904056;SRR35904067,2024-01-09,"Columbia WWTP, MO",Missouri,MU,RNA+DNA,raw_wastewater_composite
SAMN52958984,SRR35904085,2024-02-27,"Columbia WWTP, MO",Missouri,MU,RNA+DNA,raw_wastewater_composite
SAMN52958985,SRR35904084,2024-03-05,"Columbia WWTP, MO",Missouri,MU,RNA+DNA,raw_wastewater_composite
SAMN52958986,SRR35904083,2024-03-12,"Columbia WWTP, MO",Missouri,MU,RNA+DNA,raw_wastewater_composite
SAMN52958987,SRR35904082,2024-03-19,"Columbia WWTP, MO",Missouri,MU,RNA+DNA,raw_wastewater_composite
SAMN52958988,SRR35904081,2024-03-26,"Columbia WWTP, MO",Missouri,MU,RNA+DNA,raw_wastewater_composite
SAMN52958989,SRR35904080,2024-04-02,"Columbia WWTP, MO",Missouri,MU,RNA+DNA,raw_wastewater_composite
SAMN52958990,SRR35904079,2024-04-09,"Columbia WWTP, MO",Missouri,MU,RNA+DNA,raw_wastewater_composite
SAMN52958991,SRR35904076;SRR35904077,2024-04-16,"Columbia WWTP, MO",Missouri,MU,RNA+DNA,raw_wastewater_composite
SAMN52958992,SRR35904075,2024-04-23,"Columbia WWTP, MO",Missouri,MU,RNA+DNA,raw_wastewater_composite
SAMN52958993,SRR35904074,2024-04-30,"Columbia WWTP, MO",Missouri,MU,RNA+DNA,raw_wastewater_composite
SAMN52958994,SRR35904073,2024-05-07,"Columbia WWTP, MO",Missouri,MU,RNA+DNA,raw_wastewater_composite
SAMN52958995,SRR35904072,2024-05-14,"Columbia WWTP, MO",Missouri,MU,RNA+DNA,raw_wastewater_composite
SAMN52958996,SRR35904071,2024-05-21,"Columbia WWTP, MO",Missouri,MU,RNA+DNA,raw_wastewater_composite
SAMN52958997,SRR35904070,2024-05-28,"Columbia WWTP, MO",Missouri,MU,RNA+DNA,raw_wastewater_composite
SAMN52958998,SRR35904069,2024-06-04,"Columbia WWTP, MO",Missouri,MU,RNA+DNA,raw_wastewater_composite
SAMN52958999,SRR35904068,2024-06-11,"Columbia WWTP, MO",Missouri,MU,RNA+DNA,raw_wastewater_composite
SAMN52959000,SRR35904066,2024-06-18,"Columbia WWTP, MO",Missouri,MU,RNA+DNA,raw_wastewater_composite
SAMN52959001,SRR35904065,2024-06-25,"Columbia WWTP, MO",Missouri,MU,RNA+DNA,raw_wastewater_composite
SAMN52959002,SRR35904063;SRR35904064,2024-07-02,"Columbia WWTP, MO",Missouri,MU,RNA+DNA,raw_wastewater_composite
SAMN52959004,SRR35904061,2024-07-16,"Columbia WWTP, MO",Missouri,MU,RNA+DNA,raw_wastewater_composite
SAMN52959005,SRR35904059;SRR35904060,2024-07-23,"Columbia WWTP, MO",Missouri,MU,RNA+DNA,raw_wastewater_composite
SAMN52959006,SRR35904058,2024-07-30,"Columbia WWTP, MO",Missouri,MU,RNA+DNA,raw_wastewater_composite
SAMN52959007,SRR35904057,2024-08-06,"Columbia WWTP, MO",Missouri,MU,RNA+DNA,raw_wastewater_composite
SAMN52959008,SRR35904055,2024-08-13,"Columbia WWTP, MO",Missouri,MU,RNA+DNA,raw_wastewater_composite
SAMN52959009,SRR35904054,2024-08-20,"Columbia WWTP, MO",Missouri,MU,RNA+DNA,raw_wastewater_composite
SAMN52959010,SRR35904053,2024-08-27,"Columbia WWTP, MO",Missouri,MU,RNA+DNA,raw_wastewater_composite
SAMN52959011,SRR35904052,2024-09-03,"Columbia WWTP, MO",Missouri,MU,RNA+DNA,raw_wastewater_composite
SAMN52959012,SRR35904051,2024-09-10,"Columbia WWTP, MO",Missouri,MU,RNA+DNA,raw_wastewater_composite
SAMN52959013,SRR35904050,2024-09-17,"Columbia WWTP, MO",Missouri,MU,RNA+DNA,raw_wastewater_composite
SAMN52959014,SRR35904049,2024-09-24,"Columbia WWTP, MO",Missouri,MU,RNA+DNA,raw_wastewater_composite
SAMN52959015,SRR35904048,2024-10-01,"Columbia WWTP, MO",Missouri,MU,RNA+DNA,raw_wastewater_composite
SAMN52959016,SRR35904047,2024-10-08,"Columbia WWTP, MO",Missouri,MU,RNA+DNA,raw_wastewater_composite
SAMN52959017,SRR35904046,2024-10-15,"Columbia WWTP, MO",Missouri,MU,RNA+DNA,raw_wastewater_composite
SAMN52959018,SRR35904044,2024-10-22,"Columbia WWTP, MO",Missouri,MU,RNA+DNA,raw_wastewater_composite
SAMN52959019,SRR35904043,2024-10-29,"Columbia WWTP, MO",Missouri,MU,RNA+DNA,raw_wastewater_composite
SAMN52959020,SRR35904042,2024-11-05,"Columbia WWTP, MO",Missouri,MU,RNA+DNA,raw_wastewater_composite
SAMN52959021,SRR35904041,2024-11-12,"Columbia WWTP, MO",Missouri,MU,RNA+DNA,raw_wastewater_composite
SAMN52959022,SRR35904040,2024-11-19,"Columbia WWTP, MO",Missouri,MU,RNA+DNA,raw_wastewater_composite
SAMN52959023,SRR35904039,2024-11-26,"Columbia WWTP, MO",Missouri,MU,RNA+DNA,raw_wastewater_composite
SAMN52959024,SRR35904038,2024-12-03,"Columbia WWTP, MO",Missouri,MU,RNA+DNA,raw_wastewater_composite
SAMN52959025,SRR35904037,2024-12-10,"Columbia WWTP, MO",Missouri,MU,RNA+DNA,raw_wastewater_composite
SAMN52959026,SRR35904036,2024-12-17,"Columbia WWTP, MO",Missouri,MU,RNA+DNA,raw_wastewater_composite
SAMN52959027,SRR35904035,2024-12-24,"Columbia WWTP, MO",Missouri,MU,RNA+DNA,raw_wastewater_composite
SAMN52959028,SRR35904033,2024-12-31,"Columbia WWTP, MO",Missouri,MU,RNA+DNA,raw_wastewater_composite
SAMN53034969,SRR35917740,2025-01-07,"Columbia WWTP, MO",Missouri,MU,RNA+DNA,raw_wastewater_composite
SAMN53034970,SRR35917739,2025-01-14,"Columbia WWTP, MO",Missouri,MU,RNA+DNA,raw_wastewater_composite
SAMN53034971,SRR35917728,2025-01-21,"Columbia WWTP, MO",Missouri,MU,RNA+DNA,raw_wastewater_composite
SAMN53034972,SRR35917722,2025-01-28,"Columbia WWTP, MO",Missouri,MU,RNA+DNA,raw_wastewater_composite
SAMN53034973,SRR35917721,2025-02-04,"Columbia WWTP, MO",Missouri,MU,RNA+DNA,raw_wastewater_composite
SAMN53034974,SRR35917720,2025-02-11,"Columbia WWTP, MO",Missouri,MU,RNA+DNA,raw_wastewater_composite
SAMN53034975,SRR35917719,2025-02-18,"Columbia WWTP, MO",Missouri,MU,RNA+DNA,raw_wastewater_composite
SAMN53034976,SRR35917718,2025-02-25,"Columbia WWTP, MO",Missouri,MU,RNA+DNA,raw_wastewater_composite
SAMN53034977,SRR35917717,2025-03-04,"Columbia WWTP, MO",Missouri,MU,RNA+DNA,raw_wastewater_composite
SAMN53034978,SRR35917716,2025-03-11,"Columbia WWTP, MO",Missouri,MU,RNA+DNA,raw_wastewater_composite
SAMN53034979,SRR35917738,2025-03-18,"Columbia WWTP, MO",Missouri,MU,RNA+DNA,raw_wastewater_composite
SAMN53034980,SRR35917737,2025-03-26,"Columbia WWTP, MO",Missouri,MU,RNA+DNA,raw_wastewater_composite
SAMN53034981,SRR35917736,2025-04-01,"Columbia WWTP, MO",Missouri,MU,RNA+DNA,raw_wastewater_composite
SAMN53034982,SRR35917735,2025-04-08,"Columbia WWTP, MO",Missouri,MU,RNA+DNA,raw_wastewater_composite
SAMN53034983,SRR35917734,2025-04-15,"Columbia WWTP, MO",Missouri,MU,RNA+DNA,raw_wastewater_composite
SAMN53034984,SRR35917733,2025-04-22,"Columbia WWTP, MO",Missouri,MU,RNA+DNA,raw_wastewater_composite
SAMN53034985,SRR35917732,2025-04-29,"Columbia WWTP, MO",Missouri,MU,RNA+DNA,raw_wastewater_composite
SAMN53034986,SRR35917731,2025-05-06,"Columbia WWTP, MO",Missouri,MU,RNA+DNA,raw_wastewater_composite
SAMN53034987,SRR35917730,2025-05-13,"Columbia WWTP, MO",Missouri,MU,RNA+DNA,raw_wastewater_composite
SAMN53034988,SRR35917729,2025-05-20,"Columbia WWTP, MO",Missouri,MU,RNA+DNA,raw_wastewater_composite
SAMN53034989,SRR35917727,2025-05-27,"Columbia WWTP, MO",Missouri,MU,RNA+DNA,raw_wastewater_composite
SAMN53034990,SRR35917726,2025-06-03,"Columbia WWTP, MO",Missouri,MU,RNA+DNA,raw_wastewater_composite
SAMN53034991,SRR35917725,2025-06-10,"Columbia WWTP, MO",Missouri,MU,RNA+DNA,raw_wastewater_composite
SAMN53034992,SRR35917724,2025-06-17,"Columbia WWTP, MO",Missouri,MU,RNA+DNA,raw_wastewater_composite
SAMN53034993,SRR35917723,2025-06-24,"Columbia WWTP, MO",Missouri,MU,RNA+DNA,raw_wastewater_composite
SAMN55037917,SRR37092466,2025-07-01,"Columbia WWTP, MO",Missouri,MU,RNA+DNA,raw_wastewater_composite
SAMN55037918,SRR37092455,2025-07-08,"Columbia WWTP, MO",Missouri,MU,RNA+DNA,raw_wastewater_composite
SAMN55037919,SRR37092448,2025-07-15,"Columbia WWTP, MO",Missouri,MU,RNA+DNA,raw_wastewater_composite
SAMN55037920,SRR37092446,2025-07-22,"Columbia WWTP, MO",Missouri,MU,RNA+DNA,raw_wastewater_composite
SAMN55037922,SRR37092442,2025-07-29,"Columbia WWTP, MO",Missouri,MU,RNA+DNA,raw_wastewater_composite
SAMN55037923,SRR37092443,2025-08-05,"Columbia WWTP, MO",Missouri,MU,RNA+DNA,raw_wastewater_composite
SAMN55037924,SRR37092444,2025-08-12,"Columbia WWTP, MO",Missouri,MU,RNA+DNA,raw_wastewater_composite
SAMN55037925,SRR37092445,2025-08-19,"Columbia WWTP, MO",Missouri,MU,RNA+DNA,raw_wastewater_composite
SAMN55037926,SRR37092465,2025-08-26,"Columbia WWTP, MO",Missouri,MU,RNA+DNA,raw_wastewater_composite
SAMN55037927,SRR37092464,2025-09-02,"Columbia WWTP, MO",Missouri,MU,RNA+DNA,raw_wastewater_composite
SAMN55037928,SRR37092462,2025-09-10,"Columbia WWTP, MO",Missouri,MU,RNA+DNA,raw_wastewater_composite
SAMN55037929,SRR37092463,2025-09-16,"Columbia WWTP, MO",Missouri,MU,RNA+DNA,raw_wastewater_composite
SAMN55037930,SRR37092461,2025-09-23,"Columbia WWTP, MO",Missouri,MU,RNA+DNA,raw_wastewater_composite
SAMN55037931,SRR37092460,2025-09-30,"Columbia WWTP, MO",Missouri,MU,RNA+DNA,raw_wastewater_composite
SAMN55037932,SRR37092459,2025-10-07,"Columbia WWTP, MO",Missouri,MU,RNA+DNA,raw_wastewater_composite
SAMN55037933,SRR37092457,2025-10-14,"Columbia WWTP, MO",Missouri,MU,RNA+DNA,raw_wastewater_composite
SAMN55037934,SRR37092458,2025-10-21,"Columbia WWTP, MO",Missouri,MU,RNA+DNA,raw_wastewater_composite
SAMN55037935,SRR37092456,2025-10-28,"Columbia WWTP, MO",Missouri,MU,RNA+DNA,raw_wastewater_composite
SAMN55037936,SRR37092454,2025-11-04,"Columbia WWTP, MO",Missouri,MU,RNA+DNA,raw_wastewater_composite
SAMN55037937,SRR37092452,2025-11-12,"Columbia WWTP, MO",Missouri,MU,RNA+DNA,raw_wastewater_composite
SAMN55037938,SRR37092453,2025-11-18,"Columbia WWTP, MO",Missouri,MU,RNA+DNA,raw_wastewater_composite
SAMN55037939,SRR37092451,2025-11-25,"Columbia WWTP, MO",Missouri,MU,RNA+DNA,raw_wastewater_composite
SAMN55037940,SRR37092450,2025-12-04,"Columbia WWTP, MO",Missouri,MU,RNA+DNA,raw_wastewater_composite
SAMN55037941,SRR37092449,2025-12-08,"Columbia WWTP, MO",Missouri,MU,RNA+DNA,raw_wastewater_composite
SAMN55039082,SRR37092417,2025-12-16,"Columbia WWTP, MO",Missouri,MU,RNA+DNA,raw_wastewater_composite
SAMN55039083,SRR37092416,2025-12-23,"Columbia WWTP, MO",Missouri,MU,RNA+DNA,raw_wastewater_composite
SAMN55039084,SRR37092414,2025-12-30,"Columbia WWTP, MO",Missouri,MU,RNA+DNA,raw_wastewater_composite
SAMN57413899,SRR38294645,2026-01-06,"Columbia WWTP, MO",Missouri,MU,RNA+DNA,raw_wastewater_composite
SAMN57413900,SRR38294643,2026-01-13,"Columbia WWTP, MO",Missouri,MU,RNA+DNA,raw_wastewater_composite
SAMN57413901,SRR38294644,2026-01-20,"Columbia WWTP, MO",Missouri,MU,RNA+DNA,raw_wastewater_composite
SAMN57413902,SRR38294642,2026-01-27,"Columbia WWTP, MO",Missouri,MU,RNA+DNA,raw_wastewater_composite
SAMN57413903,SRR38294641,2026-02-03,"Columbia WWTP, MO",Missouri,MU,RNA+DNA,raw_wastewater_composite
SAMN57413904,SRR38294640,2026-02-10,"Columbia WWTP, MO",Missouri,MU,RNA+DNA,raw_wastewater_composite
SAMN57413905,SRR38294638,2026-02-17,"Columbia WWTP, MO",Missouri,MU,RNA+DNA,raw_wastewater_composite
SAMN57413906,SRR38294636,2026-02-24,"Columbia WWTP, MO",Missouri,MU,RNA+DNA,raw_wastewater_composite
SAMN57413907,SRR38294637,2026-03-03,"Columbia WWTP, MO",Missouri,MU,RNA+DNA,raw_wastewater_composite
SAMN57413909,SRR38294634,2026-03-17,"Columbia WWTP, MO",Missouri,MU,RNA+DNA,raw_wastewater_composite
SAMN57413910,SRR38294633,2026-03-24,"Columbia WWTP, MO",Missouri,MU,RNA+DNA,raw_wastewater_composite
SAMN57413911,SRR38294631,2026-03-31,"Columbia WWTP, MO",Missouri,MU,RNA+DNA,raw_wastewater_composite
SAMN61656851,SRR39695368,2026-04-07,"Columbia WWTP, MO",Missouri,MU,RNA+DNA,raw_wastewater_composite
SAMN61656852,SRR39695366,2026-04-14,"Columbia WWTP, MO",Missouri,MU,RNA+DNA,raw_wastewater_composite
SAMN61656853,SRR39695025,2026-04-21,"Columbia WWTP, MO",Missouri,MU,RNA+DNA,raw_wastewater_composite
SAMN61656854,SRR39695024,2026-04-28,"Columbia WWTP, MO",Missouri,MU,RNA+DNA,raw_wastewater_composite
SAMN61656855,SRR39695212,2026-05-05,"Columbia WWTP, MO",Missouri,MU,RNA+DNA,raw_wastewater_composite
SAMN61656856,SRR39695211,2026-05-12,"Columbia WWTP, MO",Missouri,MU,RNA+DNA,raw_wastewater_composite
SAMN61656857,SRR39695210,2026-05-18,"Columbia WWTP, MO",Missouri,MU,RNA+DNA,raw_wastewater_composite
SAMN61656858,SRR39695209,2026-05-26,"Columbia WWTP, MO",Missouri,MU,RNA+DNA,raw_wastewater_composite
SAMN61656859,SRR39695208,2026-06-02,"Columbia WWTP, MO",Missouri,MU,RNA+DNA,raw_wastewater_composite
SAMN61656860,SRR39695206,2026-06-09,"Columbia WWTP, MO",Missouri,MU,RNA+DNA,raw_wastewater_composite
SAMN61656861,SRR39695207,2026-06-16,"Columbia WWTP, MO",Missouri,MU,RNA+DNA,raw_wastewater_composite
SAMN61656862,SRR39695205,2026-06-23,"Columbia WWTP, MO",Missouri,MU,RNA+DNA,raw_wastewater_composite
SAMN61656863,SRR39695204,2026-06-30,"Columbia WWTP, MO",Missouri,MU,RNA+DNA,raw_wastewater_composite
SAMN54949035,SRR37027369,2025-08-12,"Kansas City Blue River WWTP, MO",Missouri,MU,RNA+DNA,raw_wastewater_composite
SAMN54949036,SRR37027368,2025-08-19,"Kansas City Blue River WWTP, MO",Missouri,MU,RNA+DNA,raw_wastewater_composite
SAMN54949037,SRR37027357,2025-08-26,"Kansas City Blue River WWTP, MO",Missouri,MU,RNA+DNA,raw_wastewater_composite
SAMN54949038,SRR37027349,2025-09-02,"Kansas City Blue River WWTP, MO",Missouri,MU,RNA+DNA,raw_wastewater_composite
SAMN54949039,SRR37027348,2025-09-09,"Kansas City Blue River WWTP, MO",Missouri,MU,RNA+DNA,raw_wastewater_composite
SAMN54949040,SRR37027347,2025-09-16,"Kansas City Blue River WWTP, MO",Missouri,MU,RNA+DNA,raw_wastewater_composite
SAMN54949041,SRR37027346,2025-09-23,"Kansas City Blue River WWTP, MO",Missouri,MU,RNA+DNA,raw_wastewater_composite
SAMN54949042,SRR37027345,2025-09-30,"Kansas City Blue River WWTP, MO",Missouri,MU,RNA+DNA,raw_wastewater_composite
SAMN54949043,SRR37027344,2025-10-07,"Kansas City Blue River WWTP, MO",Missouri,MU,RNA+DNA,raw_wastewater_composite
SAMN54949044,SRR37027343,2025-10-14,"Kansas City Blue River WWTP, MO",Missouri,MU,RNA+DNA,raw_wastewater_composite
SAMN54949045,SRR37027367,2025-10-21,"Kansas City Blue River WWTP, MO",Missouri,MU,RNA+DNA,raw_wastewater_composite
SAMN54949046,SRR37027366,2025-10-28,"Kansas City Blue River WWTP, MO",Missouri,MU,RNA+DNA,raw_wastewater_composite
SAMN54949047,SRR37027365,2025-11-04,"Kansas City Blue River WWTP, MO",Missouri,MU,RNA+DNA,raw_wastewater_composite
SAMN54949048,SRR37027363,2025-11-12,"Kansas City Blue River WWTP, MO",Missouri,MU,RNA+DNA,raw_wastewater_composite
SAMN54949049,SRR37027364,2025-11-18,"Kansas City Blue River WWTP, MO",Missouri,MU,RNA+DNA,raw_wastewater_composite
SAMN54949050,SRR37027362,2025-11-25,"Kansas City Blue River WWTP, MO",Missouri,MU,RNA+DNA,raw_wastewater_composite
SAMN54949051,SRR37027361,2025-12-02,"Kansas City Blue River WWTP, MO",Missouri,MU,RNA+DNA,raw_wastewater_composite
SAMN54949052,SRR37027360,2025-12-09,"Kansas City Blue River WWTP, MO",Missouri,MU,RNA+DNA,raw_wastewater_composite
SAMN55279273,SRR37181170,2025-12-16,"Kansas City Blue River WWTP, MO",Missouri,MU,RNA+DNA,raw_wastewater_composite
SAMN55279274,SRR37181171,2025-12-23,"Kansas City Blue River WWTP, MO",Missouri,MU,RNA+DNA,raw_wastewater_composite
SAMN55279275,SRR37181169,2025-12-30,"Kansas City Blue River WWTP, MO",Missouri,MU,RNA+DNA,raw_wastewater_composite
SAMN55279276,SRR37181168,2026-01-06,"Kansas City Blue River WWTP, MO",Missouri,MU,RNA+DNA,raw_wastewater_composite
SAMN55279277,SRR37181167,2026-01-13,"Kansas City Blue River WWTP, MO",Missouri,MU,RNA+DNA,raw_wastewater_composite
SAMN55279278,SRR37181165,2026-01-20,"Kansas City Blue River WWTP, MO",Missouri,MU,RNA+DNA,raw_wastewater_composite
SAMN57413912,SRR38294632,2026-01-27,"Kansas City Blue River WWTP, MO",Missouri,MU,RNA+DNA,raw_wastewater_composite
SAMN57413913,SRR38294630,2026-02-03,"Kansas City Blue River WWTP, MO",Missouri,MU,RNA+DNA,raw_wastewater_composite
SAMN57413914,SRR38294629,2026-02-10,"Kansas City Blue River WWTP, MO",Missouri,MU,RNA+DNA,raw_wastewater_composite
SAMN57413915,SRR38294627,2026-02-17,"Kansas City Blue River WWTP, MO",Missouri,MU,RNA+DNA,raw_wastewater_composite
SAMN57413916,SRR38294934,2026-02-24,"Kansas City Blue River WWTP, MO",Missouri,MU,RNA+DNA,raw_wastewater_composite
SAMN57413917,SRR38294932,2026-03-03,"Kansas City Blue River WWTP, MO",Missouri,MU,RNA+DNA,raw_wastewater_composite
SAMN57413918,SRR38294933,2026-03-10,"Kansas City Blue River WWTP, MO",Missouri,MU,RNA+DNA,raw_wastewater_composite
SAMN57413919,SRR38294623,2026-03-17,"Kansas City Blue River WWTP, MO",Missouri,MU,RNA+DNA,raw_wastewater_composite
SAMN57413920,SRR38294622,2026-03-24,"Kansas City Blue River WWTP, MO",Missouri,MU,RNA+DNA,raw_wastewater_composite
SAMN57413921,SRR38294621,2026-03-31,"Kansas City Blue River WWTP, MO",Missouri,MU,RNA+DNA,raw_wastewater_composite
SAMN61656864,SRR39695203,2026-04-07,"Kansas City Blue River WWTP, MO",Missouri,MU,RNA+DNA,raw_wastewater_composite
SAMN61656865,SRR39695201,2026-04-14,"Kansas City Blue River WWTP, MO",Missouri,MU,RNA+DNA,raw_wastewater_composite
SAMN61656866,SRR39695200,2026-04-21,"Kansas City Blue River WWTP, MO",Missouri,MU,RNA+DNA,raw_wastewater_composite
SAMN61656867,SRR39695373,2026-04-23,"Kansas City Blue River WWTP, MO",Missouri,MU,RNA+DNA,raw_wastewater_composite
SAMN61656868,SRR39695371,2026-04-27,"Kansas City Blue River WWTP, MO",Missouri,MU,RNA+DNA,raw_wastewater_composite
SAMN61656869,SRR39695369,2026-04-30,"Kansas City Blue River WWTP, MO",Missouri,MU,RNA+DNA,raw_wastewater_composite
SAMN61656870,SRR39695367,2026-05-04,"Kansas City Blue River WWTP, MO",Missouri,MU,RNA+DNA,raw_wastewater_composite
SAMN61656871,SRR39695301,2026-05-11,"Kansas City Blue River WWTP, MO",Missouri,MU,RNA+DNA,raw_wastewater_composite
SAMN61656872,SRR39695298,2026-05-14,"Kansas City Blue River WWTP, MO",Missouri,MU,RNA+DNA,raw_wastewater_composite
SAMN61656873,SRR39695365,2026-05-18,"Kansas City Blue River WWTP, MO",Missouri,MU,RNA+DNA,raw_wastewater_composite
SAMN61656874,SRR39695364,2026-05-21,"Kansas City Blue River WWTP, MO",Missouri,MU,RNA+DNA,raw_wastewater_composite
SAMN61656875,SRR39695362,2026-05-26,"Kansas City Blue River WWTP, MO",Missouri,MU,RNA+DNA,raw_wastewater_composite
SAMN61656876,SRR39695360,2026-06-01,"Kansas City Blue River WWTP, MO",Missouri,MU,RNA+DNA,raw_wastewater_composite
SAMN61656877,SRR39695361,2026-06-08,"Kansas City Blue River WWTP, MO",Missouri,MU,RNA+DNA,raw_wastewater_composite
SAMN61656878,SRR39695358,2026-06-11,"Kansas City Blue River WWTP, MO",Missouri,MU,RNA+DNA,raw_wastewater_composite
SAMN61656879,SRR39695199,2026-06-15,"Kansas City Blue River WWTP, MO",Missouri,MU,RNA+DNA,raw_wastewater_composite
SAMN61656880,SRR39695198,2026-06-18,"Kansas City Blue River WWTP, MO",Missouri,MU,RNA+DNA,raw_wastewater_composite
SAMN61656881,SRR39695196,2026-06-28,"Kansas City Blue River WWTP, MO",Missouri,MU,RNA+DNA,raw_wastewater_composite
SAMN54949053,SRR37027358,2025-10-01,"Kansas City Westside WWTP, MO",Missouri,MU,RNA+DNA,raw_wastewater_composite
SAMN54949054,SRR37027359,2025-10-21,"Kansas City Westside WWTP, MO",Missouri,MU,RNA+DNA,raw_wastewater_composite
SAMN54949055,SRR37027356,2025-10-28,"Kansas City Westside WWTP, MO",Missouri,MU,RNA+DNA,raw_wastewater_composite
SAMN54949056,SRR37027355,2025-11-04,"Kansas City Westside WWTP, MO",Missouri,MU,RNA+DNA,raw_wastewater_composite
SAMN54949057,SRR37027353,2025-11-12,"Kansas City Westside WWTP, MO",Missouri,MU,RNA+DNA,raw_wastewater_composite
SAMN54949058,SRR37027354,2025-11-17,"Kansas City Westside WWTP, MO",Missouri,MU,RNA+DNA,raw_wastewater_composite
SAMN54949059,SRR37027352,2025-11-24,"Kansas City Westside WWTP, MO",Missouri,MU,RNA+DNA,raw_wastewater_composite
SAMN54949060,SRR37027351,2025-12-02,"Kansas City Westside WWTP, MO",Missouri,MU,RNA+DNA,raw_wastewater_composite
SAMN54949061,SRR37027350,2025-12-08,"Kansas City Westside WWTP, MO",Missouri,MU,RNA+DNA,raw_wastewater_composite
SAMN55279279,SRR37181166,2025-12-15,"Kansas City Westside WWTP, MO",Missouri,MU,RNA+DNA,raw_wastewater_composite
SAMN55279280,SRR37181164,2025-12-23,"Kansas City Westside WWTP, MO",Missouri,MU,RNA+DNA,raw_wastewater_composite
SAMN55279281,SRR37181163,2025-12-29,"Kansas City Westside WWTP, MO",Missouri,MU,RNA+DNA,raw_wastewater_composite
SAMN55279282,SRR37181160,2026-01-05,"Kansas City Westside WWTP, MO",Missouri,MU,RNA+DNA,raw_wastewater_composite
SAMN55279283,SRR37181151,2026-01-13,"Kansas City Westside WWTP, MO",Missouri,MU,RNA+DNA,raw_wastewater_composite
SAMN55279284,SRR37181185,2026-01-19,"Kansas City Westside WWTP, MO",Missouri,MU,RNA+DNA,raw_wastewater_composite
SAMN57413922,SRR38294619,2026-01-27,"Kansas City Westside WWTP, MO",Missouri,MU,RNA+DNA,raw_wastewater_composite
SAMN57413923,SRR38294620,2026-02-03,"Kansas City Westside WWTP, MO",Missouri,MU,RNA+DNA,raw_wastewater_composite
SAMN57413924,SRR38294618,2026-02-09,"Kansas City Westside WWTP, MO",Missouri,MU,RNA+DNA,raw_wastewater_composite
SAMN57413925,SRR38294615,2026-02-17,"Kansas City Westside WWTP, MO",Missouri,MU,RNA+DNA,raw_wastewater_composite
SAMN57413926,SRR38294614,2026-02-24,"Kansas City Westside WWTP, MO",Missouri,MU,RNA+DNA,raw_wastewater_composite
SAMN57413927,SRR38294612,2026-03-03,"Kansas City Westside WWTP, MO",Missouri,MU,RNA+DNA,raw_wastewater_composite
SAMN57413928,SRR38294613,2026-03-10,"Kansas City Westside WWTP, MO",Missouri,MU,RNA+DNA,raw_wastewater_composite
SAMN57413929,SRR38294611,2026-03-17,"Kansas City Westside WWTP, MO",Missouri,MU,RNA+DNA,raw_wastewater_composite
SAMN57413930,SRR38294610,2026-03-24,"Kansas City Westside WWTP, MO",Missouri,MU,RNA+DNA,raw_wastewater_composite
SAMN57413931,SRR38294609,2026-03-31,"Kansas City Westside WWTP, MO",Missouri,MU,RNA+DNA,raw_wastewater_composite
SAMN61656882,SRR39695197,2026-04-07,"Kansas City Westside WWTP, MO",Missouri,MU,RNA+DNA,raw_wastewater_composite
SAMN61656883,SRR39695195,2026-04-14,"Kansas City Westside WWTP, MO",Missouri,MU,RNA+DNA,raw_wastewater_composite
SAMN61656884,SRR39695194,2026-04-20,"Kansas City Westside WWTP, MO",Missouri,MU,RNA+DNA,raw_wastewater_composite
SAMN61656885,SRR39695191,2026-04-23,"Kansas City Westside WWTP, MO",Missouri,MU,RNA+DNA,raw_wastewater_composite
SAMN61656886,SRR39695189,2026-04-27,"Kansas City Westside WWTP, MO",Missouri,MU,RNA+DNA,raw_wastewater_composite
SAMN61656887,SRR39695190,2026-04-30,"Kansas City Westside WWTP, MO",Missouri,MU,RNA+DNA,raw_wastewater_composite
SAMN61656888,SRR39695188,2026-05-04,"Kansas City Westside WWTP, MO",Missouri,MU,RNA+DNA,raw_wastewater_composite
SAMN61656889,SRR39695187,2026-05-07,"Kansas City Westside WWTP, MO",Missouri,MU,RNA+DNA,raw_wastewater_composite
SAMN61656890,SRR39695018,2026-05-11,"Kansas City Westside WWTP, MO",Missouri,MU,RNA+DNA,raw_wastewater_composite
SAMN61656891,SRR39695017,2026-05-14,"Kansas City Westside WWTP, MO",Missouri,MU,RNA+DNA,raw_wastewater_composite
SAMN61656892,SRR39695015,2026-05-18,"Kansas City Westside WWTP, MO",Missouri,MU,RNA+DNA,raw_wastewater_composite
SAMN61656893,SRR39695299,2026-05-21,"Kansas City Westside WWTP, MO",Missouri,MU,RNA+DNA,raw_wastewater_composite
SAMN61656894,SRR39695297,2026-05-26,"Kansas City Westside WWTP, MO",Missouri,MU,RNA+DNA,raw_wastewater_composite
SAMN61656895,SRR39695295,2026-06-01,"Kansas City Westside WWTP, MO",Missouri,MU,RNA+DNA,raw_wastewater_composite
SAMN61656896,SRR39695293,2026-06-08,"Kansas City Westside WWTP, MO",Missouri,MU,RNA+DNA,raw_wastewater_composite
SAMN61656897,SRR39695294,2026-06-11,"Kansas City Westside WWTP, MO",Missouri,MU,RNA+DNA,raw_wastewater_composite
SAMN61656898,SRR39695292,2026-06-15,"Kansas City Westside WWTP, MO",Missouri,MU,RNA+DNA,raw_wastewater_composite
SAMN61656899,SRR39695291,2026-06-18,"Kansas City Westside WWTP, MO",Missouri,MU,RNA+DNA,raw_wastewater_composite
SAMN61656900,SRR39695290,2026-06-22,"Kansas City Westside WWTP, MO",Missouri,MU,RNA+DNA,raw_wastewater_composite
SAMN61656901,SRR39695288,2026-06-29,"Kansas City Westside WWTP, MO",Missouri,MU,RNA+DNA,raw_wastewater_composite
SAMN54911888,SRR36995849;SRR36995863,2025-03-25,"Miami-Dade CDWWTP, FL",Florida,BCL,RNA,raw_wastewater_composite
SAMN54911890,SRR36995848,2025-04-01,"Miami-Dade CDWWTP, FL",Florida,BCL,RNA,raw_wastewater_composite
SAMN54911891,SRR36995846;SRR36995847,2025-04-08,"Miami-Dade CDWWTP, FL",Florida,BCL,RNA,raw_wastewater_composite
SAMN54911892,SRR36995844,2025-04-15,"Miami-Dade CDWWTP, FL",Florida,BCL,RNA,raw_wastewater_composite
SAMN54911854,SRR36995871;SRR36995878;SRR36995879,2025-04-23,"Miami-Dade CDWWTP, FL",Florida,BCL,RNA,raw_wastewater_composite
SAMN54911856,SRR36995857,2025-04-29,"Miami-Dade CDWWTP, FL",Florida,BCL,RNA,raw_wastewater_composite
SAMN54911857,SRR36995843;SRR36995845,2025-05-06,"Miami-Dade CDWWTP, FL",Florida,BCL,RNA,raw_wastewater_composite
SAMN54911859,SRR36995842,2025-05-13,"Miami-Dade CDWWTP, FL",Florida,BCL,RNA,raw_wastewater_composite
SAMN54911860,SRR36995841,2025-05-20,"Miami-Dade CDWWTP, FL",Florida,BCL,RNA,raw_wastewater_composite
SAMN54911861,SRR36995840,2025-05-27,"Miami-Dade CDWWTP, FL",Florida,BCL,RNA,raw_wastewater_composite
SAMN54911862,SRR36995839,2025-06-03,"Miami-Dade CDWWTP, FL",Florida,BCL,RNA,raw_wastewater_composite
SAMN54911863,SRR36995877,2025-06-10,"Miami-Dade CDWWTP, FL",Florida,BCL,RNA,raw_wastewater_composite
SAMN54911864,SRR36995876,2025-06-17,"Miami-Dade CDWWTP, FL",Florida,BCL,RNA,raw_wastewater_composite
SAMN54911865,SRR36995875,2025-06-24,"Miami-Dade CDWWTP, FL",Florida,BCL,RNA,raw_wastewater_composite
SAMN54911866,SRR36995864,2025-07-01,"Miami-Dade CDWWTP, FL",Florida,BCL,RNA,raw_wastewater_composite
SAMN54911867,SRR36995865,2025-07-08,"Miami-Dade CDWWTP, FL",Florida,BCL,RNA,raw_wastewater_composite
SAMN54911868,SRR36995866,2025-07-15,"Miami-Dade CDWWTP, FL",Florida,BCL,RNA,raw_wastewater_composite
SAMN54911869,SRR36995867,2025-07-22,"Miami-Dade CDWWTP, FL",Florida,BCL,RNA,raw_wastewater_composite
SAMN54911870,SRR36995868,2025-07-29,"Miami-Dade CDWWTP, FL",Florida,BCL,RNA,raw_wastewater_composite
SAMN54911871,SRR36995869,2025-08-05,"Miami-Dade CDWWTP, FL",Florida,BCL,RNA,raw_wastewater_composite
SAMN54911872,SRR36995870,2025-08-12,"Miami-Dade CDWWTP, FL",Florida,BCL,RNA,raw_wastewater_composite
SAMN54911873,SRR36995872,2025-08-19,"Miami-Dade CDWWTP, FL",Florida,BCL,RNA,raw_wastewater_composite
SAMN54911874,SRR36995873,2025-08-26,"Miami-Dade CDWWTP, FL",Florida,BCL,RNA,raw_wastewater_composite
SAMN54911875,SRR36995874,2025-09-02,"Miami-Dade CDWWTP, FL",Florida,BCL,RNA,raw_wastewater_composite
SAMN54911876,SRR36995850,2025-09-09,"Miami-Dade CDWWTP, FL",Florida,BCL,RNA,raw_wastewater_composite
SAMN54911877,SRR36995851,2025-09-16,"Miami-Dade CDWWTP, FL",Florida,BCL,RNA,raw_wastewater_composite
SAMN54911878,SRR36995852,2025-09-23,"Miami-Dade CDWWTP, FL",Florida,BCL,RNA,raw_wastewater_composite
SAMN54911879,SRR36995853,2025-09-30,"Miami-Dade CDWWTP, FL",Florida,BCL,RNA,raw_wastewater_composite
SAMN54911880,SRR36995854,2025-10-07,"Miami-Dade CDWWTP, FL",Florida,BCL,RNA,raw_wastewater_composite
SAMN54911881,SRR36995855,2025-10-14,"Miami-Dade CDWWTP, FL",Florida,BCL,RNA,raw_wastewater_composite
SAMN54911882,SRR36995856,2025-10-21,"Miami-Dade CDWWTP, FL",Florida,BCL,RNA,raw_wastewater_composite
SAMN54911883,SRR36995858,2025-10-28,"Miami-Dade CDWWTP, FL",Florida,BCL,RNA,raw_wastewater_composite
SAMN54911884,SRR36995859,2025-11-04,"Miami-Dade CDWWTP, FL",Florida,BCL,RNA,raw_wastewater_composite
SAMN54911885,SRR36995860,2025-11-18,"Miami-Dade CDWWTP, FL",Florida,BCL,RNA,raw_wastewater_composite
SAMN54911886,SRR36995861,2025-11-25,"Miami-Dade CDWWTP, FL",Florida,BCL,RNA,raw_wastewater_composite
SAMN54911887,SRR36995862,2025-12-02,"Miami-Dade CDWWTP, FL",Florida,BCL,RNA,raw_wastewater_composite
SAMN55279262,SRR37181174,2025-12-09,"Miami-Dade CDWWTP, FL",Florida,BCL,RNA,raw_wastewater_composite
SAMN55279263,SRR37181173,2025-12-22,"Miami-Dade CDWWTP, FL",Florida,BCL,RNA,raw_wastewater_composite
SAMN55279264,SRR37181162,2025-12-29,"Miami-Dade CDWWTP, FL",Florida,BCL,RNA,raw_wastewater_composite
SAMN57413688,SRR38294689;SRR38294732,2026-01-05,"Miami-Dade CDWWTP, FL",Florida,BCL,RNA,raw_wastewater_composite
SAMN55279271,SRR37181150,2026-01-12,"Miami-Dade CDWWTP, FL",Florida,MU,RNA+DNA,raw_wastewater_composite
SAMN57413691,SRR38294966;SRR38294980,2026-01-12,"Miami-Dade CDWWTP, FL",Florida,BCL,RNA,raw_wastewater_composite
SAMN55279272,SRR37181172,2026-01-19,"Miami-Dade CDWWTP, FL",Florida,MU,RNA+DNA,raw_wastewater_composite
SAMN57413696,SRR38294720,2026-01-19,"Miami-Dade CDWWTP, FL",Florida,BCL,RNA,raw_wastewater_composite
SAMN57413701,SRR38294706,2026-01-26,"Miami-Dade CDWWTP, FL",Florida,BCL,RNA,raw_wastewater_composite
SAMN57413840,SRR38294711,2026-01-26,"Miami-Dade CDWWTP, FL",Florida,MU,RNA+DNA,raw_wastewater_composite
SAMN57413706,SRR38294678,2026-02-02,"Miami-Dade CDWWTP, FL",Florida,BCL,RNA,raw_wastewater_composite
SAMN57413841,SRR38294710,2026-02-02,"Miami-Dade CDWWTP, FL",Florida,MU,RNA+DNA,raw_wastewater_composite
SAMN57413842,SRR38294708,2026-02-09,"Miami-Dade CDWWTP, FL",Florida,MU,RNA+DNA,raw_wastewater_composite
SAMN61656587,SRR39695047,2026-02-09,"Miami-Dade CDWWTP, FL",Florida,BCL,RNA,raw_wastewater_composite
SAMN57413843,SRR38294709,2026-02-16,"Miami-Dade CDWWTP, FL",Florida,MU,RNA+DNA,raw_wastewater_composite
SAMN61656588,SRR39695193,2026-02-16,"Miami-Dade CDWWTP, FL",Florida,BCL,RNA,raw_wastewater_composite
SAMN57413717,SRR38295002,2026-02-23,"Miami-Dade CDWWTP, FL",Florida,BCL,RNA,raw_wastewater_composite
SAMN57413844,SRR38294707,2026-02-23,"Miami-Dade CDWWTP, FL",Florida,MU,RNA+DNA,raw_wastewater_composite
SAMN57413720,SRR38294907,2026-03-02,"Miami-Dade CDWWTP, FL",Florida,BCL,RNA,raw_wastewater_composite
SAMN57413845,SRR38294705,2026-03-02,"Miami-Dade CDWWTP, FL",Florida,MU,RNA+DNA,raw_wastewater_composite
SAMN57413846,SRR38294704,2026-03-09,"Miami-Dade CDWWTP, FL",Florida,MU,RNA+DNA,raw_wastewater_composite
SAMN61656591,SRR39695139,2026-03-09,"Miami-Dade CDWWTP, FL",Florida,BCL,RNA,raw_wastewater_composite
SAMN57413847,SRR38294953,2026-03-16,"Miami-Dade CDWWTP, FL",Florida,MU,RNA+DNA,raw_wastewater_composite
SAMN61656594,SRR39695389,2026-03-16,"Miami-Dade CDWWTP, FL",Florida,BCL,RNA,raw_wastewater_composite
SAMN57413848,SRR38294952,2026-03-23,"Miami-Dade CDWWTP, FL",Florida,MU,RNA+DNA,raw_wastewater_composite
SAMN57413849,SRR38294948,2026-03-30,"Miami-Dade CDWWTP, FL",Florida,MU,RNA+DNA,raw_wastewater_composite
SAMN61656599,SRR39695121,2026-03-30,"Miami-Dade CDWWTP, FL",Florida,BCL,RNA,raw_wastewater_composite
SAMN61656604,SRR39695323,2026-04-06,"Miami-Dade CDWWTP, FL",Florida,BCL,RNA,raw_wastewater_composite
SAMN61656786,SRR39695043,2026-04-06,"Miami-Dade CDWWTP, FL",Florida,MU,RNA+DNA,raw_wastewater_composite
SAMN61656609,SRR39695377,2026-04-13,"Miami-Dade CDWWTP, FL",Florida,BCL,RNA,raw_wastewater_composite
SAMN61656787,SRR39695044,2026-04-13,"Miami-Dade CDWWTP, FL",Florida,MU,RNA+DNA,raw_wastewater_composite
SAMN61656612,SRR39695214,2026-04-20,"Miami-Dade CDWWTP, FL",Florida,BCL,RNA,raw_wastewater_composite
SAMN61656788,SRR39695042,2026-04-20,"Miami-Dade CDWWTP, FL",Florida,MU,RNA+DNA,raw_wastewater_composite
SAMN61656789,SRR39695041,2026-04-27,"Miami-Dade CDWWTP, FL",Florida,MU,RNA+DNA,raw_wastewater_composite
SAMN61656790,SRR39695092,2026-05-04,"Miami-Dade CDWWTP, FL",Florida,MU,RNA+DNA,raw_wastewater_composite
SAMN61656621,SRR39695280,2026-05-11,"Miami-Dade CDWWTP, FL",Florida,BCL,RNA,raw_wastewater_composite
SAMN61656791,SRR39695090,2026-05-11,"Miami-Dade CDWWTP, FL",Florida,MU,RNA+DNA,raw_wastewater_composite
SAMN61656625,SRR39694976,2026-05-18,"Miami-Dade CDWWTP, FL",Florida,BCL,RNA,raw_wastewater_composite
SAMN61656792,SRR39695037,2026-05-18,"Miami-Dade CDWWTP, FL",Florida,MU,RNA+DNA,raw_wastewater_composite
SAMN61656630,SRR39694958,2026-05-26,"Miami-Dade CDWWTP, FL",Florida,BCL,RNA,raw_wastewater_composite
SAMN61656793,SRR39695226,2026-05-26,"Miami-Dade CDWWTP, FL",Florida,MU,RNA+DNA,raw_wastewater_composite
SAMN61656635,SRR39695246,2026-06-01,"Miami-Dade CDWWTP, FL",Florida,BCL,RNA,raw_wastewater_composite
SAMN61656794,SRR39695225,2026-06-01,"Miami-Dade CDWWTP, FL",Florida,MU,RNA+DNA,raw_wastewater_composite
SAMN61656640,SRR39695144,2026-06-08,"Miami-Dade CDWWTP, FL",Florida,BCL,RNA,raw_wastewater_composite
SAMN61656795,SRR39695224,2026-06-08,"Miami-Dade CDWWTP, FL",Florida,MU,RNA+DNA,raw_wastewater_composite
SAMN61656647,SRR39695136,2026-06-15,"Miami-Dade CDWWTP, FL",Florida,BCL,RNA,raw_wastewater_composite
SAMN61656796,SRR39695222,2026-06-15,"Miami-Dade CDWWTP, FL",Florida,MU,RNA+DNA,raw_wastewater_composite
SAMN61656652,SRR39695131,2026-06-22,"Miami-Dade CDWWTP, FL",Florida,BCL,RNA,raw_wastewater_composite
SAMN61656653,SRR39695130,2026-06-22,"Miami-Dade CDWWTP, FL",Florida,BCL,RNA,raw_wastewater_composite
SAMN61656797,SRR39695221,2026-06-22,"Miami-Dade CDWWTP, FL",Florida,MU,RNA+DNA,raw_wastewater_composite
SAMN61656658,SRR39695384,2026-06-29,"Miami-Dade CDWWTP, FL",Florida,BCL,RNA,raw_wastewater_composite
SAMN61656798,SRR39695220,2026-06-29,"Miami-Dade CDWWTP, FL",Florida,MU,RNA+DNA,raw_wastewater_composite
SAMN54703764,SRR36876965,2025-02-24,"Milan WWTF, MO",Missouri,MU,RNA+DNA,raw_wastewater_composite
SAMN54703765,SRR36876966,2025-03-05,"Milan WWTF, MO",Missouri,MU,RNA+DNA,raw_wastewater_composite
SAMN53111716,SRR35971519,2025-03-12,"Milan WWTF, MO",Missouri,MU,RNA+DNA,raw_wastewater_composite
SAMN53111717,SRR35971518,2025-03-20,"Milan WWTF, MO",Missouri,MU,RNA+DNA,raw_wastewater_composite
SAMN53111718,SRR35971507,2025-03-27,"Milan WWTF, MO",Missouri,MU,RNA+DNA,raw_wastewater_composite
SAMN53111719,SRR35971505,2025-04-02,"Milan WWTF, MO",Missouri,MU,RNA+DNA,raw_wastewater_composite
SAMN53111720,SRR35971504,2025-04-09,"Milan WWTF, MO",Missouri,MU,RNA+DNA,raw_wastewater_composite
SAMN53111721,SRR35971503,2025-04-24,"Milan WWTF, MO",Missouri,MU,RNA+DNA,raw_wastewater_composite
SAMN53111722,SRR35971502,2025-05-01,"Milan WWTF, MO",Missouri,MU,RNA+DNA,raw_wastewater_composite
SAMN53111723,SRR35971501,2025-05-07,"Milan WWTF, MO",Missouri,MU,RNA+DNA,raw_wastewater_composite
SAMN53111724,SRR35971500,2025-05-22,"Milan WWTF, MO",Missouri,MU,RNA+DNA,raw_wastewater_composite
SAMN53111725,SRR35971499,2025-06-12,"Milan WWTF, MO",Missouri,MU,RNA+DNA,raw_wastewater_composite
SAMN53111726,SRR35971517,2025-06-17,"Milan WWTF, MO",Missouri,MU,RNA+DNA,raw_wastewater_composite
SAMN53111727,SRR35971516,2025-06-26,"Milan WWTF, MO",Missouri,MU,RNA+DNA,raw_wastewater_composite
SAMN53111728,SRR35971515,2025-07-09,"Milan WWTF, MO",Missouri,MU,RNA+DNA,raw_wastewater_composite
SAMN53111729,SRR35971514,2025-07-24,"Milan WWTF, MO",Missouri,MU,RNA+DNA,raw_wastewater_composite
SAMN53111730,SRR35971513,2025-07-29,"Milan WWTF, MO",Missouri,MU,RNA+DNA,raw_wastewater_composite
SAMN53111731,SRR35971512,2025-08-13,"Milan WWTF, MO",Missouri,MU,RNA+DNA,raw_wastewater_composite
SAMN53111732,SRR35971511,2025-08-27,"Milan WWTF, MO",Missouri,MU,RNA+DNA,raw_wastewater_composite
SAMN53111733,SRR35971510,2025-09-10,"Milan WWTF, MO",Missouri,MU,RNA+DNA,raw_wastewater_composite
SAMN53111734,SRR35971509,2025-09-17,"Milan WWTF, MO",Missouri,MU,RNA+DNA,raw_wastewater_composite
SAMN53111735,SRR35971508,2025-09-24,"Milan WWTF, MO",Missouri,MU,RNA+DNA,raw_wastewater_composite
SAMN53111736,SRR35971506,2025-10-08,"Milan WWTF, MO",Missouri,MU,RNA+DNA,raw_wastewater_composite
SAMN54703766,SRR36876969,2025-10-22,"Milan WWTF, MO",Missouri,MU,RNA+DNA,raw_wastewater_composite
SAMN54703767,SRR36877009,2025-10-29,"Milan WWTF, MO",Missouri,MU,RNA+DNA,raw_wastewater_composite
SAMN54703768,SRR36877010,2025-11-05,"Milan WWTF, MO",Missouri,MU,RNA+DNA,raw_wastewater_composite
SAMN54703769,SRR36877011,2025-11-12,"Milan WWTF, MO",Missouri,MU,RNA+DNA,raw_wastewater_composite
SAMN54703770,SRR36877012,2025-11-19,"Milan WWTF, MO",Missouri,MU,RNA+DNA,raw_wastewater_composite
SAMN54703771,SRR36876991,2025-11-25,"Milan WWTF, MO",Missouri,MU,RNA+DNA,raw_wastewater_composite
SAMN54703772,SRR36876990,2025-12-10,"Milan WWTF, MO",Missouri,MU,RNA+DNA,raw_wastewater_composite
SAMN55951729,SRR37367613,2025-12-17,"Milan WWTF, MO",Missouri,MU,RNA+DNA,raw_wastewater_composite
SAMN57413932,SRR38294607,2026-01-06,"Milan WWTF, MO",Missouri,MU,RNA+DNA,raw_wastewater_composite
SAMN57413933,SRR38294940,2026-01-13,"Milan WWTF, MO",Missouri,MU,RNA+DNA,raw_wastewater_composite
SAMN57413934,SRR38294938,2026-01-21,"Milan WWTF, MO",Missouri,MU,RNA+DNA,raw_wastewater_composite
SAMN57413935,SRR38294936,2026-01-26,"Milan WWTF, MO",Missouri,MU,RNA+DNA,raw_wastewater_composite
SAMN57413936,SRR38294935,2026-02-03,"Milan WWTF, MO",Missouri,MU,RNA+DNA,raw_wastewater_composite
SAMN57413937,SRR38294882,2026-02-07,"Milan WWTF, MO",Missouri,MU,RNA+DNA,raw_wastewater_composite
SAMN57413938,SRR38294879,2026-02-23,"Milan WWTF, MO",Missouri,MU,RNA+DNA,raw_wastewater_composite
SAMN57413939,SRR38294931,2026-03-09,"Milan WWTF, MO",Missouri,MU,RNA+DNA,raw_wastewater_composite
SAMN61656902,SRR39695289,2026-05-04,"Milan WWTF, MO",Missouri,MU,RNA+DNA,raw_wastewater_composite
SAMN53071625,SRR35939776,2025-06-10,"Monett WWTP, MO",Missouri,MU,RNA+DNA,raw_wastewater_composite
SAMN53071626,SRR35939775,2025-06-16,"Monett WWTP, MO",Missouri,MU,RNA+DNA,raw_wastewater_composite
SAMN53071627,SRR35939765,2025-06-23,"Monett WWTP, MO",Missouri,MU,RNA+DNA,raw_wastewater_composite
SAMN53071628,SRR35939764,2025-06-30,"Monett WWTP, MO",Missouri,MU,RNA+DNA,raw_wastewater_composite
SAMN53071629,SRR35939763,2025-07-07,"Monett WWTP, MO",Missouri,MU,RNA+DNA,raw_wastewater_composite
SAMN53071630,SRR35939762,2025-07-14,"Monett WWTP, MO",Missouri,MU,RNA+DNA,raw_wastewater_composite
SAMN53071631,SRR35939761,2025-07-21,"Monett WWTP, MO",Missouri,MU,RNA+DNA,raw_wastewater_composite
SAMN53071632,SRR35939760,2025-07-28,"Monett WWTP, MO",Missouri,MU,RNA+DNA,raw_wastewater_composite
SAMN53071633,SRR35939759,2025-08-04,"Monett WWTP, MO",Missouri,MU,RNA+DNA,raw_wastewater_composite
SAMN53071634,SRR35939758,2025-08-11,"Monett WWTP, MO",Missouri,MU,RNA+DNA,raw_wastewater_composite
SAMN53071635,SRR35939774,2025-08-18,"Monett WWTP, MO",Missouri,MU,RNA+DNA,raw_wastewater_composite
SAMN53071636,SRR35939773,2025-08-25,"Monett WWTP, MO",Missouri,MU,RNA+DNA,raw_wastewater_composite
SAMN53071637,SRR35939772,2025-09-02,"Monett WWTP, MO",Missouri,MU,RNA+DNA,raw_wastewater_composite
SAMN53071638,SRR35939771,2025-09-08,"Monett WWTP, MO",Missouri,MU,RNA+DNA,raw_wastewater_composite
SAMN53071639,SRR35939770,2025-09-15,"Monett WWTP, MO",Missouri,MU,RNA+DNA,raw_wastewater_composite
SAMN53071640,SRR35939769,2025-09-22,"Monett WWTP, MO",Missouri,MU,RNA+DNA,raw_wastewater_composite
SAMN53071641,SRR35939768,2025-09-29,"Monett WWTP, MO",Missouri,MU,RNA+DNA,raw_wastewater_composite
SAMN53071642,SRR35939767,2025-10-06,"Monett WWTP, MO",Missouri,MU,RNA+DNA,raw_wastewater_composite
SAMN53071643,SRR35939766,2025-10-13,"Monett WWTP, MO",Missouri,MU,RNA+DNA,raw_wastewater_composite
SAMN54703773,SRR36876988,2025-10-20,"Monett WWTP, MO",Missouri,MU,RNA+DNA,raw_wastewater_composite
SAMN54703774,SRR36876982,2025-10-27,"Monett WWTP, MO",Missouri,MU,RNA+DNA,raw_wastewater_composite
SAMN54703775,SRR36876981,2025-11-03,"Monett WWTP, MO",Missouri,MU,RNA+DNA,raw_wastewater_composite
SAMN54703776,SRR36876968,2025-11-10,"Monett WWTP, MO",Missouri,MU,RNA+DNA,raw_wastewater_composite
SAMN54703777,SRR36876989,2025-11-17,"Monett WWTP, MO",Missouri,MU,RNA+DNA,raw_wastewater_composite
SAMN54703778,SRR36876987,2025-11-24,"Monett WWTP, MO",Missouri,MU,RNA+DNA,raw_wastewater_composite
SAMN54703779,SRR36876986,2025-12-01,"Monett WWTP, MO",Missouri,MU,RNA+DNA,raw_wastewater_composite
SAMN54703780,SRR36876985,2025-12-08,"Monett WWTP, MO",Missouri,MU,RNA+DNA,raw_wastewater_composite
SAMN55039085,SRR37092415,2025-12-22,"Monett WWTP, MO",Missouri,MU,RNA+DNA,raw_wastewater_composite
SAMN55039086,SRR37092413,2025-12-29,"Monett WWTP, MO",Missouri,MU,RNA+DNA,raw_wastewater_composite
SAMN57413940,SRR38294930,2026-01-05,"Monett WWTP, MO",Missouri,MU,RNA+DNA,raw_wastewater_composite
SAMN57413941,SRR38294929,2026-01-12,"Monett WWTP, MO",Missouri,MU,RNA+DNA,raw_wastewater_composite
SAMN57413942,SRR38294927,2026-01-19,"Monett WWTP, MO",Missouri,MU,RNA+DNA,raw_wastewater_composite
SAMN57413943,SRR38294928,2026-01-26,"Monett WWTP, MO",Missouri,MU,RNA+DNA,raw_wastewater_composite
SAMN57413944,SRR38294617,2026-02-02,"Monett WWTP, MO",Missouri,MU,RNA+DNA,raw_wastewater_composite
SAMN57413945,SRR38294608,2026-02-09,"Monett WWTP, MO",Missouri,MU,RNA+DNA,raw_wastewater_composite
SAMN57413946,SRR38294606,2026-02-16,"Monett WWTP, MO",Missouri,MU,RNA+DNA,raw_wastewater_composite
SAMN57413947,SRR38294605,2026-02-23,"Monett WWTP, MO",Missouri,MU,RNA+DNA,raw_wastewater_composite
SAMN57413948,SRR38294604,2026-03-02,"Monett WWTP, MO",Missouri,MU,RNA+DNA,raw_wastewater_composite
SAMN57413949,SRR38294602,2026-03-09,"Monett WWTP, MO",Missouri,MU,RNA+DNA,raw_wastewater_composite
SAMN57413950,SRR38294603,2026-03-16,"Monett WWTP, MO",Missouri,MU,RNA+DNA,raw_wastewater_composite
SAMN57413951,SRR38294601,2026-03-23,"Monett WWTP, MO",Missouri,MU,RNA+DNA,raw_wastewater_composite
SAMN57413952,SRR38294600,2026-03-30,"Monett WWTP, MO",Missouri,MU,RNA+DNA,raw_wastewater_composite
SAMN61656903,SRR39695286,2026-04-06,"Monett WWTP, MO",Missouri,MU,RNA+DNA,raw_wastewater_composite
SAMN61656904,SRR39695023,2026-04-13,"Monett WWTP, MO",Missouri,MU,RNA+DNA,raw_wastewater_composite
SAMN61656905,SRR39695020,2026-04-20,"Monett WWTP, MO",Missouri,MU,RNA+DNA,raw_wastewater_composite
SAMN61656906,SRR39695021,2026-04-27,"Monett WWTP, MO",Missouri,MU,RNA+DNA,raw_wastewater_composite
SAMN61656907,SRR39695019,2026-05-04,"Monett WWTP, MO",Missouri,MU,RNA+DNA,raw_wastewater_composite
SAMN61656908,SRR39695175,2026-05-11,"Monett WWTP, MO",Missouri,MU,RNA+DNA,raw_wastewater_composite
SAMN61656909,SRR39695172,2026-05-18,"Monett WWTP, MO",Missouri,MU,RNA+DNA,raw_wastewater_composite
SAMN61656910,SRR39695010,2026-05-26,"Monett WWTP, MO",Missouri,MU,RNA+DNA,raw_wastewater_composite
SAMN61656911,SRR39695007,2026-06-01,"Monett WWTP, MO",Missouri,MU,RNA+DNA,raw_wastewater_composite
SAMN61656912,SRR39695008,2026-06-08,"Monett WWTP, MO",Missouri,MU,RNA+DNA,raw_wastewater_composite
SAMN61656913,SRR39695016,2026-06-15,"Monett WWTP, MO",Missouri,MU,RNA+DNA,raw_wastewater_composite
SAMN61656914,SRR39695014,2026-06-22,"Monett WWTP, MO",Missouri,MU,RNA+DNA,raw_wastewater_composite
SAMN61656915,SRR39695012,2026-06-29,"Monett WWTP, MO",Missouri,MU,RNA+DNA,raw_wastewater_composite
SAMN54927434,SRR37006695,2025-08-28,"NYC (Hospital A), NY",New York,MU,RNA+DNA,raw_wastewater_grab
SAMN54927435,SRR37006694,2025-09-03,"NYC (Hospital A), NY",New York,MU,RNA+DNA,raw_wastewater_grab
SAMN54927436,SRR37006672;SRR37006682,2025-09-12,"NYC (Hospital A), NY",New York,MU,RNA+DNA,raw_wastewater_grab
SAMN54927437,SRR37006659,2025-10-15,"NYC (Hospital A), NY",New York,MU,RNA+DNA,raw_wastewater_grab
SAMN54927438,SRR37006661,2025-10-23,"NYC (Hospital A), NY",New York,MU,RNA+DNA,raw_wastewater_grab
SAMN54927439,SRR37006660,2025-10-25,"NYC (Hospital A), NY",New York,MU,RNA+DNA,raw_wastewater_grab
SAMN55951730,SRR37367546,2025-12-04,"NYC (Hospital A), NY",New York,MU,RNA+DNA,raw_wastewater_grab
SAMN55951731,SRR37367547,2025-12-11,"NYC (Hospital A), NY",New York,MU,RNA+DNA,raw_wastewater_grab
SAMN55951732,SRR37367548,2025-12-19,"NYC (Hospital A), NY",New York,MU,RNA+DNA,raw_wastewater_grab
SAMN55951733,SRR37367570,2025-12-23,"NYC (Hospital A), NY",New York,MU,RNA+DNA,raw_wastewater_grab
SAMN57414005,SRR38295001,2026-01-07,"NYC (Hospital A), NY",New York,MU,RNA+DNA,raw_wastewater_grab
SAMN57414006,SRR38295000,2026-01-22,"NYC (Hospital A), NY",New York,MU,RNA+DNA,raw_wastewater_grab
SAMN57414007,SRR38294998,2026-02-05,"NYC (Hospital A), NY",New York,MU,RNA+DNA,raw_wastewater_grab
SAMN57414010,SRR38294996,2026-02-10,"NYC (Hospital A), NY",New York,MU,RNA+DNA,raw_wastewater_grab
SAMN57414008,SRR38294999,2026-02-11,"NYC (Hospital A), NY",New York,MU,RNA+DNA,raw_wastewater_grab
SAMN57414009,SRR38294997,2026-02-20,"NYC (Hospital A), NY",New York,MU,RNA+DNA,raw_wastewater_grab
SAMN57414011,SRR38294852,2026-03-05,"NYC (Hospital A), NY",New York,MU,RNA+DNA,raw_wastewater_grab
SAMN57414012,SRR38294851,2026-03-12,"NYC (Hospital A), NY",New York,MU,RNA+DNA,raw_wastewater_grab
SAMN57414013,SRR38294850,2026-03-19,"NYC (Hospital A), NY",New York,MU,RNA+DNA,raw_wastewater_grab
SAMN61656972,SRR39695165,2026-04-02,"NYC (Hospital A), NY",New York,MU,RNA+DNA,raw_wastewater_grab
SAMN61656973,SRR39695164,2026-04-09,"NYC (Hospital A), NY",New York,MU,RNA+DNA,raw_wastewater_grab
SAMN61656974,SRR39695162,2026-04-16,"NYC (Hospital A), NY",New York,MU,RNA+DNA,raw_wastewater_grab
SAMN61656975,SRR39695161,2026-05-01,"NYC (Hospital A), NY",New York,MU,RNA+DNA,raw_wastewater_grab
SAMN61656976,SRR39695160,2026-05-07,"NYC (Hospital A), NY",New York,MU,RNA+DNA,raw_wastewater_grab
SAMN61656977,SRR39695158,2026-05-14,"NYC (Hospital A), NY",New York,MU,RNA+DNA,raw_wastewater_grab
SAMN61656978,SRR39694983,2026-06-04,"NYC (Hospital A), NY",New York,MU,RNA+DNA,raw_wastewater_grab
SAMN61656979,SRR39694982,2026-06-18,"NYC (Hospital A), NY",New York,MU,RNA+DNA,raw_wastewater_grab
SAMN54927440,SRR37006662,2024-01-16,"NYC (Hospital B), NY",New York,MU,RNA+DNA,raw_wastewater_grab
SAMN54927441,SRR37006663,2024-10-18,"NYC (Hospital B), NY",New York,MU,RNA+DNA,raw_wastewater_grab
SAMN54927442,SRR37006664,2024-11-20,"NYC (Hospital B), NY",New York,MU,RNA+DNA,raw_wastewater_grab
SAMN54927443,SRR37006692,2025-01-03,"NYC (Hospital B), NY",New York,MU,RNA+DNA,raw_wastewater_grab
SAMN54927444,SRR37006693,2025-01-09,"NYC (Hospital B), NY",New York,MU,RNA+DNA,raw_wastewater_grab
SAMN54927445,SRR37006691,2025-01-30,"NYC (Hospital B), NY",New York,MU,RNA+DNA,raw_wastewater_grab
SAMN54927446,SRR37006690,2025-02-05,"NYC (Hospital B), NY",New York,MU,RNA+DNA,raw_wastewater_grab
SAMN54927447,SRR37006689,2025-02-20,"NYC (Hospital B), NY",New York,MU,RNA+DNA,raw_wastewater_grab
SAMN54927448,SRR37006687,2025-03-13,"NYC (Hospital B), NY",New York,MU,RNA+DNA,raw_wastewater_grab
SAMN54927449,SRR37006688,2025-03-19,"NYC (Hospital B), NY",New York,MU,RNA+DNA,raw_wastewater_grab
SAMN54927450,SRR37006686,2025-04-03,"NYC (Hospital B), NY",New York,MU,RNA+DNA,raw_wastewater_grab
SAMN54927451,SRR37006685,2025-04-09,"NYC (Hospital B), NY",New York,MU,RNA+DNA,raw_wastewater_grab
SAMN54927452,SRR37006684,2025-05-14,"NYC (Hospital B), NY",New York,MU,RNA+DNA,raw_wastewater_grab
SAMN54927453,SRR37006683,2025-05-20,"NYC (Hospital B), NY",New York,MU,RNA+DNA,raw_wastewater_grab
SAMN54927454,SRR37006681,2025-05-28,"NYC (Hospital B), NY",New York,MU,RNA+DNA,raw_wastewater_grab
SAMN54927455,SRR37006680,2025-06-04,"NYC (Hospital B), NY",New York,MU,RNA+DNA,raw_wastewater_grab
SAMN54927456,SRR37006679,2025-06-12,"NYC (Hospital B), NY",New York,MU,RNA+DNA,raw_wastewater_grab
SAMN54927457,SRR37006678,2025-06-18,"NYC (Hospital B), NY",New York,MU,RNA+DNA,raw_wastewater_grab
SAMN54927458,SRR37006677,2025-06-24,"NYC (Hospital B), NY",New York,MU,RNA+DNA,raw_wastewater_grab
SAMN55279285,SRR37181186,2025-12-10,"NYC (Hospital B), NY",New York,MU,RNA+DNA,raw_wastewater_grab
SAMN55279286,SRR37181184,2025-12-16,"NYC (Hospital B), NY",New York,MU,RNA+DNA,raw_wastewater_grab
SAMN55279287,SRR37181183,2025-12-22,"NYC (Hospital B), NY",New York,MU,RNA+DNA,raw_wastewater_grab
SAMN55279288,SRR37181182,2025-12-30,"NYC (Hospital B), NY",New York,MU,RNA+DNA,raw_wastewater_grab
SAMN55279289,SRR37181181,2026-01-06,"NYC (Hospital B), NY",New York,MU,RNA+DNA,raw_wastewater_grab
SAMN55279290,SRR37181180,2026-01-13,"NYC (Hospital B), NY",New York,MU,RNA+DNA,raw_wastewater_grab
SAMN57414014,SRR38294848,2026-01-21,"NYC (Hospital B), NY",New York,MU,RNA+DNA,raw_wastewater_grab
SAMN57414015,SRR38294908,2026-01-27,"NYC (Hospital B), NY",New York,MU,RNA+DNA,raw_wastewater_grab
SAMN57414016,SRR38294906,2026-02-04,"NYC (Hospital B), NY",New York,MU,RNA+DNA,raw_wastewater_grab
SAMN57414017,SRR38294905,2026-02-10,"NYC (Hospital B), NY",New York,MU,RNA+DNA,raw_wastewater_grab
SAMN57414018,SRR38294845,2026-02-17,"NYC (Hospital B), NY",New York,MU,RNA+DNA,raw_wastewater_grab
SAMN57414019,SRR38294843,2026-02-25,"NYC (Hospital B), NY",New York,MU,RNA+DNA,raw_wastewater_grab
SAMN57414020,SRR38294844,2026-03-04,"NYC (Hospital B), NY",New York,MU,RNA+DNA,raw_wastewater_grab
SAMN57414021,SRR38294842,2026-03-10,"NYC (Hospital B), NY",New York,MU,RNA+DNA,raw_wastewater_grab
SAMN57414022,SRR38294841,2026-03-18,"NYC (Hospital B), NY",New York,MU,RNA+DNA,raw_wastewater_grab
SAMN57414023,SRR38294840,2026-03-31,"NYC (Hospital B), NY",New York,MU,RNA+DNA,raw_wastewater_grab
SAMN61656980,SRR39694980,2026-04-07,"NYC (Hospital B), NY",New York,MU,RNA+DNA,raw_wastewater_grab
SAMN61656981,SRR39694981,2026-04-14,"NYC (Hospital B), NY",New York,MU,RNA+DNA,raw_wastewater_grab
SAMN61656982,SRR39694979,2026-04-28,"NYC (Hospital B), NY",New York,MU,RNA+DNA,raw_wastewater_grab
SAMN61656983,SRR39694978,2026-05-05,"NYC (Hospital B), NY",New York,MU,RNA+DNA,raw_wastewater_grab
SAMN54927459,SRR37006676,2024-11-13,"NYC (Hospital C), NY",New York,MU,RNA+DNA,raw_wastewater_grab
SAMN54927460,SRR37006675,2025-01-23,"NYC (Hospital C), NY",New York,MU,RNA+DNA,raw_wastewater_grab
SAMN54927461,SRR37006674,2025-08-27,"NYC (Hospital C), NY",New York,MU,RNA+DNA,raw_wastewater_grab
SAMN54927462,SRR37006673,2025-09-12,"NYC (Hospital C), NY",New York,MU,RNA+DNA,raw_wastewater_grab
SAMN55951734,SRR37367572,2025-12-04,"NYC (Hospital C), NY",New York,MU,RNA+DNA,raw_wastewater_grab
SAMN55951735,SRR37367573,2025-12-10,"NYC (Hospital C), NY",New York,MU,RNA+DNA,raw_wastewater_grab
SAMN55951736,SRR37367574,2025-12-17,"NYC (Hospital C), NY",New York,MU,RNA+DNA,raw_wastewater_grab
SAMN55951737,SRR37367575,2025-12-22,"NYC (Hospital C), NY",New York,MU,RNA+DNA,raw_wastewater_grab
SAMN57414024,SRR38294838,2026-01-07,"NYC (Hospital C), NY",New York,MU,RNA+DNA,raw_wastewater_grab
SAMN57414025,SRR38294837,2026-01-13,"NYC (Hospital C), NY",New York,MU,RNA+DNA,raw_wastewater_grab
SAMN57414026,SRR38294836,2026-01-20,"NYC (Hospital C), NY",New York,MU,RNA+DNA,raw_wastewater_grab
SAMN57414027,SRR38294835,2026-01-28,"NYC (Hospital C), NY",New York,MU,RNA+DNA,raw_wastewater_grab
SAMN57414028,SRR38294834,2026-02-04,"NYC (Hospital C), NY",New York,MU,RNA+DNA,raw_wastewater_grab
SAMN57414029,SRR38294833,2026-02-12,"NYC (Hospital C), NY",New York,MU,RNA+DNA,raw_wastewater_grab
SAMN57414030,SRR38294831,2026-02-18,"NYC (Hospital C), NY",New York,MU,RNA+DNA,raw_wastewater_grab
SAMN57414031,SRR38294832,2026-02-26,"NYC (Hospital C), NY",New York,MU,RNA+DNA,raw_wastewater_grab
SAMN57414032,SRR38294830,2026-03-04,"NYC (Hospital C), NY",New York,MU,RNA+DNA,raw_wastewater_grab
SAMN57414033,SRR38294829,2026-03-10,"NYC (Hospital C), NY",New York,MU,RNA+DNA,raw_wastewater_grab
SAMN57414034,SRR38294911,2026-03-18,"NYC (Hospital C), NY",New York,MU,RNA+DNA,raw_wastewater_grab
SAMN61656984,SRR39694977,2026-04-14,"NYC (Hospital C), NY",New York,MU,RNA+DNA,raw_wastewater_grab
SAMN61656985,SRR39694974,2026-04-22,"NYC (Hospital C), NY",New York,MU,RNA+DNA,raw_wastewater_grab
SAMN61656986,SRR39694971,2026-04-30,"NYC (Hospital C), NY",New York,MU,RNA+DNA,raw_wastewater_grab
SAMN61656987,SRR39694972,2026-05-07,"NYC (Hospital C), NY",New York,MU,RNA+DNA,raw_wastewater_grab
SAMN61656988,SRR39695150,2026-05-14,"NYC (Hospital C), NY",New York,MU,RNA+DNA,raw_wastewater_grab
SAMN61656989,SRR39695148,2026-05-20,"NYC (Hospital C), NY",New York,MU,RNA+DNA,raw_wastewater_grab
SAMN61656990,SRR39695271,2026-05-27,"NYC (Hospital C), NY",New York,MU,RNA+DNA,raw_wastewater_grab
SAMN61656991,SRR39695269,2026-06-02,"NYC (Hospital C), NY",New York,MU,RNA+DNA,raw_wastewater_grab
SAMN61656992,SRR39695270,2026-06-08,"NYC (Hospital C), NY",New York,MU,RNA+DNA,raw_wastewater_grab
SAMN61656993,SRR39695268,2026-06-15,"NYC (Hospital C), NY",New York,MU,RNA+DNA,raw_wastewater_grab
SAMN61656994,SRR39695267,2026-06-23,"NYC (Hospital C), NY",New York,MU,RNA+DNA,raw_wastewater_grab
SAMN54927463,SRR37006671,2025-09-02,"NYC (Hospital D), NY",New York,MU,RNA+DNA,raw_wastewater_grab
SAMN54927464,SRR37006670,2025-09-09,"NYC (Hospital D), NY",New York,MU,RNA+DNA,raw_wastewater_grab
SAMN54927465,SRR37006669,2025-09-16,"NYC (Hospital D), NY",New York,MU,RNA+DNA,raw_wastewater_grab
SAMN54927466,SRR37006668,2025-09-30,"NYC (Hospital D), NY",New York,MU,RNA+DNA,raw_wastewater_grab
SAMN54927467,SRR37006667,2025-10-14,"NYC (Hospital D), NY",New York,MU,RNA+DNA,raw_wastewater_grab
SAMN54927468,SRR37006665,2025-10-21,"NYC (Hospital D), NY",New York,MU,RNA+DNA,raw_wastewater_grab
SAMN54927469,SRR37006666,2025-10-28,"NYC (Hospital D), NY",New York,MU,RNA+DNA,raw_wastewater_grab
SAMN54927470,SRR37006656,2025-11-05,"NYC (Hospital D), NY",New York,MU,RNA+DNA,raw_wastewater_grab
SAMN54927471,SRR37006657,2025-11-13,"NYC (Hospital D), NY",New York,MU,RNA+DNA,raw_wastewater_grab
SAMN54927472,SRR37006658,2025-11-18,"NYC (Hospital D), NY",New York,MU,RNA+DNA,raw_wastewater_grab
SAMN55951738,SRR37367577,2025-11-25,"NYC (Hospital D), NY",New York,MU,RNA+DNA,raw_wastewater_grab
SAMN55951739,SRR37367578,2025-12-02,"NYC (Hospital D), NY",New York,MU,RNA+DNA,raw_wastewater_grab
SAMN55951740,SRR37367580,2025-12-09,"NYC (Hospital D), NY",New York,MU,RNA+DNA,raw_wastewater_grab
SAMN55951741,SRR37367581,2025-12-10,"NYC (Hospital D), NY",New York,MU,RNA+DNA,raw_wastewater_grab
SAMN55951742,SRR37367582,2025-12-17,"NYC (Hospital D), NY",New York,MU,RNA+DNA,raw_wastewater_grab
SAMN55951743,SRR37367583,2025-12-23,"NYC (Hospital D), NY",New York,MU,RNA+DNA,raw_wastewater_grab
SAMN57414035,SRR38294983,2026-01-07,"NYC (Hospital D), NY",New York,MU,RNA+DNA,raw_wastewater_grab
SAMN57414036,SRR38294981,2026-01-13,"NYC (Hospital D), NY",New York,MU,RNA+DNA,raw_wastewater_grab
SAMN57414037,SRR38294904,2026-01-20,"NYC (Hospital D), NY",New York,MU,RNA+DNA,raw_wastewater_grab
SAMN57414038,SRR38294902,2026-01-28,"NYC (Hospital D), NY",New York,MU,RNA+DNA,raw_wastewater_grab
SAMN57414039,SRR38294903,2026-02-10,"NYC (Hospital D), NY",New York,MU,RNA+DNA,raw_wastewater_grab
SAMN57414040,SRR38294901,2026-02-18,"NYC (Hospital D), NY",New York,MU,RNA+DNA,raw_wastewater_grab
SAMN57414041,SRR38294900,2026-03-03,"NYC (Hospital D), NY",New York,MU,RNA+DNA,raw_wastewater_grab
SAMN57414042,SRR38294899,2026-03-10,"NYC (Hospital D), NY",New York,MU,RNA+DNA,raw_wastewater_grab
SAMN57414043,SRR38294897,2026-03-17,"NYC (Hospital D), NY",New York,MU,RNA+DNA,raw_wastewater_grab
SAMN57414044,SRR38294898,2026-03-31,"NYC (Hospital D), NY",New York,MU,RNA+DNA,raw_wastewater_grab
SAMN61656995,SRR39695265,2026-04-07,"NYC (Hospital D), NY",New York,MU,RNA+DNA,raw_wastewater_grab
SAMN61656996,SRR39695264,2026-04-14,"NYC (Hospital D), NY",New York,MU,RNA+DNA,raw_wastewater_grab
SAMN61656997,SRR39695262,2026-04-28,"NYC (Hospital D), NY",New York,MU,RNA+DNA,raw_wastewater_grab
SAMN54569784,SRR36790980,2025-08-25,"Ontario, CA",California,MU,RNA+DNA,raw_wastewater_composite
SAMN54569785,SRR36790970,2025-08-27,"Ontario, CA",California,MU,RNA+DNA,raw_wastewater_composite
SAMN54569786,SRR36790957,2025-09-01,"Ontario, CA",California,MU,RNA+DNA,raw_wastewater_composite
SAMN54569787,SRR36790976,2025-09-03,"Ontario, CA",California,MU,RNA+DNA,raw_wastewater_composite
SAMN54569788,SRR36790975,2025-09-08,"Ontario, CA",California,MU,RNA+DNA,raw_wastewater_composite
SAMN54569789,SRR36790974,2025-09-10,"Ontario, CA",California,MU,RNA+DNA,raw_wastewater_composite
SAMN54569790,SRR36790973,2025-09-15,"Ontario, CA",California,MU,RNA+DNA,raw_wastewater_composite
SAMN54569791,SRR36790972,2025-09-17,"Ontario, CA",California,MU,RNA+DNA,raw_wastewater_composite
SAMN54569792,SRR36790971,2025-09-22,"Ontario, CA",California,MU,RNA+DNA,raw_wastewater_composite
SAMN54569793,SRR36790969,2025-09-24,"Ontario, CA",California,MU,RNA+DNA,raw_wastewater_composite
SAMN54569794,SRR36790967,2025-09-29,"Ontario, CA",California,MU,RNA+DNA,raw_wastewater_composite
SAMN54569795,SRR36790968,2025-10-01,"Ontario, CA",California,MU,RNA+DNA,raw_wastewater_composite
SAMN54569796,SRR36790966,2025-10-06,"Ontario, CA",California,MU,RNA+DNA,raw_wastewater_composite
SAMN54569797,SRR36790965,2025-10-08,"Ontario, CA",California,MU,RNA+DNA,raw_wastewater_composite
SAMN54569798,SRR36790964,2025-10-13,"Ontario, CA",California,MU,RNA+DNA,raw_wastewater_composite
SAMN54569799,SRR36790962,2025-10-19,"Ontario, CA",California,MU,RNA+DNA,raw_wastewater_composite
SAMN54569800,SRR36790963,2025-10-20,"Ontario, CA",California,MU,RNA+DNA,raw_wastewater_composite
SAMN54569801,SRR36790961,2025-10-23,"Ontario, CA",California,MU,RNA+DNA,raw_wastewater_composite
SAMN54569802,SRR36790960,2025-10-27,"Ontario, CA",California,MU,RNA+DNA,raw_wastewater_composite
SAMN54569803,SRR36790959,2025-10-29,"Ontario, CA",California,MU,RNA+DNA,raw_wastewater_composite
SAMN54569804,SRR36790958,2025-11-03,"Ontario, CA",California,MU,RNA+DNA,raw_wastewater_composite
SAMN54569805,SRR36790956,2025-11-05,"Ontario, CA",California,MU,RNA+DNA,raw_wastewater_composite
SAMN54569806,SRR36790981,2025-11-11,"Ontario, CA",California,MU,RNA+DNA,raw_wastewater_composite
SAMN54569807,SRR36790979,2025-11-18,"Ontario, CA",California,MU,RNA+DNA,raw_wastewater_composite
SAMN54569808,SRR36790978,2025-12-01,"Ontario, CA",California,MU,RNA+DNA,raw_wastewater_composite
SAMN54569809,SRR36790977,2025-12-08,"Ontario, CA",California,MU,RNA+DNA,raw_wastewater_composite
SAMN55297800,SRR37192085,2025-12-15,"Ontario, CA",California,MU,RNA+DNA,raw_wastewater_composite
SAMN55297801,SRR37192084,2025-12-29,"Ontario, CA",California,MU,RNA+DNA,raw_wastewater_composite
SAMN55297802,SRR37192083,2026-01-05,"Ontario, CA",California,MU,RNA+DNA,raw_wastewater_composite
SAMN55297803,SRR37192082,2026-01-12,"Ontario, CA",California,MU,RNA+DNA,raw_wastewater_composite
SAMN55297804,SRR37192081,2026-01-20,"Ontario, CA",California,MU,RNA+DNA,raw_wastewater_composite
SAMN57413723,SRR38294820,2026-01-26,"Ontario, CA",California,MU,RNA+DNA,raw_wastewater_composite
SAMN57413724,SRR38294811,2026-02-02,"Ontario, CA",California,MU,RNA+DNA,raw_wastewater_composite
SAMN57413725,SRR38294798,2026-02-09,"Ontario, CA",California,MU,RNA+DNA,raw_wastewater_composite
SAMN57413726,SRR38294792,2026-02-16,"Ontario, CA",California,MU,RNA+DNA,raw_wastewater_composite
SAMN57413727,SRR38294791,2026-02-23,"Ontario, CA",California,MU,RNA+DNA,raw_wastewater_composite
SAMN57413728,SRR38294790,2026-03-02,"Ontario, CA",California,MU,RNA+DNA,raw_wastewater_composite
SAMN57413729,SRR38294788,2026-03-11,"Ontario, CA",California,MU,RNA+DNA,raw_wastewater_composite
SAMN57413730,SRR38294789,2026-03-16,"Ontario, CA",California,MU,RNA+DNA,raw_wastewater_composite
SAMN57413731,SRR38294787,2026-03-23,"Ontario, CA",California,MU,RNA+DNA,raw_wastewater_composite
SAMN57413732,SRR38294970,2026-03-30,"Ontario, CA",California,MU,RNA+DNA,raw_wastewater_composite
SAMN61656659,SRR39695383,2026-04-06,"Ontario, CA",California,MU,RNA+DNA,raw_wastewater_composite
SAMN61656660,SRR39695241,2026-04-13,"Ontario, CA",California,MU,RNA+DNA,raw_wastewater_composite
SAMN61656661,SRR39695239,2026-04-20,"Ontario, CA",California,MU,RNA+DNA,raw_wastewater_composite
SAMN61656662,SRR39695240,2026-04-27,"Ontario, CA",California,MU,RNA+DNA,raw_wastewater_composite
SAMN61656663,SRR39695238,2026-05-04,"Ontario, CA",California,MU,RNA+DNA,raw_wastewater_composite
SAMN61656664,SRR39695237,2026-05-11,"Ontario, CA",California,MU,RNA+DNA,raw_wastewater_composite
SAMN61656665,SRR39695235,2026-05-18,"Ontario, CA",California,MU,RNA+DNA,raw_wastewater_composite
SAMN61656666,SRR39695234,2026-05-25,"Ontario, CA",California,MU,RNA+DNA,raw_wastewater_composite
SAMN61656667,SRR39695232,2026-06-01,"Ontario, CA",California,MU,RNA+DNA,raw_wastewater_composite
SAMN61656668,SRR39695233,2026-06-08,"Ontario, CA",California,MU,RNA+DNA,raw_wastewater_composite
SAMN61656669,SRR39695231,2026-06-15,"Ontario, CA",California,MU,RNA+DNA,raw_wastewater_composite
SAMN61656670,SRR39695230,2026-06-22,"Ontario, CA",California,MU,RNA+DNA,raw_wastewater_composite
SAMN53084823,SRR35946918,2025-02-19,"Ottumwa WPCF, IA",Iowa,MU,RNA+DNA,raw_wastewater_composite
SAMN53084824,SRR35946917,2025-02-26,"Ottumwa WPCF, IA",Iowa,MU,RNA+DNA,raw_wastewater_composite
SAMN53084825,SRR35946906,2025-03-05,"Ottumwa WPCF, IA",Iowa,MU,RNA+DNA,raw_wastewater_composite
SAMN53084826,SRR35946905,2025-03-12,"Ottumwa WPCF, IA",Iowa,MU,RNA+DNA,raw_wastewater_composite
SAMN53084827,SRR35946894,2025-03-19,"Ottumwa WPCF, IA",Iowa,MU,RNA+DNA,raw_wastewater_composite
SAMN53084828,SRR35946895,2025-03-26,"Ottumwa WPCF, IA",Iowa,MU,RNA+DNA,raw_wastewater_composite
SAMN53084829,SRR35946896,2025-04-02,"Ottumwa WPCF, IA",Iowa,MU,RNA+DNA,raw_wastewater_composite
SAMN53084830,SRR35946897,2025-04-09,"Ottumwa WPCF, IA",Iowa,MU,RNA+DNA,raw_wastewater_composite
SAMN53084831,SRR35946898,2025-04-16,"Ottumwa WPCF, IA",Iowa,MU,RNA+DNA,raw_wastewater_composite
SAMN53084832,SRR35946899,2025-04-25,"Ottumwa WPCF, IA",Iowa,MU,RNA+DNA,raw_wastewater_composite
SAMN53084833,SRR35946916,2025-04-30,"Ottumwa WPCF, IA",Iowa,MU,RNA+DNA,raw_wastewater_composite
SAMN53084834,SRR35946915,2025-05-07,"Ottumwa WPCF, IA",Iowa,MU,RNA+DNA,raw_wastewater_composite
SAMN53084835,SRR35946914,2025-05-14,"Ottumwa WPCF, IA",Iowa,MU,RNA+DNA,raw_wastewater_composite
SAMN53084836,SRR35946913,2025-05-21,"Ottumwa WPCF, IA",Iowa,MU,RNA+DNA,raw_wastewater_composite
SAMN53084837,SRR35946912,2025-05-28,"Ottumwa WPCF, IA",Iowa,MU,RNA+DNA,raw_wastewater_composite
SAMN53084838,SRR35946911,2025-06-04,"Ottumwa WPCF, IA",Iowa,MU,RNA+DNA,raw_wastewater_composite
SAMN53084839,SRR35946910,2025-06-11,"Ottumwa WPCF, IA",Iowa,MU,RNA+DNA,raw_wastewater_composite
SAMN53084840,SRR35946909,2025-06-18,"Ottumwa WPCF, IA",Iowa,MU,RNA+DNA,raw_wastewater_composite
SAMN53084841,SRR35946908,2025-06-25,"Ottumwa WPCF, IA",Iowa,MU,RNA+DNA,raw_wastewater_composite
SAMN53084842,SRR35946907,2025-07-02,"Ottumwa WPCF, IA",Iowa,MU,RNA+DNA,raw_wastewater_composite
SAMN53084843,SRR35946901,2025-07-09,"Ottumwa WPCF, IA",Iowa,MU,RNA+DNA,raw_wastewater_composite
SAMN53084844,SRR35946903,2025-07-16,"Ottumwa WPCF, IA",Iowa,MU,RNA+DNA,raw_wastewater_composite
SAMN53084845,SRR35946904,2025-07-23,"Ottumwa WPCF, IA",Iowa,MU,RNA+DNA,raw_wastewater_composite
SAMN53084846,SRR35946900,2025-07-30,"Ottumwa WPCF, IA",Iowa,MU,RNA+DNA,raw_wastewater_composite
SAMN53084847,SRR35946902,2025-08-06,"Ottumwa WPCF, IA",Iowa,MU,RNA+DNA,raw_wastewater_composite
SAMN53084848,SRR35946885,2025-08-14,"Ottumwa WPCF, IA",Iowa,MU,RNA+DNA,raw_wastewater_composite
SAMN53084849,SRR35946886,2025-08-20,"Ottumwa WPCF, IA",Iowa,MU,RNA+DNA,raw_wastewater_composite
SAMN53084850,SRR35946887,2025-08-27,"Ottumwa WPCF, IA",Iowa,MU,RNA+DNA,raw_wastewater_composite
SAMN53084851,SRR35946888,2025-09-03,"Ottumwa WPCF, IA",Iowa,MU,RNA+DNA,raw_wastewater_composite
SAMN53084852,SRR35946889,2025-09-10,"Ottumwa WPCF, IA",Iowa,MU,RNA+DNA,raw_wastewater_composite
SAMN53084853,SRR35946890,2025-09-17,"Ottumwa WPCF, IA",Iowa,MU,RNA+DNA,raw_wastewater_composite
SAMN53084854,SRR35946891,2025-09-24,"Ottumwa WPCF, IA",Iowa,MU,RNA+DNA,raw_wastewater_composite
SAMN53084855,SRR35946892,2025-10-01,"Ottumwa WPCF, IA",Iowa,MU,RNA+DNA,raw_wastewater_composite
SAMN53084856,SRR35946893,2025-10-08,"Ottumwa WPCF, IA",Iowa,MU,RNA+DNA,raw_wastewater_composite
SAMN54703701,SRR36877034,2025-10-15,"Ottumwa WPCF, IA",Iowa,MU,RNA+DNA,raw_wastewater_composite
SAMN54703702,SRR36877033,2025-10-22,"Ottumwa WPCF, IA",Iowa,MU,RNA+DNA,raw_wastewater_composite
SAMN54703703,SRR36877021,2025-10-29,"Ottumwa WPCF, IA",Iowa,MU,RNA+DNA,raw_wastewater_composite
SAMN54703704,SRR36876998,2025-11-05,"Ottumwa WPCF, IA",Iowa,MU,RNA+DNA,raw_wastewater_composite
SAMN54703705,SRR36876974,2025-11-12,"Ottumwa WPCF, IA",Iowa,MU,RNA+DNA,raw_wastewater_composite
SAMN54703706,SRR36877016,2025-11-19,"Ottumwa WPCF, IA",Iowa,MU,RNA+DNA,raw_wastewater_composite
SAMN54703707,SRR36876961,2025-11-24,"Ottumwa WPCF, IA",Iowa,MU,RNA+DNA,raw_wastewater_composite
SAMN54703708,SRR36876992,2025-12-03,"Ottumwa WPCF, IA",Iowa,MU,RNA+DNA,raw_wastewater_composite
SAMN54703709,SRR36876983,2025-12-10,"Ottumwa WPCF, IA",Iowa,MU,RNA+DNA,raw_wastewater_composite
SAMN55039076,SRR37092400,2025-12-17,"Ottumwa WPCF, IA",Iowa,MU,RNA+DNA,raw_wastewater_composite
SAMN55039077,SRR37092399,2025-12-22,"Ottumwa WPCF, IA",Iowa,MU,RNA+DNA,raw_wastewater_composite
SAMN55039078,SRR37092398,2025-12-31,"Ottumwa WPCF, IA",Iowa,MU,RNA+DNA,raw_wastewater_composite
SAMN57413850,SRR38294949,2026-01-07,"Ottumwa WPCF, IA",Iowa,MU,RNA+DNA,raw_wastewater_composite
SAMN57413851,SRR38294947,2026-01-14,"Ottumwa WPCF, IA",Iowa,MU,RNA+DNA,raw_wastewater_composite
SAMN57413852,SRR38294946,2026-01-21,"Ottumwa WPCF, IA",Iowa,MU,RNA+DNA,raw_wastewater_composite
SAMN57413853,SRR38294945,2026-01-28,"Ottumwa WPCF, IA",Iowa,MU,RNA+DNA,raw_wastewater_composite
SAMN57413854,SRR38294943,2026-02-04,"Ottumwa WPCF, IA",Iowa,MU,RNA+DNA,raw_wastewater_composite
SAMN57413855,SRR38294939,2026-02-11,"Ottumwa WPCF, IA",Iowa,MU,RNA+DNA,raw_wastewater_composite
SAMN57413856,SRR38294753,2026-02-18,"Ottumwa WPCF, IA",Iowa,MU,RNA+DNA,raw_wastewater_composite
SAMN57413857,SRR38294703,2026-02-25,"Ottumwa WPCF, IA",Iowa,MU,RNA+DNA,raw_wastewater_composite
SAMN57413858,SRR38294702,2026-03-04,"Ottumwa WPCF, IA",Iowa,MU,RNA+DNA,raw_wastewater_composite
SAMN57413860,SRR38294700,2026-03-18,"Ottumwa WPCF, IA",Iowa,MU,RNA+DNA,raw_wastewater_composite
SAMN57413861,SRR38294699,2026-03-25,"Ottumwa WPCF, IA",Iowa,MU,RNA+DNA,raw_wastewater_composite
SAMN61656799,SRR39695218,2026-04-01,"Ottumwa WPCF, IA",Iowa,MU,RNA+DNA,raw_wastewater_composite
SAMN61656800,SRR39695219,2026-04-08,"Ottumwa WPCF, IA",Iowa,MU,RNA+DNA,raw_wastewater_composite
SAMN61656801,SRR39695217,2026-04-15,"Ottumwa WPCF, IA",Iowa,MU,RNA+DNA,raw_wastewater_composite
SAMN61656802,SRR39695216,2026-04-22,"Ottumwa WPCF, IA",Iowa,MU,RNA+DNA,raw_wastewater_composite
SAMN61656803,SRR39695215,2026-05-06,"Ottumwa WPCF, IA",Iowa,MU,RNA+DNA,raw_wastewater_composite
SAMN61656804,SRR39695213,2026-05-13,"Ottumwa WPCF, IA",Iowa,MU,RNA+DNA,raw_wastewater_composite
SAMN61656805,SRR39695097,2026-05-20,"Ottumwa WPCF, IA",Iowa,MU,RNA+DNA,raw_wastewater_composite
SAMN61656806,SRR39695096,2026-05-27,"Ottumwa WPCF, IA",Iowa,MU,RNA+DNA,raw_wastewater_composite
SAMN61656807,SRR39695095,2026-06-03,"Ottumwa WPCF, IA",Iowa,MU,RNA+DNA,raw_wastewater_composite
SAMN61656808,SRR39695094,2026-06-11,"Ottumwa WPCF, IA",Iowa,MU,RNA+DNA,raw_wastewater_composite
SAMN61656809,SRR39695093,2026-06-17,"Ottumwa WPCF, IA",Iowa,MU,RNA+DNA,raw_wastewater_composite
SAMN61656810,SRR39695091,2026-06-24,"Ottumwa WPCF, IA",Iowa,MU,RNA+DNA,raw_wastewater_composite
SAMN54959809,SRR37036134,2025-08-25,"Palo Alto RWQCP, CA",California,MU,RNA+DNA,raw_wastewater_composite
SAMN54959810,SRR37036133,2025-09-02,"Palo Alto RWQCP, CA",California,MU,RNA+DNA,raw_wastewater_composite
SAMN54959811,SRR37036126,2025-09-08,"Palo Alto RWQCP, CA",California,MU,RNA+DNA,raw_wastewater_composite
SAMN54959812,SRR37036127,2025-09-15,"Palo Alto RWQCP, CA",California,MU,RNA+DNA,raw_wastewater_composite
SAMN54959813,SRR37036125,2025-09-22,"Palo Alto RWQCP, CA",California,MU,RNA+DNA,raw_wastewater_composite
SAMN54959814,SRR37036124,2025-09-29,"Palo Alto RWQCP, CA",California,MU,RNA+DNA,raw_wastewater_composite
SAMN54959815,SRR37036123,2025-10-06,"Palo Alto RWQCP, CA",California,MU,RNA+DNA,raw_wastewater_composite
SAMN54959816,SRR37036121,2025-10-14,"Palo Alto RWQCP, CA",California,MU,RNA+DNA,raw_wastewater_composite
SAMN54959817,SRR37036122,2025-10-22,"Palo Alto RWQCP, CA",California,MU,RNA+DNA,raw_wastewater_composite
SAMN54959818,SRR37036120,2025-10-27,"Palo Alto RWQCP, CA",California,MU,RNA+DNA,raw_wastewater_composite
SAMN54959819,SRR37036131,2025-11-05,"Palo Alto RWQCP, CA",California,MU,RNA+DNA,raw_wastewater_composite
SAMN54959820,SRR37036132,2025-11-10,"Palo Alto RWQCP, CA",California,MU,RNA+DNA,raw_wastewater_composite
SAMN54959821,SRR37036130,2025-11-24,"Palo Alto RWQCP, CA",California,MU,RNA+DNA,raw_wastewater_composite
SAMN54959822,SRR37036129,2025-12-01,"Palo Alto RWQCP, CA",California,MU,RNA+DNA,raw_wastewater_composite
SAMN54959823,SRR37036128,2025-12-09,"Palo Alto RWQCP, CA",California,MU,RNA+DNA,raw_wastewater_composite
SAMN55279265,SRR37181178,2025-12-16,"Palo Alto RWQCP, CA",California,MU,RNA+DNA,raw_wastewater_composite
SAMN55279266,SRR37181156,2025-12-22,"Palo Alto RWQCP, CA",California,MU,RNA+DNA,raw_wastewater_composite
SAMN55279267,SRR37181154,2025-12-29,"Palo Alto RWQCP, CA",California,MU,RNA+DNA,raw_wastewater_composite
SAMN55279268,SRR37181155,2026-01-06,"Palo Alto RWQCP, CA",California,MU,RNA+DNA,raw_wastewater_composite
SAMN55279269,SRR37181153,2026-01-12,"Palo Alto RWQCP, CA",California,MU,RNA+DNA,raw_wastewater_composite
SAMN55279270,SRR37181152,2026-01-20,"Palo Alto RWQCP, CA",California,MU,RNA+DNA,raw_wastewater_composite
SAMN57413733,SRR38294786,2026-01-26,"Palo Alto RWQCP, CA",California,MU,RNA+DNA,raw_wastewater_composite
SAMN57413734,SRR38294967,2026-02-02,"Palo Alto RWQCP, CA",California,MU,RNA+DNA,raw_wastewater_composite
SAMN57413735,SRR38294784,2026-02-09,"Palo Alto RWQCP, CA",California,MU,RNA+DNA,raw_wastewater_composite
SAMN57413736,SRR38294782,2026-02-17,"Palo Alto RWQCP, CA",California,MU,RNA+DNA,raw_wastewater_composite
SAMN57413737,SRR38294781,2026-02-24,"Palo Alto RWQCP, CA",California,MU,RNA+DNA,raw_wastewater_composite
SAMN57413738,SRR38294780,2026-03-02,"Palo Alto RWQCP, CA",California,MU,RNA+DNA,raw_wastewater_composite
SAMN57413740,SRR38294779,2026-03-16,"Palo Alto RWQCP, CA",California,MU,RNA+DNA,raw_wastewater_composite
SAMN57413741,SRR38294777,2026-03-23,"Palo Alto RWQCP, CA",California,MU,RNA+DNA,raw_wastewater_composite
SAMN57413742,SRR38294776,2026-03-30,"Palo Alto RWQCP, CA",California,MU,RNA+DNA,raw_wastewater_composite
SAMN61656671,SRR39695382,2026-04-06,"Palo Alto RWQCP, CA",California,MU,RNA+DNA,raw_wastewater_composite
SAMN61656672,SRR39695391,2026-04-13,"Palo Alto RWQCP, CA",California,MU,RNA+DNA,raw_wastewater_composite
SAMN61656673,SRR39695392,2026-04-20,"Palo Alto RWQCP, CA",California,MU,RNA+DNA,raw_wastewater_composite
SAMN61656674,SRR39695390,2026-04-27,"Palo Alto RWQCP, CA",California,MU,RNA+DNA,raw_wastewater_composite
SAMN61656675,SRR39695388,2026-05-04,"Palo Alto RWQCP, CA",California,MU,RNA+DNA,raw_wastewater_composite
SAMN61656676,SRR39695386,2026-05-11,"Palo Alto RWQCP, CA",California,MU,RNA+DNA,raw_wastewater_composite
SAMN61656677,SRR39695385,2026-05-18,"Palo Alto RWQCP, CA",California,MU,RNA+DNA,raw_wastewater_composite
SAMN61656678,SRR39695343,2026-05-26,"Palo Alto RWQCP, CA",California,MU,RNA+DNA,raw_wastewater_composite
SAMN61656679,SRR39695341,2026-06-02,"Palo Alto RWQCP, CA",California,MU,RNA+DNA,raw_wastewater_composite
SAMN61656680,SRR39695381,2026-06-08,"Palo Alto RWQCP, CA",California,MU,RNA+DNA,raw_wastewater_composite
SAMN61656681,SRR39695380,2026-06-15,"Palo Alto RWQCP, CA",California,MU,RNA+DNA,raw_wastewater_composite
SAMN61656682,SRR39695379,2026-06-22,"Palo Alto RWQCP, CA",California,MU,RNA+DNA,raw_wastewater_composite
SAMN61656683,SRR39695344,2026-06-30,"Palo Alto RWQCP, CA",California,MU,RNA+DNA,raw_wastewater_composite
SAMN47830496,SRR33038207,2024-12-09,"Riverside WQCP, CA",California,MU,RNA+DNA,raw_wastewater_composite
SAMN47830504,SRR33038053;SRR33038054,2024-12-16,"Riverside WQCP, CA",California,MU,RNA+DNA,raw_wastewater_composite
SAMN47830511,SRR33037998;SRR33038097,2024-12-23,"Riverside WQCP, CA",California,MU,RNA+DNA,raw_wastewater_composite
SAMN47830518,SRR33038188;SRR33038189,2024-12-29,"Riverside WQCP, CA",California,MU,RNA+DNA,raw_wastewater_composite
SAMN47830527,SRR33038171;SRR33038172,2025-01-06,"Riverside WQCP, CA",California,MU,RNA+DNA,raw_wastewater_composite
SAMN47830535,SRR33038047,2025-01-13,"Riverside WQCP, CA",California,MU,RNA+DNA,raw_wastewater_composite
SAMN47830542,SRR33038036,2025-01-20,"Riverside WQCP, CA",California,MU,RNA+DNA,raw_wastewater_composite
SAMN47830549,SRR33038025,2025-01-27,"Riverside WQCP, CA",California,MU,RNA+DNA,raw_wastewater_composite
SAMN47830557,SRR33038087,2025-02-03,"Riverside WQCP, CA",California,MU,RNA+DNA,raw_wastewater_composite
SAMN47830564,SRR33038161,2025-02-10,"Riverside WQCP, CA",California,MU,RNA+DNA,raw_wastewater_composite
SAMN47830571,SRR33038152,2025-02-17,"Riverside WQCP, CA",California,MU,RNA+DNA,raw_wastewater_composite
SAMN47830579,SRR33038142,2025-02-24,"Riverside WQCP, CA",California,MU,RNA+DNA,raw_wastewater_composite
SAMN47830587,SRR33038017,2025-03-03,"Riverside WQCP, CA",California,MU,RNA+DNA,raw_wastewater_composite
SAMN47830590,SRR33038079,2025-03-06,"Riverside WQCP, CA",California,MU,RNA+DNA,raw_wastewater_composite
SAMN47830596,SRR33038131,2025-03-10,"Riverside WQCP, CA",California,MU,RNA+DNA,raw_wastewater_composite
SAMN53059441,SRR35931385,2025-03-13,"Riverside WQCP, CA",California,MU,RNA+DNA,raw_wastewater_composite
SAMN53059442,SRR35931357,2025-03-17,"Riverside WQCP, CA",California,MU,RNA+DNA,raw_wastewater_composite
SAMN53059443,SRR35931384,2025-03-20,"Riverside WQCP, CA",California,MU,RNA+DNA,raw_wastewater_composite
SAMN53059444,SRR35931354,2025-03-24,"Riverside WQCP, CA",California,MU,RNA+DNA,raw_wastewater_composite
SAMN53059445,SRR35931341,2025-03-27,"Riverside WQCP, CA",California,MU,RNA+DNA,raw_wastewater_composite
SAMN53059446,SRR35931333,2025-03-31,"Riverside WQCP, CA",California,MU,RNA+DNA,raw_wastewater_composite
SAMN53059447,SRR35931365,2025-04-03,"Riverside WQCP, CA",California,MU,RNA+DNA,raw_wastewater_composite
SAMN53059448,SRR35931361,2025-04-07,"Riverside WQCP, CA",California,MU,RNA+DNA,raw_wastewater_composite
SAMN53059449,SRR35931344,2025-04-10,"Riverside WQCP, CA",California,MU,RNA+DNA,raw_wastewater_composite
SAMN53059450,SRR35931342,2025-04-14,"Riverside WQCP, CA",California,MU,RNA+DNA,raw_wastewater_composite
SAMN53059451,SRR35931358,2025-04-17,"Riverside WQCP, CA",California,MU,RNA+DNA,raw_wastewater_composite
SAMN53059452,SRR35931359,2025-04-21,"Riverside WQCP, CA",California,MU,RNA+DNA,raw_wastewater_composite
SAMN53059453,SRR35931360,2025-04-28,"Riverside WQCP, CA",California,MU,RNA+DNA,raw_wastewater_composite
SAMN53059454,SRR35931377,2025-04-29,"Riverside WQCP, CA",California,MU,RNA+DNA,raw_wastewater_composite
SAMN53059455,SRR35931378,2025-05-01,"Riverside WQCP, CA",California,MU,RNA+DNA,raw_wastewater_composite
SAMN53059456,SRR35931379,2025-05-05,"Riverside WQCP, CA",California,MU,RNA+DNA,raw_wastewater_composite
SAMN53059457,SRR35931380,2025-05-08,"Riverside WQCP, CA",California,MU,RNA+DNA,raw_wastewater_composite
SAMN53059458,SRR35931381,2025-05-12,"Riverside WQCP, CA",California,MU,RNA+DNA,raw_wastewater_composite
SAMN53059459,SRR35931382,2025-05-15,"Riverside WQCP, CA",California,MU,RNA+DNA,raw_wastewater_composite
SAMN53059460,SRR35931383,2025-05-19,"Riverside WQCP, CA",California,MU,RNA+DNA,raw_wastewater_composite
SAMN53059461,SRR35931352,2025-05-22,"Riverside WQCP, CA",California,MU,RNA+DNA,raw_wastewater_composite
SAMN53059462,SRR35931369,2025-05-26,"Riverside WQCP, CA",California,MU,RNA+DNA,raw_wastewater_composite
SAMN53059463,SRR35931370,2025-05-29,"Riverside WQCP, CA",California,MU,RNA+DNA,raw_wastewater_composite
SAMN53059464,SRR35931371,2025-06-02,"Riverside WQCP, CA",California,MU,RNA+DNA,raw_wastewater_composite
SAMN53059465,SRR35931372,2025-06-05,"Riverside WQCP, CA",California,MU,RNA+DNA,raw_wastewater_composite
SAMN53059466,SRR35931373,2025-06-09,"Riverside WQCP, CA",California,MU,RNA+DNA,raw_wastewater_composite
SAMN53059467,SRR35931374,2025-06-12,"Riverside WQCP, CA",California,MU,RNA+DNA,raw_wastewater_composite
SAMN53059468,SRR35931375,2025-06-16,"Riverside WQCP, CA",California,MU,RNA+DNA,raw_wastewater_composite
SAMN53059469,SRR35931376,2025-06-19,"Riverside WQCP, CA",California,MU,RNA+DNA,raw_wastewater_composite
SAMN53059470,SRR35931353,2025-06-23,"Riverside WQCP, CA",California,MU,RNA+DNA,raw_wastewater_composite
SAMN53059471,SRR35931355,2025-06-26,"Riverside WQCP, CA",California,MU,RNA+DNA,raw_wastewater_composite
SAMN53059472,SRR35931356,2025-06-30,"Riverside WQCP, CA",California,MU,RNA+DNA,raw_wastewater_composite
SAMN53059473,SRR35931351,2025-07-03,"Riverside WQCP, CA",California,MU,RNA+DNA,raw_wastewater_composite
SAMN53059474,SRR35931350,2025-07-07,"Riverside WQCP, CA",California,MU,RNA+DNA,raw_wastewater_composite
SAMN53059475,SRR35931349,2025-07-10,"Riverside WQCP, CA",California,MU,RNA+DNA,raw_wastewater_composite
SAMN53059476,SRR35931348,2025-07-14,"Riverside WQCP, CA",California,MU,RNA+DNA,raw_wastewater_composite
SAMN53059477,SRR35931347,2025-07-17,"Riverside WQCP, CA",California,MU,RNA+DNA,raw_wastewater_composite
SAMN53059478,SRR35931346,2025-07-21,"Riverside WQCP, CA",California,MU,RNA+DNA,raw_wastewater_composite
SAMN53059479,SRR35931345,2025-07-31,"Riverside WQCP, CA",California,MU,RNA+DNA,raw_wastewater_composite
SAMN53059480,SRR35931343,2025-08-04,"Riverside WQCP, CA",California,MU,RNA+DNA,raw_wastewater_composite
SAMN53059481,SRR35931364,2025-08-07,"Riverside WQCP, CA",California,MU,RNA+DNA,raw_wastewater_composite
SAMN53059482,SRR35931363,2025-08-11,"Riverside WQCP, CA",California,MU,RNA+DNA,raw_wastewater_composite
SAMN53059483,SRR35931362,2025-08-14,"Riverside WQCP, CA",California,MU,RNA+DNA,raw_wastewater_composite
SAMN53059484,SRR35931340,2025-08-18,"Riverside WQCP, CA",California,MU,RNA+DNA,raw_wastewater_composite
SAMN53059485,SRR35931339,2025-08-21,"Riverside WQCP, CA",California,MU,RNA+DNA,raw_wastewater_composite
SAMN53059486,SRR35931338,2025-08-25,"Riverside WQCP, CA",California,MU,RNA+DNA,raw_wastewater_composite
SAMN53059487,SRR35931337,2025-08-28,"Riverside WQCP, CA",California,MU,RNA+DNA,raw_wastewater_composite
SAMN53059488,SRR35931336,2025-09-01,"Riverside WQCP, CA",California,MU,RNA+DNA,raw_wastewater_composite
SAMN53059489,SRR35931335,2025-09-08,"Riverside WQCP, CA",California,MU,RNA+DNA,raw_wastewater_composite
SAMN53059490,SRR35931334,2025-09-09,"Riverside WQCP, CA",California,MU,RNA+DNA,raw_wastewater_composite
SAMN53059491,SRR35931332,2025-09-11,"Riverside WQCP, CA",California,MU,RNA+DNA,raw_wastewater_composite
SAMN53059492,SRR35931331,2025-09-15,"Riverside WQCP, CA",California,MU,RNA+DNA,raw_wastewater_composite
SAMN53059493,SRR35931330,2025-09-18,"Riverside WQCP, CA",California,MU,RNA+DNA,raw_wastewater_composite
SAMN53059494,SRR35931329,2025-09-22,"Riverside WQCP, CA",California,MU,RNA+DNA,raw_wastewater_composite
SAMN53059495,SRR35931328,2025-09-25,"Riverside WQCP, CA",California,MU,RNA+DNA,raw_wastewater_composite
SAMN53059496,SRR35931327,2025-09-29,"Riverside WQCP, CA",California,MU,RNA+DNA,raw_wastewater_composite
SAMN53059497,SRR35931368,2025-10-02,"Riverside WQCP, CA",California,MU,RNA+DNA,raw_wastewater_composite
SAMN53059498,SRR35931367,2025-10-06,"Riverside WQCP, CA",California,MU,RNA+DNA,raw_wastewater_composite
SAMN53059499,SRR35931366,2025-10-09,"Riverside WQCP, CA",California,MU,RNA+DNA,raw_wastewater_composite
SAMN54609812,SRR36830275,2025-10-15,"Riverside WQCP, CA",California,MU,RNA+DNA,raw_wastewater_composite
SAMN54609813,SRR36830274,2025-10-16,"Riverside WQCP, CA",California,MU,RNA+DNA,raw_wastewater_composite
SAMN54609814,SRR36830266,2025-10-20,"Riverside WQCP, CA",California,MU,RNA+DNA,raw_wastewater_composite
SAMN54609815,SRR36830265,2025-10-23,"Riverside WQCP, CA",California,MU,RNA+DNA,raw_wastewater_composite
SAMN54609816,SRR36830264,2025-10-27,"Riverside WQCP, CA",California,MU,RNA+DNA,raw_wastewater_composite
SAMN54609817,SRR36830262,2025-10-30,"Riverside WQCP, CA",California,MU,RNA+DNA,raw_wastewater_composite
SAMN54609818,SRR36830263,2025-11-03,"Riverside WQCP, CA",California,MU,RNA+DNA,raw_wastewater_composite
SAMN54609819,SRR36830261,2025-11-05,"Riverside WQCP, CA",California,MU,RNA+DNA,raw_wastewater_composite
SAMN54609820,SRR36830260,2025-11-09,"Riverside WQCP, CA",California,MU,RNA+DNA,raw_wastewater_composite
SAMN54609821,SRR36830259,2025-11-13,"Riverside WQCP, CA",California,MU,RNA+DNA,raw_wastewater_composite
SAMN54609822,SRR36830272,2025-11-17,"Riverside WQCP, CA",California,MU,RNA+DNA,raw_wastewater_composite
SAMN54609823,SRR36830273,2025-11-20,"Riverside WQCP, CA",California,MU,RNA+DNA,raw_wastewater_composite
SAMN54609824,SRR36830271,2025-11-25,"Riverside WQCP, CA",California,MU,RNA+DNA,raw_wastewater_composite
SAMN54609825,SRR36830270,2025-11-27,"Riverside WQCP, CA",California,MU,RNA+DNA,raw_wastewater_composite
SAMN54609826,SRR36830269,2025-12-01,"Riverside WQCP, CA",California,MU,RNA+DNA,raw_wastewater_composite
SAMN54609827,SRR36830267,2025-12-04,"Riverside WQCP, CA",California,MU,RNA+DNA,raw_wastewater_composite
SAMN54609828,SRR36830268,2025-12-08,"Riverside WQCP, CA",California,MU,RNA+DNA,raw_wastewater_composite
SAMN55039069,SRR37092422,2025-12-15,"Riverside WQCP, CA",California,MU,RNA+DNA,raw_wastewater_composite
SAMN55039070,SRR37092421,2025-12-17,"Riverside WQCP, CA",California,MU,RNA+DNA,raw_wastewater_composite
SAMN55039071,SRR37092409,2025-12-18,"Riverside WQCP, CA",California,MU,RNA+DNA,raw_wastewater_composite
SAMN55039072,SRR37092404,2025-12-22,"Riverside WQCP, CA",California,MU,RNA+DNA,raw_wastewater_composite
SAMN55039073,SRR37092403,2025-12-29,"Riverside WQCP, CA",California,MU,RNA+DNA,raw_wastewater_composite
SAMN57413743,SRR38294982,2026-01-01,"Riverside WQCP, CA",California,MU,RNA+DNA,raw_wastewater_composite
SAMN57413744,SRR38294979,2026-01-05,"Riverside WQCP, CA",California,MU,RNA+DNA,raw_wastewater_composite
SAMN57413745,SRR38294978,2026-01-07,"Riverside WQCP, CA",California,MU,RNA+DNA,raw_wastewater_composite
SAMN57413746,SRR38294977,2026-01-12,"Riverside WQCP, CA",California,MU,RNA+DNA,raw_wastewater_composite
SAMN57413747,SRR38294976,2026-01-15,"Riverside WQCP, CA",California,MU,RNA+DNA,raw_wastewater_composite
SAMN57413748,SRR38294975,2026-01-19,"Riverside WQCP, CA",California,MU,RNA+DNA,raw_wastewater_composite
SAMN57413749,SRR38294974,2026-01-22,"Riverside WQCP, CA",California,MU,RNA+DNA,raw_wastewater_composite
SAMN57413750,SRR38294972,2026-01-26,"Riverside WQCP, CA",California,MU,RNA+DNA,raw_wastewater_composite
SAMN57413751,SRR38294973,2026-01-29,"Riverside WQCP, CA",California,MU,RNA+DNA,raw_wastewater_composite
SAMN57413752,SRR38294971,2026-02-02,"Riverside WQCP, CA",California,MU,RNA+DNA,raw_wastewater_composite
SAMN57413753,SRR38294969,2026-02-05,"Riverside WQCP, CA",California,MU,RNA+DNA,raw_wastewater_composite
SAMN57413754,SRR38294968,2026-02-09,"Riverside WQCP, CA",California,MU,RNA+DNA,raw_wastewater_composite
SAMN57413755,SRR38294965,2026-02-12,"Riverside WQCP, CA",California,MU,RNA+DNA,raw_wastewater_composite
SAMN57413756,SRR38294964,2026-02-16,"Riverside WQCP, CA",California,MU,RNA+DNA,raw_wastewater_composite
SAMN57413757,SRR38294963,2026-02-19,"Riverside WQCP, CA",California,MU,RNA+DNA,raw_wastewater_composite
SAMN57413758,SRR38294962,2026-02-26,"Riverside WQCP, CA",California,MU,RNA+DNA,raw_wastewater_composite
SAMN57413759,SRR38294960,2026-03-02,"Riverside WQCP, CA",California,MU,RNA+DNA,raw_wastewater_composite
SAMN57413762,SRR38294958,2026-03-12,"Riverside WQCP, CA",California,MU,RNA+DNA,raw_wastewater_composite
SAMN57413763,SRR38294957,2026-03-16,"Riverside WQCP, CA",California,MU,RNA+DNA,raw_wastewater_composite
SAMN57413764,SRR38294955,2026-03-19,"Riverside WQCP, CA",California,MU,RNA+DNA,raw_wastewater_composite
SAMN57413765,SRR38294954,2026-03-23,"Riverside WQCP, CA",California,MU,RNA+DNA,raw_wastewater_composite
SAMN57413766,SRR38294675,2026-03-26,"Riverside WQCP, CA",California,MU,RNA+DNA,raw_wastewater_composite
SAMN57413767,SRR38294674,2026-03-31,"Riverside WQCP, CA",California,MU,RNA+DNA,raw_wastewater_composite
SAMN61656684,SRR39695342,2026-04-02,"Riverside WQCP, CA",California,MU,RNA+DNA,raw_wastewater_composite
SAMN61656685,SRR39695073,2026-04-06,"Riverside WQCP, CA",California,MU,RNA+DNA,raw_wastewater_composite
SAMN61656686,SRR39695071,2026-04-09,"Riverside WQCP, CA",California,MU,RNA+DNA,raw_wastewater_composite
SAMN61656687,SRR39695072,2026-04-13,"Riverside WQCP, CA",California,MU,RNA+DNA,raw_wastewater_composite
SAMN61656688,SRR39695070,2026-04-16,"Riverside WQCP, CA",California,MU,RNA+DNA,raw_wastewater_composite
SAMN61656689,SRR39695069,2026-04-20,"Riverside WQCP, CA",California,MU,RNA+DNA,raw_wastewater_composite
SAMN61656690,SRR39695068,2026-04-23,"Riverside WQCP, CA",California,MU,RNA+DNA,raw_wastewater_composite
SAMN61656691,SRR39695066,2026-04-27,"Riverside WQCP, CA",California,MU,RNA+DNA,raw_wastewater_composite
SAMN61656692,SRR39695067,2026-04-30,"Riverside WQCP, CA",California,MU,RNA+DNA,raw_wastewater_composite
SAMN61656693,SRR39695064,2026-05-04,"Riverside WQCP, CA",California,MU,RNA+DNA,raw_wastewater_composite
SAMN61656694,SRR39694956,2026-05-07,"Riverside WQCP, CA",California,MU,RNA+DNA,raw_wastewater_composite
SAMN61656695,SRR39694952,2026-05-11,"Riverside WQCP, CA",California,MU,RNA+DNA,raw_wastewater_composite
SAMN61656696,SRR39694953,2026-05-14,"Riverside WQCP, CA",California,MU,RNA+DNA,raw_wastewater_composite
SAMN61656697,SRR39694951,2026-05-18,"Riverside WQCP, CA",California,MU,RNA+DNA,raw_wastewater_composite
SAMN61656698,SRR39694950,2026-05-21,"Riverside WQCP, CA",California,MU,RNA+DNA,raw_wastewater_composite
SAMN61656699,SRR39694949,2026-05-25,"Riverside WQCP, CA",California,MU,RNA+DNA,raw_wastewater_composite
SAMN61656700,SRR39694948,2026-05-28,"Riverside WQCP, CA",California,MU,RNA+DNA,raw_wastewater_composite
SAMN61656701,SRR39694947,2026-06-01,"Riverside WQCP, CA",California,MU,RNA+DNA,raw_wastewater_composite
SAMN61656702,SRR39694946,2026-06-04,"Riverside WQCP, CA",California,MU,RNA+DNA,raw_wastewater_composite
SAMN61656703,SRR39694945,2026-06-11,"Riverside WQCP, CA",California,MU,RNA+DNA,raw_wastewater_composite
SAMN61656704,SRR39694944,2026-06-15,"Riverside WQCP, CA",California,MU,RNA+DNA,raw_wastewater_composite
SAMN61656705,SRR39694934,2026-06-18,"Riverside WQCP, CA",California,MU,RNA+DNA,raw_wastewater_composite
SAMN61656706,SRR39694935,2026-06-22,"Riverside WQCP, CA",California,MU,RNA+DNA,raw_wastewater_composite
SAMN61656707,SRR39695065,2026-06-25,"Riverside WQCP, CA",California,MU,RNA+DNA,raw_wastewater_composite
SAMN61656708,SRR39695328,2026-06-29,"Riverside WQCP, CA",California,MU,RNA+DNA,raw_wastewater_composite
SAMN54592504,SRR36814890,2025-08-28,"Sacramento, CA",California,MU,RNA+DNA,raw_wastewater_composite
SAMN54592505,SRR36814889,2025-09-04,"Sacramento, CA",California,MU,RNA+DNA,raw_wastewater_composite
SAMN54592506,SRR36814887,2025-09-09,"Sacramento, CA",California,MU,RNA+DNA,raw_wastewater_composite
SAMN54592491,SRR36814895,2025-09-17,"Sacramento, CA",California,MU,RNA+DNA,raw_wastewater_composite
SAMN54592492,SRR36814894,2025-09-25,"Sacramento, CA",California,MU,RNA+DNA,raw_wastewater_composite
SAMN54592493,SRR36814888,2025-10-03,"Sacramento, CA",California,MU,RNA+DNA,raw_wastewater_composite
SAMN54592494,SRR36814886,2025-10-10,"Sacramento, CA",California,MU,RNA+DNA,raw_wastewater_composite
SAMN54592495,SRR36814885,2025-10-15,"Sacramento, CA",California,MU,RNA+DNA,raw_wastewater_composite
SAMN54592496,SRR36814884,2025-10-23,"Sacramento, CA",California,MU,RNA+DNA,raw_wastewater_composite
SAMN54592497,SRR36814882,2025-10-29,"Sacramento, CA",California,MU,RNA+DNA,raw_wastewater_composite
SAMN54592498,SRR36814883,2025-11-05,"Sacramento, CA",California,MU,RNA+DNA,raw_wastewater_composite
SAMN54592499,SRR36814881,2025-11-12,"Sacramento, CA",California,MU,RNA+DNA,raw_wastewater_composite
SAMN54592500,SRR36814880,2025-11-20,"Sacramento, CA",California,MU,RNA+DNA,raw_wastewater_composite
SAMN54592501,SRR36814892,2025-11-25,"Sacramento, CA",California,MU,RNA+DNA,raw_wastewater_composite
SAMN54592502,SRR36814893,2025-12-03,"Sacramento, CA",California,MU,RNA+DNA,raw_wastewater_composite
SAMN54592503,SRR36814891,2025-12-11,"Sacramento, CA",California,MU,RNA+DNA,raw_wastewater_composite
SAMN55039074,SRR37092402,2025-12-24,"Sacramento, CA",California,MU,RNA+DNA,raw_wastewater_composite
SAMN55039075,SRR37092401,2025-12-29,"Sacramento, CA",California,MU,RNA+DNA,raw_wastewater_composite
SAMN57413768,SRR38294673,2026-01-07,"Sacramento, CA",California,MU,RNA+DNA,raw_wastewater_composite
SAMN57413769,SRR38294672,2026-01-14,"Sacramento, CA",California,MU,RNA+DNA,raw_wastewater_composite
SAMN57413770,SRR38294670,2026-01-22,"Sacramento, CA",California,MU,RNA+DNA,raw_wastewater_composite
SAMN57413771,SRR38294671,2026-01-28,"Sacramento, CA",California,MU,RNA+DNA,raw_wastewater_composite
SAMN57413772,SRR38294669,2026-02-02,"Sacramento, CA",California,MU,RNA+DNA,raw_wastewater_composite
SAMN57413773,SRR38294893,2026-02-12,"Sacramento, CA",California,MU,RNA+DNA,raw_wastewater_composite
SAMN57413774,SRR38294668,2026-02-19,"Sacramento, CA",California,MU,RNA+DNA,raw_wastewater_composite
SAMN57413775,SRR38294890,2026-02-25,"Sacramento, CA",California,MU,RNA+DNA,raw_wastewater_composite
SAMN57413776,SRR38294888,2026-03-05,"Sacramento, CA",California,MU,RNA+DNA,raw_wastewater_composite
SAMN57413777,SRR38294666,2026-03-11,"Sacramento, CA",California,MU,RNA+DNA,raw_wastewater_composite
SAMN57413778,SRR38294665,2026-03-19,"Sacramento, CA",California,MU,RNA+DNA,raw_wastewater_composite
SAMN57413779,SRR38294663,2026-03-26,"Sacramento, CA",California,MU,RNA+DNA,raw_wastewater_composite
SAMN61656709,SRR39694936,2026-04-02,"Sacramento, CA",California,MU,RNA+DNA,raw_wastewater_composite
SAMN61656710,SRR39694938,2026-04-08,"Sacramento, CA",California,MU,RNA+DNA,raw_wastewater_composite
SAMN61656711,SRR39694937,2026-04-15,"Sacramento, CA",California,MU,RNA+DNA,raw_wastewater_composite
SAMN61656712,SRR39694939,2026-04-23,"Sacramento, CA",California,MU,RNA+DNA,raw_wastewater_composite
SAMN61656713,SRR39695117,2026-04-30,"Sacramento, CA",California,MU,RNA+DNA,raw_wastewater_composite
SAMN61656714,SRR39695119,2026-05-07,"Sacramento, CA",California,MU,RNA+DNA,raw_wastewater_composite
SAMN61656715,SRR39694942,2026-05-13,"Sacramento, CA",California,MU,RNA+DNA,raw_wastewater_composite
SAMN61656716,SRR39695118,2026-05-20,"Sacramento, CA",California,MU,RNA+DNA,raw_wastewater_composite
SAMN61656717,SRR39695120,2026-05-28,"Sacramento, CA",California,MU,RNA+DNA,raw_wastewater_composite
SAMN61656718,SRR39695339,2026-06-03,"Sacramento, CA",California,MU,RNA+DNA,raw_wastewater_composite
SAMN61656719,SRR39695340,2026-06-11,"Sacramento, CA",California,MU,RNA+DNA,raw_wastewater_composite
SAMN61656720,SRR39695111,2026-06-17,"Sacramento, CA",California,MU,RNA+DNA,raw_wastewater_composite
SAMN61656721,SRR39695114,2026-06-25,"Sacramento, CA",California,MU,RNA+DNA,raw_wastewater_composite
SAMN54705862,SRR36876861,2025-04-16,"Southern California, CA",California,MU,RNA+DNA,raw_wastewater_composite
SAMN54705863,SRR36876860,2025-04-20,"Southern California, CA",California,MU,RNA+DNA,raw_wastewater_composite
SAMN54705864,SRR36876818,2025-04-23,"Southern California, CA",California,MU,RNA+DNA,raw_wastewater_composite
SAMN54705865,SRR36876843,2025-04-27,"Southern California, CA",California,MU,RNA+DNA,raw_wastewater_composite
SAMN54705866,SRR36876798,2025-04-30,"Southern California, CA",California,MU,RNA+DNA,raw_wastewater_composite
SAMN54705867,SRR36876806,2025-05-04,"Southern California, CA",California,MU,RNA+DNA,raw_wastewater_composite
SAMN54705868,SRR36876824,2025-05-07,"Southern California, CA",California,MU,RNA+DNA,raw_wastewater_composite
SAMN54705869,SRR36876829,2025-05-11,"Southern California, CA",California,MU,RNA+DNA,raw_wastewater_composite
SAMN54705870,SRR36876830,2025-05-14,"Southern California, CA",California,MU,RNA+DNA,raw_wastewater_composite
SAMN54705871,SRR36876828,2025-05-18,"Southern California, CA",California,MU,RNA+DNA,raw_wastewater_composite
SAMN54705872,SRR36876858,2025-05-21,"Southern California, CA",California,MU,RNA+DNA,raw_wastewater_composite
SAMN54705873,SRR36876859,2025-05-25,"Southern California, CA",California,MU,RNA+DNA,raw_wastewater_composite
SAMN54705874,SRR36876857,2025-05-28,"Southern California, CA",California,MU,RNA+DNA,raw_wastewater_composite
SAMN54705875,SRR36876850,2025-06-01,"Southern California, CA",California,MU,RNA+DNA,raw_wastewater_composite
SAMN54705876,SRR36876851,2025-06-04,"Southern California, CA",California,MU,RNA+DNA,raw_wastewater_composite
SAMN54705877,SRR36876852,2025-06-08,"Southern California, CA",California,MU,RNA+DNA,raw_wastewater_composite
SAMN54705878,SRR36876854,2025-06-11,"Southern California, CA",California,MU,RNA+DNA,raw_wastewater_composite
SAMN54705879,SRR36876853,2025-06-15,"Southern California, CA",California,MU,RNA+DNA,raw_wastewater_composite
SAMN54705880,SRR36876855,2025-06-18,"Southern California, CA",California,MU,RNA+DNA,raw_wastewater_composite
SAMN54705881,SRR36876856,2025-06-22,"Southern California, CA",California,MU,RNA+DNA,raw_wastewater_composite
SAMN54705882,SRR36876820,2025-06-25,"Southern California, CA",California,MU,RNA+DNA,raw_wastewater_composite
SAMN54705883,SRR36876821,2025-06-29,"Southern California, CA",California,MU,RNA+DNA,raw_wastewater_composite
SAMN54705884,SRR36876822,2025-07-02,"Southern California, CA",California,MU,RNA+DNA,raw_wastewater_composite
SAMN54705885,SRR36876823,2025-07-06,"Southern California, CA",California,MU,RNA+DNA,raw_wastewater_composite
SAMN54705886,SRR36876837,2025-07-09,"Southern California, CA",California,MU,RNA+DNA,raw_wastewater_composite
SAMN54705887,SRR36876838,2025-07-13,"Southern California, CA",California,MU,RNA+DNA,raw_wastewater_composite
SAMN54705888,SRR36876839,2025-07-16,"Southern California, CA",California,MU,RNA+DNA,raw_wastewater_composite
SAMN54705889,SRR36876840,2025-07-20,"Southern California, CA",California,MU,RNA+DNA,raw_wastewater_composite
SAMN54705890,SRR36876841,2025-07-23,"Southern California, CA",California,MU,RNA+DNA,raw_wastewater_composite
SAMN54705891,SRR36876842,2025-07-27,"Southern California, CA",California,MU,RNA+DNA,raw_wastewater_composite
SAMN54705892,SRR36876844,2025-07-30,"Southern California, CA",California,MU,RNA+DNA,raw_wastewater_composite
SAMN54705893,SRR36876845,2025-08-03,"Southern California, CA",California,MU,RNA+DNA,raw_wastewater_composite
SAMN54705894,SRR36876846,2025-08-06,"Southern California, CA",California,MU,RNA+DNA,raw_wastewater_composite
SAMN54705895,SRR36876847,2025-08-10,"Southern California, CA",California,MU,RNA+DNA,raw_wastewater_composite
SAMN54705896,SRR36876849,2025-08-13,"Southern California, CA",California,MU,RNA+DNA,raw_wastewater_composite
SAMN54705897,SRR36876848,2025-08-17,"Southern California, CA",California,MU,RNA+DNA,raw_wastewater_composite
SAMN54705898,SRR36876819,2025-08-20,"Southern California, CA",California,MU,RNA+DNA,raw_wastewater_composite
SAMN54705899,SRR36876817,2025-08-24,"Southern California, CA",California,MU,RNA+DNA,raw_wastewater_composite
SAMN54705900,SRR36876816,2025-08-27,"Southern California, CA",California,MU,RNA+DNA,raw_wastewater_composite
SAMN54705901,SRR36876815,2025-09-03,"Southern California, CA",California,MU,RNA+DNA,raw_wastewater_composite
SAMN54705902,SRR36876836,2025-09-07,"Southern California, CA",California,MU,RNA+DNA,raw_wastewater_composite
SAMN54705903,SRR36876834,2025-09-10,"Southern California, CA",California,MU,RNA+DNA,raw_wastewater_composite
SAMN54705904,SRR36876813,2025-09-14,"Southern California, CA",California,MU,RNA+DNA,raw_wastewater_composite
SAMN54705905,SRR36876814,2025-09-17,"Southern California, CA",California,MU,RNA+DNA,raw_wastewater_composite
SAMN54705906,SRR36876812,2025-09-21,"Southern California, CA",California,MU,RNA+DNA,raw_wastewater_composite
SAMN54705907,SRR36876811,2025-09-24,"Southern California, CA",California,MU,RNA+DNA,raw_wastewater_composite
SAMN54705908,SRR36876810,2025-09-28,"Southern California, CA",California,MU,RNA+DNA,raw_wastewater_composite
SAMN54705909,SRR36876808,2025-10-01,"Southern California, CA",California,MU,RNA+DNA,raw_wastewater_composite
SAMN54705910,SRR36876809,2025-10-05,"Southern California, CA",California,MU,RNA+DNA,raw_wastewater_composite
SAMN54705911,SRR36876807,2025-10-09,"Southern California, CA",California,MU,RNA+DNA,raw_wastewater_composite
SAMN54705912,SRR36876805,2025-10-16,"Southern California, CA",California,MU,RNA+DNA,raw_wastewater_composite
SAMN54705913,SRR36876804,2025-10-19,"Southern California, CA",California,MU,RNA+DNA,raw_wastewater_composite
SAMN54705914,SRR36876803,2025-10-23,"Southern California, CA",California,MU,RNA+DNA,raw_wastewater_composite
SAMN54705915,SRR36876802,2025-10-26,"Southern California, CA",California,MU,RNA+DNA,raw_wastewater_composite
SAMN54705916,SRR36876800,2025-10-29,"Southern California, CA",California,MU,RNA+DNA,raw_wastewater_composite
SAMN54705917,SRR36876801,2025-11-02,"Southern California, CA",California,MU,RNA+DNA,raw_wastewater_composite
SAMN54705918,SRR36876799,2025-11-05,"Southern California, CA",California,MU,RNA+DNA,raw_wastewater_composite
SAMN54705919,SRR36876827,2025-11-09,"Southern California, CA",California,MU,RNA+DNA,raw_wastewater_composite
SAMN54705920,SRR36876826,2025-11-12,"Southern California, CA",California,MU,RNA+DNA,raw_wastewater_composite
SAMN54705921,SRR36876825,2025-11-16,"Southern California, CA",California,MU,RNA+DNA,raw_wastewater_composite
SAMN54705922,SRR36876797,2025-11-19,"Southern California, CA",California,MU,RNA+DNA,raw_wastewater_composite
SAMN54705923,SRR36876796,2025-11-23,"Southern California, CA",California,MU,RNA+DNA,raw_wastewater_composite
SAMN54705924,SRR36876835,2025-11-26,"Southern California, CA",California,MU,RNA+DNA,raw_wastewater_composite
SAMN54705925,SRR36876833,2025-11-30,"Southern California, CA",California,MU,RNA+DNA,raw_wastewater_composite
SAMN54705926,SRR36876832,2025-12-03,"Southern California, CA",California,MU,RNA+DNA,raw_wastewater_composite
SAMN54705927,SRR36876831,2025-12-07,"Southern California, CA",California,MU,RNA+DNA,raw_wastewater_composite
SAMN55039087,SRR37092412,2025-12-10,"Southern California, CA",California,MU,RNA+DNA,raw_wastewater_composite
SAMN55039088,SRR37092411,2025-12-14,"Southern California, CA",California,MU,RNA+DNA,raw_wastewater_composite
SAMN55039089,SRR37092410,2025-12-17,"Southern California, CA",California,MU,RNA+DNA,raw_wastewater_composite
SAMN55039090,SRR37092408,2025-12-21,"Southern California, CA",California,MU,RNA+DNA,raw_wastewater_composite
SAMN55039091,SRR37092407,2025-12-24,"Southern California, CA",California,MU,RNA+DNA,raw_wastewater_composite
SAMN55039092,SRR37092406,2025-12-28,"Southern California, CA",California,MU,RNA+DNA,raw_wastewater_composite
SAMN55039093,SRR37092405,2025-12-31,"Southern California, CA",California,MU,RNA+DNA,raw_wastewater_composite
SAMN57413687,SRR38294733,2026-01-04,"Southern California, CA",California,BCL,RNA,raw_wastewater_composite
SAMN57414067,SRR38294818,2026-01-04,"Southern California, CA",California,MU,RNA+DNA,raw_wastewater_composite
SAMN57413694,SRR38294891,2026-01-14,"Southern California, CA",California,BCL,RNA,raw_wastewater_composite
SAMN57414068,SRR38294817,2026-01-14,"Southern California, CA",California,MU,RNA+DNA,raw_wastewater_composite
SAMN57413695,SRR38294734,2026-01-18,"Southern California, CA",California,BCL,RNA,raw_wastewater_composite
SAMN57414069,SRR38294815,2026-01-18,"Southern California, CA",California,MU,RNA+DNA,raw_wastewater_composite
SAMN57413699,SRR38294773,2026-01-21,"Southern California, CA",California,BCL,RNA,raw_wastewater_composite
SAMN57414070,SRR38294816,2026-01-21,"Southern California, CA",California,MU,RNA+DNA,raw_wastewater_composite
SAMN57413700,SRR38294764,2026-01-25,"Southern California, CA",California,BCL,RNA,raw_wastewater_composite
SAMN57414071,SRR38294814,2026-01-25,"Southern California, CA",California,MU,RNA+DNA,raw_wastewater_composite
SAMN57413704,SRR38294755,2026-01-28,"Southern California, CA",California,BCL,RNA,raw_wastewater_composite
SAMN57414072,SRR38294813,2026-01-28,"Southern California, CA",California,MU,RNA+DNA,raw_wastewater_composite
SAMN57413705,SRR38294687,2026-02-01,"Southern California, CA",California,BCL,RNA,raw_wastewater_composite
SAMN57414073,SRR38294812,2026-02-01,"Southern California, CA",California,MU,RNA+DNA,raw_wastewater_composite
SAMN57414074,SRR38294810,2026-02-04,"Southern California, CA",California,MU,RNA+DNA,raw_wastewater_composite
SAMN61656585,SRR39695076,2026-02-04,"Southern California, CA",California,BCL,RNA,raw_wastewater_composite
SAMN57414075,SRR38294809,2026-02-08,"Southern California, CA",California,MU,RNA+DNA,raw_wastewater_composite
SAMN61656586,SRR39695075,2026-02-08,"Southern California, CA",California,BCL,RNA,raw_wastewater_composite
SAMN57413711,SRR38294926,2026-02-11,"Southern California, CA",California,BCL,RNA,raw_wastewater_composite
SAMN57414076,SRR38294808,2026-02-11,"Southern California, CA",California,MU,RNA+DNA,raw_wastewater_composite
SAMN57413712,SRR38294887,2026-02-15,"Southern California, CA",California,BCL,RNA,raw_wastewater_composite
SAMN57414077,SRR38294785,2026-02-15,"Southern California, CA",California,MU,RNA+DNA,raw_wastewater_composite
SAMN57413715,SRR38294923,2026-02-18,"Southern California, CA",California,BCL,RNA,raw_wastewater_composite
SAMN57414078,SRR38294783,2026-02-18,"Southern California, CA",California,MU,RNA+DNA,raw_wastewater_composite
SAMN57413716,SRR38294915,2026-02-22,"Southern California, CA",California,BCL,RNA,raw_wastewater_composite
SAMN57414079,SRR38294806,2026-02-22,"Southern California, CA",California,MU,RNA+DNA,raw_wastewater_composite
SAMN57414080,SRR38294804,2026-02-25,"Southern California, CA",California,MU,RNA+DNA,raw_wastewater_composite
SAMN57414081,SRR38294803,2026-03-01,"Southern California, CA",California,MU,RNA+DNA,raw_wastewater_composite
SAMN61656589,SRR39694975,2026-03-04,"Southern California, CA",California,BCL,RNA,raw_wastewater_composite
SAMN61656590,SRR39695247,2026-03-08,"Southern California, CA",California,BCL,RNA,raw_wastewater_composite
SAMN57414084,SRR38294801,2026-03-12,"Southern California, CA",California,MU,RNA+DNA,raw_wastewater_composite
SAMN57414085,SRR38294797,2026-03-15,"Southern California, CA",California,MU,RNA+DNA,raw_wastewater_composite
SAMN57414086,SRR38294796,2026-03-18,"Southern California, CA",California,MU,RNA+DNA,raw_wastewater_composite
SAMN57414087,SRR38294795,2026-03-22,"Southern California, CA",California,MU,RNA+DNA,raw_wastewater_composite
SAMN57414088,SRR38294793,2026-03-25,"Southern California, CA",California,MU,RNA+DNA,raw_wastewater_composite
SAMN61656597,SRR39694943,2026-03-25,"Southern California, CA",California,BCL,RNA,raw_wastewater_composite
SAMN57414089,SRR38294794,2026-03-29,"Southern California, CA",California,MU,RNA+DNA,raw_wastewater_composite
SAMN61656598,SRR39694941,2026-03-29,"Southern California, CA",California,BCL,RNA,raw_wastewater_composite
SAMN61656602,SRR39695228,2026-04-02,"Southern California, CA",California,BCL,RNA,raw_wastewater_composite
SAMN61657022,SRR39695349,2026-04-02,"Southern California, CA",California,MU,RNA+DNA,raw_wastewater_composite
SAMN61656603,SRR39695101,2026-04-05,"Southern California, CA",California,BCL,RNA,raw_wastewater_composite
SAMN61657023,SRR39695348,2026-04-05,"Southern California, CA",California,MU,RNA+DNA,raw_wastewater_composite
SAMN61656607,SRR39695098,2026-04-08,"Southern California, CA",California,BCL,RNA,raw_wastewater_composite
SAMN61657024,SRR39695346,2026-04-08,"Southern California, CA",California,MU,RNA+DNA,raw_wastewater_composite
SAMN61656608,SRR39695087,2026-04-12,"Southern California, CA",California,BCL,RNA,raw_wastewater_composite
SAMN61657025,SRR39695345,2026-04-12,"Southern California, CA",California,MU,RNA+DNA,raw_wastewater_composite
SAMN61657026,SRR39694970,2026-04-15,"Southern California, CA",California,MU,RNA+DNA,raw_wastewater_composite
SAMN61657027,SRR39694968,2026-04-19,"Southern California, CA",California,MU,RNA+DNA,raw_wastewater_composite
SAMN61657028,SRR39694966,2026-04-22,"Southern California, CA",California,MU,RNA+DNA,raw_wastewater_composite
SAMN61657029,SRR39694965,2026-04-26,"Southern California, CA",California,MU,RNA+DNA,raw_wastewater_composite
SAMN61656617,SRR39695022,2026-04-29,"Southern California, CA",California,BCL,RNA,raw_wastewater_composite
SAMN61657030,SRR39695245,2026-04-29,"Southern California, CA",California,MU,RNA+DNA,raw_wastewater_composite
SAMN61656618,SRR39695013,2026-05-03,"Southern California, CA",California,BCL,RNA,raw_wastewater_composite
SAMN61657031,SRR39695243,2026-05-03,"Southern California, CA",California,MU,RNA+DNA,raw_wastewater_composite
SAMN61656619,SRR39695178,2026-05-06,"Southern California, CA",California,BCL,RNA,raw_wastewater_composite
SAMN61657032,SRR39694960,2026-05-06,"Southern California, CA",California,MU,RNA+DNA,raw_wastewater_composite
SAMN61656620,SRR39695003,2026-05-10,"Southern California, CA",California,BCL,RNA,raw_wastewater_composite
SAMN61657033,SRR39694961,2026-05-10,"Southern California, CA",California,MU,RNA+DNA,raw_wastewater_composite
SAMN61656624,SRR39695163,2026-05-13,"Southern California, CA",California,BCL,RNA,raw_wastewater_composite
SAMN61657034,SRR39694959,2026-05-13,"Southern California, CA",California,MU,RNA+DNA,raw_wastewater_composite
SAMN61657035,SRR39694957,2026-05-17,"Southern California, CA",California,MU,RNA+DNA,raw_wastewater_composite
SAMN61656628,SRR39695357,2026-05-20,"Southern California, CA",California,BCL,RNA,raw_wastewater_composite
SAMN61657036,SRR39694955,2026-05-20,"Southern California, CA",California,MU,RNA+DNA,raw_wastewater_composite
SAMN61656629,SRR39695347,2026-05-24,"Southern California, CA",California,BCL,RNA,raw_wastewater_composite
SAMN61657037,SRR39695259,2026-05-24,"Southern California, CA",California,MU,RNA+DNA,raw_wastewater_composite
SAMN61656633,SRR39695248,2026-05-27,"Southern California, CA",California,BCL,RNA,raw_wastewater_composite
SAMN61657038,SRR39695257,2026-05-27,"Southern California, CA",California,MU,RNA+DNA,raw_wastewater_composite
SAMN61656634,SRR39694967,2026-05-31,"Southern California, CA",California,BCL,RNA,raw_wastewater_composite
SAMN61657039,SRR39695258,2026-05-31,"Southern California, CA",California,MU,RNA+DNA,raw_wastewater_composite
SAMN61656638,SRR39695244,2026-06-03,"Southern California, CA",California,BCL,RNA,raw_wastewater_composite
SAMN61657040,SRR39695256,2026-06-03,"Southern California, CA",California,MU,RNA+DNA,raw_wastewater_composite
SAMN61656639,SRR39695242,2026-06-07,"Southern California, CA",California,BCL,RNA,raw_wastewater_composite
SAMN61657041,SRR39695255,2026-06-07,"Southern California, CA",California,MU,RNA+DNA,raw_wastewater_composite
SAMN61656643,SRR39695141,2026-06-10,"Southern California, CA",California,BCL,RNA,raw_wastewater_composite
SAMN61656644,SRR39695140,2026-06-10,"Southern California, CA",California,BCL,RNA,raw_wastewater_composite
SAMN61657042,SRR39695254,2026-06-10,"Southern California, CA",California,MU,RNA+DNA,raw_wastewater_composite
SAMN61656645,SRR39695138,2026-06-14,"Southern California, CA",California,BCL,RNA,raw_wastewater_composite
SAMN61656646,SRR39695137,2026-06-14,"Southern California, CA",California,BCL,RNA,raw_wastewater_composite
SAMN61657043,SRR39695252,2026-06-14,"Southern California, CA",California,MU,RNA+DNA,raw_wastewater_composite
SAMN61657044,SRR39695253,2026-06-17,"Southern California, CA",California,MU,RNA+DNA,raw_wastewater_composite
SAMN61656650,SRR39695133,2026-06-19,"Southern California, CA",California,BCL,RNA,raw_wastewater_composite
SAMN61656651,SRR39695132,2026-06-21,"Southern California, CA",California,BCL,RNA,raw_wastewater_composite
SAMN61657045,SRR39695250,2026-06-21,"Southern California, CA",California,MU,RNA+DNA,raw_wastewater_composite
SAMN57495857,SRR38294189,2025-06-03,"St. Louis Bissell Point WWTP, MO",Missouri,MU,RNA+DNA,raw_wastewater_composite
SAMN57495858,SRR38294188,2025-06-05,"St. Louis Bissell Point WWTP, MO",Missouri,MU,RNA+DNA,raw_wastewater_composite
SAMN57495859,SRR38294129,2025-06-09,"St. Louis Bissell Point WWTP, MO",Missouri,MU,RNA+DNA,raw_wastewater_composite
SAMN57495860,SRR38294154,2025-06-12,"St. Louis Bissell Point WWTP, MO",Missouri,MU,RNA+DNA,raw_wastewater_composite
SAMN57495861,SRR38294114,2025-06-20,"St. Louis Bissell Point WWTP, MO",Missouri,MU,RNA+DNA,raw_wastewater_composite
SAMN57495862,SRR38294086,2025-06-24,"St. Louis Bissell Point WWTP, MO",Missouri,MU,RNA+DNA,raw_wastewater_composite
SAMN57495863,SRR38294060,2025-07-01,"St. Louis Bissell Point WWTP, MO",Missouri,MU,RNA+DNA,raw_wastewater_composite
SAMN57495864,SRR38294078,2025-07-07,"St. Louis Bissell Point WWTP, MO",Missouri,MU,RNA+DNA,raw_wastewater_composite
SAMN57495865,SRR38294147,2025-07-17,"St. Louis Bissell Point WWTP, MO",Missouri,MU,RNA+DNA,raw_wastewater_composite
SAMN57495866,SRR38294098,2025-07-23,"St. Louis Bissell Point WWTP, MO",Missouri,MU,RNA+DNA,raw_wastewater_composite
SAMN57495867,SRR38294187,2025-07-28,"St. Louis Bissell Point WWTP, MO",Missouri,MU,RNA+DNA,raw_wastewater_composite
SAMN57495868,SRR38294176,2025-08-06,"St. Louis Bissell Point WWTP, MO",Missouri,MU,RNA+DNA,raw_wastewater_composite
SAMN57495869,SRR38294134,2025-08-11,"St. Louis Bissell Point WWTP, MO",Missouri,MU,RNA+DNA,raw_wastewater_composite
SAMN57495870,SRR38294162,2025-08-18,"St. Louis Bissell Point WWTP, MO",Missouri,MU,RNA+DNA,raw_wastewater_composite
SAMN57495871,SRR38294164,2025-08-25,"St. Louis Bissell Point WWTP, MO",Missouri,MU,RNA+DNA,raw_wastewater_composite
SAMN57495872,SRR38294124,2025-09-01,"St. Louis Bissell Point WWTP, MO",Missouri,MU,RNA+DNA,raw_wastewater_composite
SAMN57495873,SRR38294126,2025-09-08,"St. Louis Bissell Point WWTP, MO",Missouri,MU,RNA+DNA,raw_wastewater_composite
SAMN57495874,SRR38294125,2025-09-15,"St. Louis Bissell Point WWTP, MO",Missouri,MU,RNA+DNA,raw_wastewater_composite
SAMN57495875,SRR38294127;SRR38294128,2025-09-22,"St. Louis Bissell Point WWTP, MO",Missouri,MU,RNA+DNA,raw_wastewater_composite
SAMN57495876,SRR38294130,2025-09-29,"St. Louis Bissell Point WWTP, MO",Missouri,MU,RNA+DNA,raw_wastewater_composite
SAMN57495877,SRR38294131,2025-10-06,"St. Louis Bissell Point WWTP, MO",Missouri,MU,RNA+DNA,raw_wastewater_composite
SAMN57495878,SRR38294133,2025-10-13,"St. Louis Bissell Point WWTP, MO",Missouri,MU,RNA+DNA,raw_wastewater_composite
SAMN57495879,SRR38294155,2025-10-21,"St. Louis Bissell Point WWTP, MO",Missouri,MU,RNA+DNA,raw_wastewater_composite
SAMN57495880,SRR38294153,2025-10-27,"St. Louis Bissell Point WWTP, MO",Missouri,MU,RNA+DNA,raw_wastewater_composite
SAMN57495881,SRR38294093,2025-11-03,"St. Louis Bissell Point WWTP, MO",Missouri,MU,RNA+DNA,raw_wastewater_composite
SAMN57495882,SRR38294092,2025-11-12,"St. Louis Bissell Point WWTP, MO",Missouri,MU,RNA+DNA,raw_wastewater_composite
SAMN57495883,SRR38294091,2025-11-17,"St. Louis Bissell Point WWTP, MO",Missouri,MU,RNA+DNA,raw_wastewater_composite
SAMN57495884,SRR38294089,2025-11-24,"St. Louis Bissell Point WWTP, MO",Missouri,MU,RNA+DNA,raw_wastewater_composite
SAMN57495885,SRR38294090,2025-12-01,"St. Louis Bissell Point WWTP, MO",Missouri,MU,RNA+DNA,raw_wastewater_composite
SAMN57495886,SRR38294152,2025-12-08,"St. Louis Bissell Point WWTP, MO",Missouri,MU,RNA+DNA,raw_wastewater_composite
SAMN57495887,SRR38294123,2025-12-15,"St. Louis Bissell Point WWTP, MO",Missouri,MU,RNA+DNA,raw_wastewater_composite
SAMN57495888,SRR38294122,2025-12-22,"St. Louis Bissell Point WWTP, MO",Missouri,MU,RNA+DNA,raw_wastewater_composite
SAMN57495889,SRR38294120,2025-12-29,"St. Louis Bissell Point WWTP, MO",Missouri,MU,RNA+DNA,raw_wastewater_composite
SAMN57413953,SRR38294746,2026-01-05,"St. Louis Bissell Point WWTP, MO",Missouri,MU,RNA+DNA,raw_wastewater_composite
SAMN57413954,SRR38294886,2026-01-12,"St. Louis Bissell Point WWTP, MO",Missouri,MU,RNA+DNA,raw_wastewater_composite
SAMN57413955,SRR38294885,2026-01-19,"St. Louis Bissell Point WWTP, MO",Missouri,MU,RNA+DNA,raw_wastewater_composite
SAMN57413956,SRR38294884,2026-01-26,"St. Louis Bissell Point WWTP, MO",Missouri,MU,RNA+DNA,raw_wastewater_composite
SAMN57413957,SRR38294883,2026-02-02,"St. Louis Bissell Point WWTP, MO",Missouri,MU,RNA+DNA,raw_wastewater_composite
SAMN57413958,SRR38294881,2026-02-09,"St. Louis Bissell Point WWTP, MO",Missouri,MU,RNA+DNA,raw_wastewater_composite
SAMN57413959,SRR38294859,2026-02-16,"St. Louis Bissell Point WWTP, MO",Missouri,MU,RNA+DNA,raw_wastewater_composite
SAMN57413960,SRR38294858,2026-02-24,"St. Louis Bissell Point WWTP, MO",Missouri,MU,RNA+DNA,raw_wastewater_composite
SAMN57413961,SRR38294880,2026-03-02,"St. Louis Bissell Point WWTP, MO",Missouri,MU,RNA+DNA,raw_wastewater_composite
SAMN57413963,SRR38294877,2026-03-16,"St. Louis Bissell Point WWTP, MO",Missouri,MU,RNA+DNA,raw_wastewater_composite
SAMN57413964,SRR38294876,2026-03-24,"St. Louis Bissell Point WWTP, MO",Missouri,MU,RNA+DNA,raw_wastewater_composite
SAMN57413965,SRR38294874,2026-03-30,"St. Louis Bissell Point WWTP, MO",Missouri,MU,RNA+DNA,raw_wastewater_composite
SAMN61656916,SRR39695011,2026-04-06,"St. Louis Bissell Point WWTP, MO",Missouri,MU,RNA+DNA,raw_wastewater_composite
SAMN61656917,SRR39695186,2026-04-14,"St. Louis Bissell Point WWTP, MO",Missouri,MU,RNA+DNA,raw_wastewater_composite
SAMN61656918,SRR39695185,2026-04-20,"St. Louis Bissell Point WWTP, MO",Missouri,MU,RNA+DNA,raw_wastewater_composite
SAMN61656919,SRR39695184,2026-04-27,"St. Louis Bissell Point WWTP, MO",Missouri,MU,RNA+DNA,raw_wastewater_composite
SAMN61656920,SRR39695183,2026-05-04,"St. Louis Bissell Point WWTP, MO",Missouri,MU,RNA+DNA,raw_wastewater_composite
SAMN61656921,SRR39695181,2026-05-06,"St. Louis Bissell Point WWTP, MO",Missouri,MU,RNA+DNA,raw_wastewater_composite
SAMN61656922,SRR39695182,2026-05-11,"St. Louis Bissell Point WWTP, MO",Missouri,MU,RNA+DNA,raw_wastewater_composite
SAMN61656923,SRR39695180,2026-05-18,"St. Louis Bissell Point WWTP, MO",Missouri,MU,RNA+DNA,raw_wastewater_composite
SAMN61656924,SRR39695179,2026-05-25,"St. Louis Bissell Point WWTP, MO",Missouri,MU,RNA+DNA,raw_wastewater_composite
SAMN61656925,SRR39695177,2026-06-02,"St. Louis Bissell Point WWTP, MO",Missouri,MU,RNA+DNA,raw_wastewater_composite
SAMN61656926,SRR39695176,2026-06-08,"St. Louis Bissell Point WWTP, MO",Missouri,MU,RNA+DNA,raw_wastewater_composite
SAMN61656927,SRR39695174,2026-06-15,"St. Louis Bissell Point WWTP, MO",Missouri,MU,RNA+DNA,raw_wastewater_composite
SAMN61656928,SRR39695009,2026-06-17,"St. Louis Bissell Point WWTP, MO",Missouri,MU,RNA+DNA,raw_wastewater_composite
SAMN61656929,SRR39695276,2026-06-30,"St. Louis Bissell Point WWTP, MO",Missouri,MU,RNA+DNA,raw_wastewater_composite
SAMN57495890,SRR38294121,2025-06-03,"St. Louis Coldwater Creek WWTP, MO",Missouri,MU,RNA+DNA,raw_wastewater_composite
SAMN57495891,SRR38294119,2025-06-05,"St. Louis Coldwater Creek WWTP, MO",Missouri,MU,RNA+DNA,raw_wastewater_composite
SAMN57495892,SRR38294118,2025-06-09,"St. Louis Coldwater Creek WWTP, MO",Missouri,MU,RNA+DNA,raw_wastewater_composite
SAMN57495893,SRR38294117,2025-06-12,"St. Louis Coldwater Creek WWTP, MO",Missouri,MU,RNA+DNA,raw_wastewater_composite
SAMN57495894,SRR38294116,2025-06-17,"St. Louis Coldwater Creek WWTP, MO",Missouri,MU,RNA+DNA,raw_wastewater_composite
SAMN57495895,SRR38294115,2025-06-20,"St. Louis Coldwater Creek WWTP, MO",Missouri,MU,RNA+DNA,raw_wastewater_composite
SAMN57495896,SRR38294112,2025-06-26,"St. Louis Coldwater Creek WWTP, MO",Missouri,MU,RNA+DNA,raw_wastewater_composite
SAMN57495897,SRR38294113,2025-07-01,"St. Louis Coldwater Creek WWTP, MO",Missouri,MU,RNA+DNA,raw_wastewater_composite
SAMN57495898,SRR38294111,2025-07-07,"St. Louis Coldwater Creek WWTP, MO",Missouri,MU,RNA+DNA,raw_wastewater_composite
SAMN57495899,SRR38294097,2025-07-14,"St. Louis Coldwater Creek WWTP, MO",Missouri,MU,RNA+DNA,raw_wastewater_composite
SAMN57495900,SRR38294096,2025-07-17,"St. Louis Coldwater Creek WWTP, MO",Missouri,MU,RNA+DNA,raw_wastewater_composite
SAMN57495901,SRR38294094,2025-07-23,"St. Louis Coldwater Creek WWTP, MO",Missouri,MU,RNA+DNA,raw_wastewater_composite
SAMN57495902,SRR38294095,2025-07-28,"St. Louis Coldwater Creek WWTP, MO",Missouri,MU,RNA+DNA,raw_wastewater_composite
SAMN57495903,SRR38294083,2025-08-06,"St. Louis Coldwater Creek WWTP, MO",Missouri,MU,RNA+DNA,raw_wastewater_composite
SAMN57495904,SRR38294088,2025-08-11,"St. Louis Coldwater Creek WWTP, MO",Missouri,MU,RNA+DNA,raw_wastewater_composite
SAMN57495905,SRR38294087,2025-08-18,"St. Louis Coldwater Creek WWTP, MO",Missouri,MU,RNA+DNA,raw_wastewater_composite
SAMN57495906,SRR38294084,2025-08-25,"St. Louis Coldwater Creek WWTP, MO",Missouri,MU,RNA+DNA,raw_wastewater_composite
SAMN57495907,SRR38294070,2025-09-01,"St. Louis Coldwater Creek WWTP, MO",Missouri,MU,RNA+DNA,raw_wastewater_composite
SAMN57495908,SRR38294069,2025-09-08,"St. Louis Coldwater Creek WWTP, MO",Missouri,MU,RNA+DNA,raw_wastewater_composite
SAMN57495909,SRR38294067,2025-09-15,"St. Louis Coldwater Creek WWTP, MO",Missouri,MU,RNA+DNA,raw_wastewater_composite
SAMN57495910,SRR38294066;SRR38294068,2025-09-22,"St. Louis Coldwater Creek WWTP, MO",Missouri,MU,RNA+DNA,raw_wastewater_composite
SAMN57495911,SRR38294065,2025-09-29,"St. Louis Coldwater Creek WWTP, MO",Missouri,MU,RNA+DNA,raw_wastewater_composite
SAMN57495912,SRR38294064,2025-10-06,"St. Louis Coldwater Creek WWTP, MO",Missouri,MU,RNA+DNA,raw_wastewater_composite
SAMN57495913,SRR38294063,2025-10-13,"St. Louis Coldwater Creek WWTP, MO",Missouri,MU,RNA+DNA,raw_wastewater_composite
SAMN57495914,SRR38294062,2025-10-21,"St. Louis Coldwater Creek WWTP, MO",Missouri,MU,RNA+DNA,raw_wastewater_composite
SAMN57495915,SRR38294061,2025-10-27,"St. Louis Coldwater Creek WWTP, MO",Missouri,MU,RNA+DNA,raw_wastewater_composite
SAMN57495916,SRR38294059,2025-11-03,"St. Louis Coldwater Creek WWTP, MO",Missouri,MU,RNA+DNA,raw_wastewater_composite
SAMN57495917,SRR38294058,2025-11-12,"St. Louis Coldwater Creek WWTP, MO",Missouri,MU,RNA+DNA,raw_wastewater_composite
SAMN57495918,SRR38294085,2025-11-17,"St. Louis Coldwater Creek WWTP, MO",Missouri,MU,RNA+DNA,raw_wastewater_composite
SAMN57495919,SRR38294082,2025-11-24,"St. Louis Coldwater Creek WWTP, MO",Missouri,MU,RNA+DNA,raw_wastewater_composite
SAMN57495920,SRR38294081,2025-12-01,"St. Louis Coldwater Creek WWTP, MO",Missouri,MU,RNA+DNA,raw_wastewater_composite
SAMN57495921,SRR38294080,2025-12-08,"St. Louis Coldwater Creek WWTP, MO",Missouri,MU,RNA+DNA,raw_wastewater_composite
SAMN57495922,SRR38294079,2025-12-15,"St. Louis Coldwater Creek WWTP, MO",Missouri,MU,RNA+DNA,raw_wastewater_composite
SAMN57495923,SRR38294077,2025-12-22,"St. Louis Coldwater Creek WWTP, MO",Missouri,MU,RNA+DNA,raw_wastewater_composite
SAMN57495924,SRR38294107,2025-12-29,"St. Louis Coldwater Creek WWTP, MO",Missouri,MU,RNA+DNA,raw_wastewater_composite
SAMN57413966,SRR38294872,2026-01-05,"St. Louis Coldwater Creek WWTP, MO",Missouri,MU,RNA+DNA,raw_wastewater_composite
SAMN57413967,SRR38294873,2026-01-12,"St. Louis Coldwater Creek WWTP, MO",Missouri,MU,RNA+DNA,raw_wastewater_composite
SAMN57413968,SRR38294871,2026-01-19,"St. Louis Coldwater Creek WWTP, MO",Missouri,MU,RNA+DNA,raw_wastewater_composite
SAMN57413969,SRR38294870,2026-01-26,"St. Louis Coldwater Creek WWTP, MO",Missouri,MU,RNA+DNA,raw_wastewater_composite
SAMN57413970,SRR38294869,2026-02-02,"St. Louis Coldwater Creek WWTP, MO",Missouri,MU,RNA+DNA,raw_wastewater_composite
SAMN57413971,SRR38294867,2026-02-09,"St. Louis Coldwater Creek WWTP, MO",Missouri,MU,RNA+DNA,raw_wastewater_composite
SAMN57413972,SRR38294868,2026-02-16,"St. Louis Coldwater Creek WWTP, MO",Missouri,MU,RNA+DNA,raw_wastewater_composite
SAMN57413973,SRR38294866,2026-02-24,"St. Louis Coldwater Creek WWTP, MO",Missouri,MU,RNA+DNA,raw_wastewater_composite
SAMN57413974,SRR38294865,2026-03-02,"St. Louis Coldwater Creek WWTP, MO",Missouri,MU,RNA+DNA,raw_wastewater_composite
SAMN57413976,SRR38294862,2026-03-16,"St. Louis Coldwater Creek WWTP, MO",Missouri,MU,RNA+DNA,raw_wastewater_composite
SAMN57413977,SRR38294860,2026-03-24,"St. Louis Coldwater Creek WWTP, MO",Missouri,MU,RNA+DNA,raw_wastewater_composite
SAMN57413978,SRR38294861,2026-03-30,"St. Louis Coldwater Creek WWTP, MO",Missouri,MU,RNA+DNA,raw_wastewater_composite
SAMN61656930,SRR39695275,2026-04-06,"St. Louis Coldwater Creek WWTP, MO",Missouri,MU,RNA+DNA,raw_wastewater_composite
SAMN61656931,SRR39695006,2026-04-14,"St. Louis Coldwater Creek WWTP, MO",Missouri,MU,RNA+DNA,raw_wastewater_composite
SAMN61656932,SRR39695005,2026-04-20,"St. Louis Coldwater Creek WWTP, MO",Missouri,MU,RNA+DNA,raw_wastewater_composite
SAMN61656933,SRR39695004,2026-04-27,"St. Louis Coldwater Creek WWTP, MO",Missouri,MU,RNA+DNA,raw_wastewater_composite
SAMN61656934,SRR39695002,2026-05-04,"St. Louis Coldwater Creek WWTP, MO",Missouri,MU,RNA+DNA,raw_wastewater_composite
SAMN61656935,SRR39695001,2026-05-06,"St. Louis Coldwater Creek WWTP, MO",Missouri,MU,RNA+DNA,raw_wastewater_composite
SAMN61656936,SRR39695000,2026-05-11,"St. Louis Coldwater Creek WWTP, MO",Missouri,MU,RNA+DNA,raw_wastewater_composite
SAMN61656937,SRR39694999,2026-05-18,"St. Louis Coldwater Creek WWTP, MO",Missouri,MU,RNA+DNA,raw_wastewater_composite
SAMN61656938,SRR39694998,2026-05-25,"St. Louis Coldwater Creek WWTP, MO",Missouri,MU,RNA+DNA,raw_wastewater_composite
SAMN61656939,SRR39695287,2026-06-02,"St. Louis Coldwater Creek WWTP, MO",Missouri,MU,RNA+DNA,raw_wastewater_composite
SAMN61656940,SRR39695284,2026-06-08,"St. Louis Coldwater Creek WWTP, MO",Missouri,MU,RNA+DNA,raw_wastewater_composite
SAMN61656941,SRR39695285,2026-06-15,"St. Louis Coldwater Creek WWTP, MO",Missouri,MU,RNA+DNA,raw_wastewater_composite
SAMN61656942,SRR39695283,2026-06-17,"St. Louis Coldwater Creek WWTP, MO",Missouri,MU,RNA+DNA,raw_wastewater_composite
SAMN61656943,SRR39695282,2026-06-30,"St. Louis Coldwater Creek WWTP, MO",Missouri,MU,RNA+DNA,raw_wastewater_composite
SAMN57495925,SRR38294076,2025-06-03,"St. Louis Lemay WWTP, MO",Missouri,MU,RNA+DNA,raw_wastewater_composite
SAMN57495926,SRR38294075,2025-06-05,"St. Louis Lemay WWTP, MO",Missouri,MU,RNA+DNA,raw_wastewater_composite
SAMN57495927,SRR38294074,2025-06-09,"St. Louis Lemay WWTP, MO",Missouri,MU,RNA+DNA,raw_wastewater_composite
SAMN57495928,SRR38294072,2025-06-12,"St. Louis Lemay WWTP, MO",Missouri,MU,RNA+DNA,raw_wastewater_composite
SAMN57495929,SRR38294073,2025-06-20,"St. Louis Lemay WWTP, MO",Missouri,MU,RNA+DNA,raw_wastewater_composite
SAMN57495930,SRR38294071,2025-06-26,"St. Louis Lemay WWTP, MO",Missouri,MU,RNA+DNA,raw_wastewater_composite
SAMN57495931,SRR38294151,2025-07-01,"St. Louis Lemay WWTP, MO",Missouri,MU,RNA+DNA,raw_wastewater_composite
SAMN57495932,SRR38294150,2025-07-07,"St. Louis Lemay WWTP, MO",Missouri,MU,RNA+DNA,raw_wastewater_composite
SAMN57495933,SRR38294149,2025-07-14,"St. Louis Lemay WWTP, MO",Missouri,MU,RNA+DNA,raw_wastewater_composite
SAMN57495934,SRR38294148,2025-07-23,"St. Louis Lemay WWTP, MO",Missouri,MU,RNA+DNA,raw_wastewater_composite
SAMN57495935,SRR38294145,2025-07-28,"St. Louis Lemay WWTP, MO",Missouri,MU,RNA+DNA,raw_wastewater_composite
SAMN57495936,SRR38294146,2025-08-06,"St. Louis Lemay WWTP, MO",Missouri,MU,RNA+DNA,raw_wastewater_composite
SAMN57495937,SRR38294144,2025-08-11,"St. Louis Lemay WWTP, MO",Missouri,MU,RNA+DNA,raw_wastewater_composite
SAMN57495938,SRR38294143,2025-08-18,"St. Louis Lemay WWTP, MO",Missouri,MU,RNA+DNA,raw_wastewater_composite
SAMN57495939,SRR38294142,2025-08-25,"St. Louis Lemay WWTP, MO",Missouri,MU,RNA+DNA,raw_wastewater_composite
SAMN57495940,SRR38294137,2025-09-01,"St. Louis Lemay WWTP, MO",Missouri,MU,RNA+DNA,raw_wastewater_composite
SAMN57495941,SRR38294138,2025-09-08,"St. Louis Lemay WWTP, MO",Missouri,MU,RNA+DNA,raw_wastewater_composite
SAMN57495942,SRR38294139,2025-09-15,"St. Louis Lemay WWTP, MO",Missouri,MU,RNA+DNA,raw_wastewater_composite
SAMN57495943,SRR38294110,2025-09-22,"St. Louis Lemay WWTP, MO",Missouri,MU,RNA+DNA,raw_wastewater_composite
SAMN57495944,SRR38294109,2025-09-29,"St. Louis Lemay WWTP, MO",Missouri,MU,RNA+DNA,raw_wastewater_composite
SAMN57495945,SRR38294140,2025-10-06,"St. Louis Lemay WWTP, MO",Missouri,MU,RNA+DNA,raw_wastewater_composite
SAMN57495946,SRR38294108,2025-10-13,"St. Louis Lemay WWTP, MO",Missouri,MU,RNA+DNA,raw_wastewater_composite
SAMN57495947,SRR38294106,2025-10-21,"St. Louis Lemay WWTP, MO",Missouri,MU,RNA+DNA,raw_wastewater_composite
SAMN57495948,SRR38294105,2025-10-27,"St. Louis Lemay WWTP, MO",Missouri,MU,RNA+DNA,raw_wastewater_composite
SAMN57495949,SRR38294104,2025-11-03,"St. Louis Lemay WWTP, MO",Missouri,MU,RNA+DNA,raw_wastewater_composite
SAMN57495950,SRR38294102,2025-11-12,"St. Louis Lemay WWTP, MO",Missouri,MU,RNA+DNA,raw_wastewater_composite
SAMN57495951,SRR38294103,2025-11-17,"St. Louis Lemay WWTP, MO",Missouri,MU,RNA+DNA,raw_wastewater_composite
SAMN57495952,SRR38294101,2025-11-24,"St. Louis Lemay WWTP, MO",Missouri,MU,RNA+DNA,raw_wastewater_composite
SAMN57495953,SRR38294100,2025-12-01,"St. Louis Lemay WWTP, MO",Missouri,MU,RNA+DNA,raw_wastewater_composite
SAMN57495954,SRR38294099,2025-12-08,"St. Louis Lemay WWTP, MO",Missouri,MU,RNA+DNA,raw_wastewater_composite
SAMN57495955,SRR38294186,2025-12-15,"St. Louis Lemay WWTP, MO",Missouri,MU,RNA+DNA,raw_wastewater_composite
SAMN57495956,SRR38294185,2025-12-22,"St. Louis Lemay WWTP, MO",Missouri,MU,RNA+DNA,raw_wastewater_composite
SAMN57495957,SRR38294183,2025-12-29,"St. Louis Lemay WWTP, MO",Missouri,MU,RNA+DNA,raw_wastewater_composite
SAMN57413979,SRR38294910,2026-01-05,"St. Louis Lemay WWTP, MO",Missouri,MU,RNA+DNA,raw_wastewater_composite
SAMN57413980,SRR38294749,2026-01-12,"St. Louis Lemay WWTP, MO",Missouri,MU,RNA+DNA,raw_wastewater_composite
SAMN57413981,SRR38294747,2026-01-19,"St. Louis Lemay WWTP, MO",Missouri,MU,RNA+DNA,raw_wastewater_composite
SAMN57413982,SRR38294857,2026-01-26,"St. Louis Lemay WWTP, MO",Missouri,MU,RNA+DNA,raw_wastewater_composite
SAMN57413983,SRR38294855,2026-02-02,"St. Louis Lemay WWTP, MO",Missouri,MU,RNA+DNA,raw_wastewater_composite
SAMN57413984,SRR38294925,2026-02-09,"St. Louis Lemay WWTP, MO",Missouri,MU,RNA+DNA,raw_wastewater_composite
SAMN57413985,SRR38294922,2026-02-16,"St. Louis Lemay WWTP, MO",Missouri,MU,RNA+DNA,raw_wastewater_composite
SAMN57413986,SRR38294921,2026-02-24,"St. Louis Lemay WWTP, MO",Missouri,MU,RNA+DNA,raw_wastewater_composite
SAMN57413987,SRR38294919,2026-03-02,"St. Louis Lemay WWTP, MO",Missouri,MU,RNA+DNA,raw_wastewater_composite
SAMN57413989,SRR38294918,2026-03-16,"St. Louis Lemay WWTP, MO",Missouri,MU,RNA+DNA,raw_wastewater_composite
SAMN57413990,SRR38294917,2026-03-24,"St. Louis Lemay WWTP, MO",Missouri,MU,RNA+DNA,raw_wastewater_composite
SAMN57413991,SRR38294856,2026-03-30,"St. Louis Lemay WWTP, MO",Missouri,MU,RNA+DNA,raw_wastewater_composite
SAMN61656944,SRR39695281,2026-04-06,"St. Louis Lemay WWTP, MO",Missouri,MU,RNA+DNA,raw_wastewater_composite
SAMN61656945,SRR39695279,2026-04-14,"St. Louis Lemay WWTP, MO",Missouri,MU,RNA+DNA,raw_wastewater_composite
SAMN61656946,SRR39695277,2026-04-20,"St. Louis Lemay WWTP, MO",Missouri,MU,RNA+DNA,raw_wastewater_composite
SAMN61656947,SRR39695278,2026-04-27,"St. Louis Lemay WWTP, MO",Missouri,MU,RNA+DNA,raw_wastewater_composite
SAMN61656948,SRR39695170,2026-05-04,"St. Louis Lemay WWTP, MO",Missouri,MU,RNA+DNA,raw_wastewater_composite
SAMN61656949,SRR39695169,2026-05-06,"St. Louis Lemay WWTP, MO",Missouri,MU,RNA+DNA,raw_wastewater_composite
SAMN61656950,SRR39695167,2026-05-11,"St. Louis Lemay WWTP, MO",Missouri,MU,RNA+DNA,raw_wastewater_composite
SAMN61656951,SRR39695168,2026-05-18,"St. Louis Lemay WWTP, MO",Missouri,MU,RNA+DNA,raw_wastewater_composite
SAMN61656952,SRR39695274,2026-05-25,"St. Louis Lemay WWTP, MO",Missouri,MU,RNA+DNA,raw_wastewater_composite
SAMN61656953,SRR39695273,2026-06-02,"St. Louis Lemay WWTP, MO",Missouri,MU,RNA+DNA,raw_wastewater_composite
SAMN61656954,SRR39694997,2026-06-08,"St. Louis Lemay WWTP, MO",Missouri,MU,RNA+DNA,raw_wastewater_composite
SAMN61656955,SRR39694995,2026-06-15,"St. Louis Lemay WWTP, MO",Missouri,MU,RNA+DNA,raw_wastewater_composite
SAMN61656956,SRR39694994,2026-06-17,"St. Louis Lemay WWTP, MO",Missouri,MU,RNA+DNA,raw_wastewater_composite
SAMN61656957,SRR39694993,2026-06-30,"St. Louis Lemay WWTP, MO",Missouri,MU,RNA+DNA,raw_wastewater_composite
SAMN57495958,SRR38294184,2025-06-20,"St. Louis Missouri River WWTP, MO",Missouri,MU,RNA+DNA,raw_wastewater_composite
SAMN57495959,SRR38294182,2025-06-24,"St. Louis Missouri River WWTP, MO",Missouri,MU,RNA+DNA,raw_wastewater_composite
SAMN57495960,SRR38294181,2025-07-01,"St. Louis Missouri River WWTP, MO",Missouri,MU,RNA+DNA,raw_wastewater_composite
SAMN57495961,SRR38294180,2025-07-10,"St. Louis Missouri River WWTP, MO",Missouri,MU,RNA+DNA,raw_wastewater_composite
SAMN57495962,SRR38294178,2025-07-14,"St. Louis Missouri River WWTP, MO",Missouri,MU,RNA+DNA,raw_wastewater_composite
SAMN57495963,SRR38294179,2025-07-23,"St. Louis Missouri River WWTP, MO",Missouri,MU,RNA+DNA,raw_wastewater_composite
SAMN57495964,SRR38294177,2025-07-28,"St. Louis Missouri River WWTP, MO",Missouri,MU,RNA+DNA,raw_wastewater_composite
SAMN57495965,SRR38294175,2025-08-06,"St. Louis Missouri River WWTP, MO",Missouri,MU,RNA+DNA,raw_wastewater_composite
SAMN57495966,SRR38294173,2025-08-11,"St. Louis Missouri River WWTP, MO",Missouri,MU,RNA+DNA,raw_wastewater_composite
SAMN57495967,SRR38294174,2025-08-18,"St. Louis Missouri River WWTP, MO",Missouri,MU,RNA+DNA,raw_wastewater_composite
SAMN57495968,SRR38294172,2025-08-25,"St. Louis Missouri River WWTP, MO",Missouri,MU,RNA+DNA,raw_wastewater_composite
SAMN57495969,SRR38294171,2025-09-01,"St. Louis Missouri River WWTP, MO",Missouri,MU,RNA+DNA,raw_wastewater_composite
SAMN57495970,SRR38294170,2025-09-08,"St. Louis Missouri River WWTP, MO",Missouri,MU,RNA+DNA,raw_wastewater_composite
SAMN57495971,SRR38294169,2025-09-15,"St. Louis Missouri River WWTP, MO",Missouri,MU,RNA+DNA,raw_wastewater_composite
SAMN57495972,SRR38294168,2025-09-22,"St. Louis Missouri River WWTP, MO",Missouri,MU,RNA+DNA,raw_wastewater_composite
SAMN57495973,SRR38294167,2025-09-29,"St. Louis Missouri River WWTP, MO",Missouri,MU,RNA+DNA,raw_wastewater_composite
SAMN57495974,SRR38294132,2025-10-06,"St. Louis Missouri River WWTP, MO",Missouri,MU,RNA+DNA,raw_wastewater_composite
SAMN57495975,SRR38294135,2025-10-13,"St. Louis Missouri River WWTP, MO",Missouri,MU,RNA+DNA,raw_wastewater_composite
SAMN57495976,SRR38294136,2025-10-21,"St. Louis Missouri River WWTP, MO",Missouri,MU,RNA+DNA,raw_wastewater_composite
SAMN57495977,SRR38294141,2025-10-27,"St. Louis Missouri River WWTP, MO",Missouri,MU,RNA+DNA,raw_wastewater_composite
SAMN57495978,SRR38294165,2025-11-03,"St. Louis Missouri River WWTP, MO",Missouri,MU,RNA+DNA,raw_wastewater_composite
SAMN57495979,SRR38294166,2025-11-12,"St. Louis Missouri River WWTP, MO",Missouri,MU,RNA+DNA,raw_wastewater_composite
SAMN57495980,SRR38294156,2025-11-17,"St. Louis Missouri River WWTP, MO",Missouri,MU,RNA+DNA,raw_wastewater_composite
SAMN57495981,SRR38294157,2025-11-24,"St. Louis Missouri River WWTP, MO",Missouri,MU,RNA+DNA,raw_wastewater_composite
SAMN57495982,SRR38294158,2025-12-01,"St. Louis Missouri River WWTP, MO",Missouri,MU,RNA+DNA,raw_wastewater_composite
SAMN57495983,SRR38294159,2025-12-08,"St. Louis Missouri River WWTP, MO",Missouri,MU,RNA+DNA,raw_wastewater_composite
SAMN57495984,SRR38294160,2025-12-15,"St. Louis Missouri River WWTP, MO",Missouri,MU,RNA+DNA,raw_wastewater_composite
SAMN57495985,SRR38294161,2025-12-22,"St. Louis Missouri River WWTP, MO",Missouri,MU,RNA+DNA,raw_wastewater_composite
SAMN57495986,SRR38294163,2025-12-29,"St. Louis Missouri River WWTP, MO",Missouri,MU,RNA+DNA,raw_wastewater_composite
SAMN57413992,SRR38294853,2026-01-05,"St. Louis Missouri River WWTP, MO",Missouri,MU,RNA+DNA,raw_wastewater_composite
SAMN57413993,SRR38294854,2026-01-12,"St. Louis Missouri River WWTP, MO",Missouri,MU,RNA+DNA,raw_wastewater_composite
SAMN57413994,SRR38294916,2026-01-19,"St. Louis Missouri River WWTP, MO",Missouri,MU,RNA+DNA,raw_wastewater_composite
SAMN57413995,SRR38294914,2026-01-26,"St. Louis Missouri River WWTP, MO",Missouri,MU,RNA+DNA,raw_wastewater_composite
SAMN57413996,SRR38294912,2026-02-02,"St. Louis Missouri River WWTP, MO",Missouri,MU,RNA+DNA,raw_wastewater_composite
SAMN57413997,SRR38294913,2026-02-09,"St. Louis Missouri River WWTP, MO",Missouri,MU,RNA+DNA,raw_wastewater_composite
SAMN57413998,SRR38294849,2026-02-16,"St. Louis Missouri River WWTP, MO",Missouri,MU,RNA+DNA,raw_wastewater_composite
SAMN57413999,SRR38294847,2026-02-24,"St. Louis Missouri River WWTP, MO",Missouri,MU,RNA+DNA,raw_wastewater_composite
SAMN57414000,SRR38294846,2026-03-02,"St. Louis Missouri River WWTP, MO",Missouri,MU,RNA+DNA,raw_wastewater_composite
SAMN57414002,SRR38294889,2026-03-16,"St. Louis Missouri River WWTP, MO",Missouri,MU,RNA+DNA,raw_wastewater_composite
SAMN57414003,SRR38295004,2026-03-24,"St. Louis Missouri River WWTP, MO",Missouri,MU,RNA+DNA,raw_wastewater_composite
SAMN57414004,SRR38295003,2026-03-30,"St. Louis Missouri River WWTP, MO",Missouri,MU,RNA+DNA,raw_wastewater_composite
SAMN61656958,SRR39694992,2026-04-06,"St. Louis Missouri River WWTP, MO",Missouri,MU,RNA+DNA,raw_wastewater_composite
SAMN61656959,SRR39694990,2026-04-14,"St. Louis Missouri River WWTP, MO",Missouri,MU,RNA+DNA,raw_wastewater_composite
SAMN61656960,SRR39694991,2026-04-20,"St. Louis Missouri River WWTP, MO",Missouri,MU,RNA+DNA,raw_wastewater_composite
SAMN61656961,SRR39694989,2026-04-27,"St. Louis Missouri River WWTP, MO",Missouri,MU,RNA+DNA,raw_wastewater_composite
SAMN61656962,SRR39694988,2026-05-04,"St. Louis Missouri River WWTP, MO",Missouri,MU,RNA+DNA,raw_wastewater_composite
SAMN61656963,SRR39694987,2026-05-06,"St. Louis Missouri River WWTP, MO",Missouri,MU,RNA+DNA,raw_wastewater_composite
SAMN61656964,SRR39694985,2026-05-11,"St. Louis Missouri River WWTP, MO",Missouri,MU,RNA+DNA,raw_wastewater_composite
SAMN61656965,SRR39694984,2026-05-18,"St. Louis Missouri River WWTP, MO",Missouri,MU,RNA+DNA,raw_wastewater_composite
SAMN61656966,SRR39695173,2026-05-25,"St. Louis Missouri River WWTP, MO",Missouri,MU,RNA+DNA,raw_wastewater_composite
SAMN61656967,SRR39695171,2026-06-02,"St. Louis Missouri River WWTP, MO",Missouri,MU,RNA+DNA,raw_wastewater_composite
SAMN61656968,SRR39694973,2026-06-08,"St. Louis Missouri River WWTP, MO",Missouri,MU,RNA+DNA,raw_wastewater_composite
SAMN61656969,SRR39694969,2026-06-15,"St. Louis Missouri River WWTP, MO",Missouri,MU,RNA+DNA,raw_wastewater_composite
SAMN61656970,SRR39695272,2026-06-17,"St. Louis Missouri River WWTP, MO",Missouri,MU,RNA+DNA,raw_wastewater_composite
SAMN61656971,SRR39695166,2026-06-29,"St. Louis Missouri River WWTP, MO",Missouri,MU,RNA+DNA,raw_wastewater_composite
