pool	period_start	n_libraries	n_sites	n_pairs	mean_depth	breadth_1x	breadth_10x	breadth_20x	resid	freyja_coverage	lineage	fraction	level
2023-12	2023-12-26	1	1	759	6.439487676821724	0.9562585693743104	0.2273016085342607	0.0169882620472862	14.813723945595532	22.73016085342608	BA.2.86* (BA.2.86.X)	0.5555546626254214	summarized
2023-12	2023-12-26	1	1	759	6.439487676821724	0.9562585693743104	0.2273016085342607	0.0169882620472862	14.813723945595532	22.73016085342608	Other	0.1587295236262686	summarized
2023-12	2023-12-26	1	1	759	6.439487676821724	0.9562585693743104	0.2273016085342607	0.0169882620472862	14.813723945595532	22.73016085342608	XBB.1.9.1* [Omicron (XBB.1.9.1.X)]	0.1428565774912918	summarized
2023-12	2023-12-26	1	1	759	6.439487676821724	0.9562585693743104	0.2273016085342607	0.0169882620472862	14.813723945595532	22.73016085342608	XBB* (XBB.X)	0.122655155129292	summarized
2023-12	2023-12-26	1	1	759	6.439487676821724	0.9562585693743104	0.2273016085342607	0.0169882620472862	14.813723945595532	22.73016085342608	XBB.1.9.2* [Omicron (XBB.1.9.2.X)]	0.0202018741496618	summarized
2023-12	2023-12-26	1	1	759	6.439487676821724	0.9562585693743104	0.2273016085342607	0.0169882620472862	14.813723945595532	22.73016085342608	JN.1.56	0.24999998	lineage
2023-12	2023-12-26	1	1	759	6.439487676821724	0.9562585693743104	0.2273016085342607	0.0169882620472862	14.813723945595532	22.73016085342608	JN.1.4	0.14357898	lineage
2023-12	2023-12-26	1	1	759	6.439487676821724	0.9562585693743104	0.2273016085342607	0.0169882620472862	14.813723945595532	22.73016085342608	FL.25	0.14285658	lineage
2023-12	2023-12-26	1	1	759	6.439487676821724	0.9562585693743104	0.2273016085342607	0.0169882620472862	14.813723945595532	22.73016085342608	XBB.1.42	0.12265516	lineage
2023-12	2023-12-26	1	1	759	6.439487676821724	0.9562585693743104	0.2273016085342607	0.0169882620472862	14.813723945595532	22.73016085342608	JN.2.5	0.0989011	lineage
2023-12	2023-12-26	1	1	759	6.439487676821724	0.9562585693743104	0.2273016085342607	0.0169882620472862	14.813723945595532	22.73016085342608	XDD	0.09090884	lineage
2023-12	2023-12-26	1	1	759	6.439487676821724	0.9562585693743104	0.2273016085342607	0.0169882620472862	14.813723945595532	22.73016085342608	XDK	0.06782068	lineage
2023-12	2023-12-26	1	1	759	6.439487676821724	0.9562585693743104	0.2273016085342607	0.0169882620472862	14.813723945595532	22.73016085342608	JN.1.49.3	0.03998668	lineage
2023-12	2023-12-26	1	1	759	6.439487676821724	0.9562585693743104	0.2273016085342607	0.0169882620472862	14.813723945595532	22.73016085342608	JN.1.4.3	0.02308793	lineage
2023-12	2023-12-26	1	1	759	6.439487676821724	0.9562585693743104	0.2273016085342607	0.0169882620472862	14.813723945595532	22.73016085342608	EG.10	0.02020187	lineage
2024-01	2024-01-02	3	2	1103	9.360532388054713	0.9751195532220848	0.4003946092365315	0.0817309300070227	15.572999642139226	40.039460923653145	BA.2.86* (BA.2.86.X)	0.4574111572083728	summarized
2024-01	2024-01-02	3	2	1103	9.360532388054713	0.9751195532220848	0.4003946092365315	0.0817309300070227	15.572999642139226	40.039460923653145	XBB* (XBB.X)	0.2341294122328552	summarized
2024-01	2024-01-02	3	2	1103	9.360532388054713	0.9751195532220848	0.4003946092365315	0.0817309300070227	15.572999642139226	40.039460923653145	XBB.1.5* [Omicron (XBB.1.5.X)]	0.1570360728164909	summarized
2024-01	2024-01-02	3	2	1103	9.360532388054713	0.9751195532220848	0.4003946092365315	0.0817309300070227	15.572999642139226	40.039460923653145	Other	0.0925885659523909	summarized
2024-01	2024-01-02	3	2	1103	9.360532388054713	0.9751195532220848	0.4003946092365315	0.0817309300070227	15.572999642139226	40.039460923653145	EG.5* [Omicron (EG.5.X)]	0.0588236868643465	summarized
2024-01	2024-01-02	3	2	1103	9.360532388054713	0.9751195532220848	0.4003946092365315	0.0817309300070227	15.572999642139226	40.039460923653145	XBB.1.5.28	0.15703607	lineage
2024-01	2024-01-02	3	2	1103	9.360532388054713	0.9751195532220848	0.4003946092365315	0.0817309300070227	15.572999642139226	40.039460923653145	JN.1.1.6	0.141241	lineage
2024-01	2024-01-02	3	2	1103	9.360532388054713	0.9751195532220848	0.4003946092365315	0.0817309300070227	15.572999642139226	40.039460923653145	JN.1.4.5	0.13333283	lineage
2024-01	2024-01-02	3	2	1103	9.360532388054713	0.9751195532220848	0.4003946092365315	0.0817309300070227	15.572999642139226	40.039460923653145	LR.1	0.12407892	lineage
2024-01	2024-01-02	3	2	1103	9.360532388054713	0.9751195532220848	0.4003946092365315	0.0817309300070227	15.572999642139226	40.039460923653145	FY.5.1	0.12333314	lineage
2024-01	2024-01-02	3	2	1103	9.360532388054713	0.9751195532220848	0.4003946092365315	0.0817309300070227	15.572999642139226	40.039460923653145	XBB.2.4	0.105463	lineage
2024-01	2024-01-02	3	2	1103	9.360532388054713	0.9751195532220848	0.4003946092365315	0.0817309300070227	15.572999642139226	40.039460923653145	LB.1.11.1	0.09258857	lineage
2024-01	2024-01-02	3	2	1103	9.360532388054713	0.9751195532220848	0.4003946092365315	0.0817309300070227	15.572999642139226	40.039460923653145	EG.5.1.8	0.05882369	lineage
2024-01	2024-01-02	3	2	1103	9.360532388054713	0.9751195532220848	0.4003946092365315	0.0817309300070227	15.572999642139226	40.039460923653145	JN.1.16.3	0.04333357	lineage
2024-01	2024-01-02	3	2	1103	9.360532388054713	0.9751195532220848	0.4003946092365315	0.0817309300070227	15.572999642139226	40.039460923653145	JN.1.1.8	0.01260486	lineage
2024-01	2024-01-02	3	2	1103	9.360532388054713	0.9751195532220848	0.4003946092365315	0.0817309300070227	15.572999642139226	40.039460923653145	FY.5	0.00533327	lineage
2024-01	2024-01-02	3	2	1103	9.360532388054713	0.9751195532220848	0.4003946092365315	0.0817309300070227	15.572999642139226	40.039460923653145	JN.1.16	0.00281998	lineage
2024-02	2024-02-27	1	1	516	4.192522489382336	0.5153997926629436	0.0263518710497274	0.0182590375547603	3.6908961563008376	2.6351871049727453	BA.2.86* (BA.2.86.X)	0.7531439507658003	summarized
2024-02	2024-02-27	1	1	516	4.192522489382336	0.5153997926629436	0.0263518710497274	0.0182590375547603	3.6908961563008376	2.6351871049727453	XBB.1.9.1* [Omicron (XBB.1.9.1.X)]	0.0922059223598555	summarized
2024-02	2024-02-27	1	1	516	4.192522489382336	0.5153997926629436	0.0263518710497274	0.0182590375547603	3.6908961563008376	2.6351871049727453	XBB.1.5* [Omicron (XBB.1.5.X)]	0.0498766411671043	summarized
2024-02	2024-02-27	1	1	516	4.192522489382336	0.5153997926629436	0.0263518710497274	0.0182590375547603	3.6908961563008376	2.6351871049727453	XBB.1.16* [Omicron (XBB.1.16.X)]	0.0344816596752758	summarized
2024-02	2024-02-27	1	1	516	4.192522489382336	0.5153997926629436	0.0263518710497274	0.0182590375547603	3.6908961563008376	2.6351871049727453	BA.2.75* [Omicron (BA.2.75.X)]	0.0256719104738075	summarized
2024-02	2024-02-27	1	1	516	4.192522489382336	0.5153997926629436	0.0263518710497274	0.0182590375547603	3.6908961563008376	2.6351871049727453	Other	0.0227043861294352	summarized
2024-02	2024-02-27	1	1	516	4.192522489382336	0.5153997926629436	0.0263518710497274	0.0182590375547603	3.6908961563008376	2.6351871049727453	XBB.1.9.2* [Omicron (XBB.1.9.2.X)]	0.0113072202980336	summarized
2024-02	2024-02-27	1	1	516	4.192522489382336	0.5153997926629436	0.0263518710497274	0.0182590375547603	3.6908961563008376	2.6351871049727453	Omicron	0.0103591435197615	summarized
2024-02	2024-02-27	1	1	516	4.192522489382336	0.5153997926629436	0.0263518710497274	0.0182590375547603	3.6908961563008376	2.6351871049727453	JN.1.8.1	0.19488894	lineage
2024-02	2024-02-27	1	1	516	4.192522489382336	0.5153997926629436	0.0263518710497274	0.0182590375547603	3.6908961563008376	2.6351871049727453	JN.1.8.4	0.19488894	lineage
2024-02	2024-02-27	1	1	516	4.192522489382336	0.5153997926629436	0.0263518710497274	0.0182590375547603	3.6908961563008376	2.6351871049727453	JN.1.8	0.19488894	lineage
2024-02	2024-02-27	1	1	516	4.192522489382336	0.5153997926629436	0.0263518710497274	0.0182590375547603	3.6908961563008376	2.6351871049727453	JN.1.7.8	0.11288374	lineage
2024-02	2024-02-27	1	1	516	4.192522489382336	0.5153997926629436	0.0263518710497274	0.0182590375547603	3.6908961563008376	2.6351871049727453	FL.33.1	0.09220592	lineage
2024-02	2024-02-27	1	1	516	4.192522489382336	0.5153997926629436	0.0263518710497274	0.0182590375547603	3.6908961563008376	2.6351871049727453	JB.2	0.04987664	lineage
2024-02	2024-02-27	1	1	516	4.192522489382336	0.5153997926629436	0.0263518710497274	0.0182590375547603	3.6908961563008376	2.6351871049727453	LK.1	0.04545916	lineage
2024-02	2024-02-27	1	1	516	4.192522489382336	0.5153997926629436	0.0263518710497274	0.0182590375547603	3.6908961563008376	2.6351871049727453	JF.1	0.03448166	lineage
2024-02	2024-02-27	1	1	516	4.192522489382336	0.5153997926629436	0.0263518710497274	0.0182590375547603	3.6908961563008376	2.6351871049727453	XDH	0.02270439	lineage
2024-02	2024-02-27	1	1	516	4.192522489382336	0.5153997926629436	0.0263518710497274	0.0182590375547603	3.6908961563008376	2.6351871049727453	BN.4	0.02017315	lineage
2024-02	2024-02-27	1	1	516	4.192522489382336	0.5153997926629436	0.0263518710497274	0.0182590375547603	3.6908961563008376	2.6351871049727453	EG.2.4	0.01130722	lineage
2024-02	2024-02-27	1	1	516	4.192522489382336	0.5153997926629436	0.0263518710497274	0.0182590375547603	3.6908961563008376	2.6351871049727453	JN.3.1	0.01013422	lineage
2024-02	2024-02-27	1	1	516	4.192522489382336	0.5153997926629436	0.0263518710497274	0.0182590375547603	3.6908961563008376	2.6351871049727453	XAS	0.00597679	lineage
2024-02	2024-02-27	1	1	516	4.192522489382336	0.5153997926629436	0.0263518710497274	0.0182590375547603	3.6908961563008376	2.6351871049727453	CJ.1.1	0.00549876	lineage
2024-02	2024-02-27	1	1	516	4.192522489382336	0.5153997926629436	0.0263518710497274	0.0182590375547603	3.6908961563008376	2.6351871049727453	BA.2.69	0.00219118	lineage
2024-02	2024-02-27	1	1	516	4.192522489382336	0.5153997926629436	0.0263518710497274	0.0182590375547603	3.6908961563008376	2.6351871049727453	BA.2.7	0.00219118	lineage
2024-03	2024-03-05	6	3	1717	13.742801725579373	0.9191719894324984	0.2717787512958566	0.0712971942614453	5.877917652961508	27.17787512958566	BA.2.86* (BA.2.86.X)	0.899057032574903	summarized
2024-03	2024-03-05	6	3	1717	13.742801725579373	0.9191719894324984	0.2717787512958566	0.0712971942614453	5.877917652961508	27.17787512958566	XBB* (XBB.X)	0.078615479186385	summarized
2024-03	2024-03-05	6	3	1717	13.742801725579373	0.9191719894324984	0.2717787512958566	0.0712971942614453	5.877917652961508	27.17787512958566	Omicron	0.0223058123011618	summarized
2024-03	2024-03-05	6	3	1717	13.742801725579373	0.9191719894324984	0.2717787512958566	0.0712971942614453	5.877917652961508	27.17787512958566	JN.1.36	0.41176473	lineage
2024-03	2024-03-05	6	3	1717	13.742801725579373	0.9191719894324984	0.2717787512958566	0.0712971942614453	5.877917652961508	27.17787512958566	JN.1	0.14876912	lineage
2024-03	2024-03-05	6	3	1717	13.742801725579373	0.9191719894324984	0.2717787512958566	0.0712971942614453	5.877917652961508	27.17787512958566	JN.1.10	0.14876912	lineage
2024-03	2024-03-05	6	3	1717	13.742801725579373	0.9191719894324984	0.2717787512958566	0.0712971942614453	5.877917652961508	27.17787512958566	JN.1.67	0.14876912	lineage
2024-03	2024-03-05	6	3	1717	13.742801725579373	0.9191719894324984	0.2717787512958566	0.0712971942614453	5.877917652961508	27.17787512958566	XBB.1.22	0.04159355	lineage
2024-03	2024-03-05	6	3	1717	13.742801725579373	0.9191719894324984	0.2717787512958566	0.0712971942614453	5.877917652961508	27.17787512958566	FY.5	0.03702193	lineage
2024-03	2024-03-05	6	3	1717	13.742801725579373	0.9191719894324984	0.2717787512958566	0.0712971942614453	5.877917652961508	27.17787512958566	JN.1.49.2	0.02749997	lineage
2024-03	2024-03-05	6	3	1717	13.742801725579373	0.9191719894324984	0.2717787512958566	0.0712971942614453	5.877917652961508	27.17787512958566	BA.2.32	0.01102053	lineage
2024-03	2024-03-05	6	3	1717	13.742801725579373	0.9191719894324984	0.2717787512958566	0.0712971942614453	5.877917652961508	27.17787512958566	BA.2.83	0.00966066	lineage
2024-03	2024-03-05	6	3	1717	13.742801725579373	0.9191719894324984	0.2717787512958566	0.0712971942614453	5.877917652961508	27.17787512958566	JN.1.1.8	0.00847127	lineage
2024-03	2024-03-05	6	3	1717	13.742801725579373	0.9191719894324984	0.2717787512958566	0.0712971942614453	5.877917652961508	27.17787512958566	KP.6	0.0050137	lineage
2024-03	2024-03-05	6	3	1717	13.742801725579373	0.9191719894324984	0.2717787512958566	0.0712971942614453	5.877917652961508	27.17787512958566	BA.2.38.3	0.00162461	lineage
2024-04	2024-04-02	5	1	1338	11.5169380998562	0.9077350098652308	0.3121425943885229	0.1035013209376985	3.842378210970329	31.214259438852288	BA.2.86* (BA.2.86.X)	0.9681886845049886	summarized
2024-04	2024-04-02	5	1	1338	11.5169380998562	0.9077350098652308	0.3121425943885229	0.1035013209376985	3.842378210970329	31.214259438852288	Omicron	0.0273730842353491	summarized
2024-04	2024-04-02	5	1	1338	11.5169380998562	0.9077350098652308	0.3121425943885229	0.1035013209376985	3.842378210970329	31.214259438852288	XBB* (XBB.X)	0.0044254411914831	summarized
2024-04	2024-04-02	5	1	1338	11.5169380998562	0.9077350098652308	0.3121425943885229	0.1035013209376985	3.842378210970329	31.214259438852288	JN.1.15	0.16666697	lineage
2024-04	2024-04-02	5	1	1338	11.5169380998562	0.9077350098652308	0.3121425943885229	0.1035013209376985	3.842378210970329	31.214259438852288	JN.1.8	0.15384525	lineage
2024-04	2024-04-02	5	1	1338	11.5169380998562	0.9077350098652308	0.3121425943885229	0.1035013209376985	3.842378210970329	31.214259438852288	JN.1.16.1	0.14189975	lineage
2024-04	2024-04-02	5	1	1338	11.5169380998562	0.9077350098652308	0.3121425943885229	0.1035013209376985	3.842378210970329	31.214259438852288	JN.1.16	0.09194938	lineage
2024-04	2024-04-02	5	1	1338	11.5169380998562	0.9077350098652308	0.3121425943885229	0.1035013209376985	3.842378210970329	31.214259438852288	LB.1.10	0.07306218	lineage
2024-04	2024-04-02	5	1	1338	11.5169380998562	0.9077350098652308	0.3121425943885229	0.1035013209376985	3.842378210970329	31.214259438852288	JN.1.4.9	0.05405373	lineage
2024-04	2024-04-02	5	1	1338	11.5169380998562	0.9077350098652308	0.3121425943885229	0.1035013209376985	3.842378210970329	31.214259438852288	JN.1.4.4	0.04586067	lineage
2024-04	2024-04-02	5	1	1338	11.5169380998562	0.9077350098652308	0.3121425943885229	0.1035013209376985	3.842378210970329	31.214259438852288	JN.1.18	0.04586067	lineage
2024-04	2024-04-02	5	1	1338	11.5169380998562	0.9077350098652308	0.3121425943885229	0.1035013209376985	3.842378210970329	31.214259438852288	JN.1.2	0.04099592	lineage
2024-04	2024-04-02	5	1	1338	11.5169380998562	0.9077350098652308	0.3121425943885229	0.1035013209376985	3.842378210970329	31.214259438852288	JN.1.4	0.04099592	lineage
2024-04	2024-04-02	5	1	1338	11.5169380998562	0.9077350098652308	0.3121425943885229	0.1035013209376985	3.842378210970329	31.214259438852288	JN.1.69	0.04099592	lineage
2024-04	2024-04-02	5	1	1338	11.5169380998562	0.9077350098652308	0.3121425943885229	0.1035013209376985	3.842378210970329	31.214259438852288	JN.1	0.04099592	lineage
2024-04	2024-04-02	5	1	1338	11.5169380998562	0.9077350098652308	0.3121425943885229	0.1035013209376985	3.842378210970329	31.214259438852288	JN.1.16.5	0.03100642	lineage
2024-04	2024-04-02	5	1	1338	11.5169380998562	0.9077350098652308	0.3121425943885229	0.1035013209376985	3.842378210970329	31.214259438852288	BA.2.1	0.02737308	lineage
2024-04	2024-04-02	5	1	1338	11.5169380998562	0.9077350098652308	0.3121425943885229	0.1035013209376985	3.842378210970329	31.214259438852288	XBB	0.00442544	lineage
2024-05	2024-05-07	4	1	1896	16.2903053205364	0.817041768384443	0.282647226030833	0.1177473832056984	4.849673011950595	28.264722603083303	BA.2.86* (BA.2.86.X)	0.9174192986426176	summarized
2024-05	2024-05-07	4	1	1896	16.2903053205364	0.817041768384443	0.282647226030833	0.1177473832056984	4.849673011950595	28.264722603083303	Omicron	0.0504461601577696	summarized
2024-05	2024-05-07	4	1	1896	16.2903053205364	0.817041768384443	0.282647226030833	0.1177473832056984	4.849673011950595	28.264722603083303	XBB.1.9.1* [Omicron (XBB.1.9.1.X)]	0.0250246687056551	summarized
2024-05	2024-05-07	4	1	1896	16.2903053205364	0.817041768384443	0.282647226030833	0.1177473832056984	4.849673011950595	28.264722603083303	XBB* (XBB.X)	0.0065759771155593	summarized
2024-05	2024-05-07	4	1	1896	16.2903053205364	0.817041768384443	0.282647226030833	0.1177473832056984	4.849673011950595	28.264722603083303	JN.1.32	0.32902043	lineage
2024-05	2024-05-07	4	1	1896	16.2903053205364	0.817041768384443	0.282647226030833	0.1177473832056984	4.849673011950595	28.264722603083303	JN.1.13.1	0.2301512	lineage
2024-05	2024-05-07	4	1	1896	16.2903053205364	0.817041768384443	0.282647226030833	0.1177473832056984	4.849673011950595	28.264722603083303	JN.1.13	0.13214185	lineage
2024-05	2024-05-07	4	1	1896	16.2903053205364	0.817041768384443	0.282647226030833	0.1177473832056984	4.849673011950595	28.264722603083303	KP.6	0.08162717	lineage
2024-05	2024-05-07	4	1	1896	16.2903053205364	0.817041768384443	0.282647226030833	0.1177473832056984	4.849673011950595	28.264722603083303	KP.2.3.8	0.0629334	lineage
2024-05	2024-05-07	4	1	1896	16.2903053205364	0.817041768384443	0.282647226030833	0.1177473832056984	4.849673011950595	28.264722603083303	KP.5	0.03932843	lineage
2024-05	2024-05-07	4	1	1896	16.2903053205364	0.817041768384443	0.282647226030833	0.1177473832056984	4.849673011950595	28.264722603083303	JN.1.18.5	0.02533304	lineage
2024-05	2024-05-07	4	1	1896	16.2903053205364	0.817041768384443	0.282647226030833	0.1177473832056984	4.849673011950595	28.264722603083303	FL.25	0.02502467	lineage
2024-05	2024-05-07	4	1	1896	16.2903053205364	0.817041768384443	0.282647226030833	0.1177473832056984	4.849673011950595	28.264722603083303	BA.4.8	0.02227983	lineage
2024-05	2024-05-07	4	1	1896	16.2903053205364	0.817041768384443	0.282647226030833	0.1177473832056984	4.849673011950595	28.264722603083303	XEF.3	0.02045571	lineage
2024-05	2024-05-07	4	1	1896	16.2903053205364	0.817041768384443	0.282647226030833	0.1177473832056984	4.849673011950595	28.264722603083303	KP.2.2.2	0.0095853	lineage
2024-05	2024-05-07	4	1	1896	16.2903053205364	0.817041768384443	0.282647226030833	0.1177473832056984	4.849673011950595	28.264722603083303	FY.5.1	0.00657598	lineage
2024-05	2024-05-07	4	1	1896	16.2903053205364	0.817041768384443	0.282647226030833	0.1177473832056984	4.849673011950595	28.264722603083303	KP.2.27	0.00598787	lineage
2024-05	2024-05-07	4	1	1896	16.2903053205364	0.817041768384443	0.282647226030833	0.1177473832056984	4.849673011950595	28.264722603083303	XDY.8	0.00436819	lineage
2024-05	2024-05-07	4	1	1896	16.2903053205364	0.817041768384443	0.282647226030833	0.1177473832056984	4.849673011950595	28.264722603083303	BA.2.1	0.00167725	lineage
2024-05	2024-05-07	4	1	1896	16.2903053205364	0.817041768384443	0.282647226030833	0.1177473832056984	4.849673011950595	28.264722603083303	BA.2.87	0.00166518	lineage
2024-05	2024-05-07	4	1	1896	16.2903053205364	0.817041768384443	0.282647226030833	0.1177473832056984	4.849673011950595	28.264722603083303	NN.1	0.0013106	lineage
2024-06	2024-06-04	4	1	4016	33.97933317727318	0.8646289669932783	0.4874092900377889	0.2795037287228706	5.1787853828372725	48.74092900377889	BA.2.86* (BA.2.86.X)	0.8041693597130382	summarized
2024-06	2024-06-04	4	1	4016	33.97933317727318	0.8646289669932783	0.4874092900377889	0.2795037287228706	5.1787853828372725	48.74092900377889	KP.3* (KP.3.X)	0.1348524602776054	summarized
2024-06	2024-06-04	4	1	4016	33.97933317727318	0.8646289669932783	0.4874092900377889	0.2795037287228706	5.1787853828372725	48.74092900377889	XBB.1.5* [Omicron (XBB.1.5.X)]	0.0227495245476874	summarized
2024-06	2024-06-04	4	1	4016	33.97933317727318	0.8646289669932783	0.4874092900377889	0.2795037287228706	5.1787853828372725	48.74092900377889	Omicron	0.022518315026418	summarized
2024-06	2024-06-04	4	1	4016	33.97933317727318	0.8646289669932783	0.4874092900377889	0.2795037287228706	5.1787853828372725	48.74092900377889	XBB* (XBB.X)	0.0130371722343394	summarized
2024-06	2024-06-04	4	1	4016	33.97933317727318	0.8646289669932783	0.4874092900377889	0.2795037287228706	5.1787853828372725	48.74092900377889	JN.1.11	0.23861024	lineage
2024-06	2024-06-04	4	1	4016	33.97933317727318	0.8646289669932783	0.4874092900377889	0.2795037287228706	5.1787853828372725	48.74092900377889	KP.3	0.10645002	lineage
2024-06	2024-06-04	4	1	4016	33.97933317727318	0.8646289669932783	0.4874092900377889	0.2795037287228706	5.1787853828372725	48.74092900377889	JN.1.64.1	0.10312929	lineage
2024-06	2024-06-04	4	1	4016	33.97933317727318	0.8646289669932783	0.4874092900377889	0.2795037287228706	5.1787853828372725	48.74092900377889	JN.1.49.1	0.10312929	lineage
2024-06	2024-06-04	4	1	4016	33.97933317727318	0.8646289669932783	0.4874092900377889	0.2795037287228706	5.1787853828372725	48.74092900377889	JN.1.18	0.10312929	lineage
2024-06	2024-06-04	4	1	4016	33.97933317727318	0.8646289669932783	0.4874092900377889	0.2795037287228706	5.1787853828372725	48.74092900377889	KP.2.6	0.08015393	lineage
2024-06	2024-06-04	4	1	4016	33.97933317727318	0.8646289669932783	0.4874092900377889	0.2795037287228706	5.1787853828372725	48.74092900377889	KP.6	0.07017512	lineage
2024-06	2024-06-04	4	1	4016	33.97933317727318	0.8646289669932783	0.4874092900377889	0.2795037287228706	5.1787853828372725	48.74092900377889	KP.2.3	0.06232651	lineage
2024-06	2024-06-04	4	1	4016	33.97933317727318	0.8646289669932783	0.4874092900377889	0.2795037287228706	5.1787853828372725	48.74092900377889	KP.3.1	0.02127575	lineage
2024-06	2024-06-04	4	1	4016	33.97933317727318	0.8646289669932783	0.4874092900377889	0.2795037287228706	5.1787853828372725	48.74092900377889	KP.2.3.4	0.01949288	lineage
2024-06	2024-06-04	4	1	4016	33.97933317727318	0.8646289669932783	0.4874092900377889	0.2795037287228706	5.1787853828372725	48.74092900377889	BA.2.1	0.01591832	lineage
2024-06	2024-06-04	4	1	4016	33.97933317727318	0.8646289669932783	0.4874092900377889	0.2795037287228706	5.1787853828372725	48.74092900377889	XBB.2.4	0.01303717	lineage
2024-06	2024-06-04	4	1	4016	33.97933317727318	0.8646289669932783	0.4874092900377889	0.2795037287228706	5.1787853828372725	48.74092900377889	XBB.1.5.28	0.01137476	lineage
2024-06	2024-06-04	4	1	4016	33.97933317727318	0.8646289669932783	0.4874092900377889	0.2795037287228706	5.1787853828372725	48.74092900377889	HY.1	0.01137476	lineage
2024-06	2024-06-04	4	1	4016	33.97933317727318	0.8646289669932783	0.4874092900377889	0.2795037287228706	5.1787853828372725	48.74092900377889	KP.2.6.3	0.00917426	lineage
2024-06	2024-06-04	4	1	4016	33.97933317727318	0.8646289669932783	0.4874092900377889	0.2795037287228706	5.1787853828372725	48.74092900377889	JN.1.7.1	0.00584758	lineage
2024-06	2024-06-04	4	1	4016	33.97933317727318	0.8646289669932783	0.4874092900377889	0.2795037287228706	5.1787853828372725	48.74092900377889	MD.1	0.00376158	lineage
2024-06	2024-06-04	4	1	4016	33.97933317727318	0.8646289669932783	0.4874092900377889	0.2795037287228706	5.1787853828372725	48.74092900377889	JN.1.18.5	0.00376158	lineage
2024-06	2024-06-04	4	1	4016	33.97933317727318	0.8646289669932783	0.4874092900377889	0.2795037287228706	5.1787853828372725	48.74092900377889	KP.3.2.1	0.00237556	lineage
2024-06	2024-06-04	4	1	4016	33.97933317727318	0.8646289669932783	0.4874092900377889	0.2795037287228706	5.1787853828372725	48.74092900377889	KP.3.2	0.00237556	lineage
2024-06	2024-06-04	4	1	4016	33.97933317727318	0.8646289669932783	0.4874092900377889	0.2795037287228706	5.1787853828372725	48.74092900377889	KP.3.2.4	0.00237556	lineage
2024-06	2024-06-04	4	1	4016	33.97933317727318	0.8646289669932783	0.4874092900377889	0.2795037287228706	5.1787853828372725	48.74092900377889	BA.2.9	0.0022	lineage
2024-06	2024-06-04	4	1	4016	33.97933317727318	0.8646289669932783	0.4874092900377889	0.2795037287228706	5.1787853828372725	48.74092900377889	BA.2.9.5	0.0022	lineage
2024-06	2024-06-04	4	1	4016	33.97933317727318	0.8646289669932783	0.4874092900377889	0.2795037287228706	5.1787853828372725	48.74092900377889	BA.2.7	0.0022	lineage
2024-06	2024-06-04	4	1	4016	33.97933317727318	0.8646289669932783	0.4874092900377889	0.2795037287228706	5.1787853828372725	48.74092900377889	KP.2.19	0.00147781	lineage
2024-07	2024-07-02	4	1	3881	32.1273450824332	0.9589338862321506	0.6509714744340033	0.397217670467846	5.375124449903346	65.09714744340033	BA.2.86* (BA.2.86.X)	0.837293301478212	summarized
2024-07	2024-07-02	4	1	3881	32.1273450824332	0.9589338862321506	0.6509714744340033	0.397217670467846	5.375124449903346	65.09714744340033	KP.3* (KP.3.X)	0.1626872199486255	summarized
2024-07	2024-07-02	4	1	3881	32.1273450824332	0.9589338862321506	0.6509714744340033	0.397217670467846	5.375124449903346	65.09714744340033	KP.2	0.36164099	lineage
2024-07	2024-07-02	4	1	3881	32.1273450824332	0.9589338862321506	0.6509714744340033	0.397217670467846	5.375124449903346	65.09714744340033	JN.1.11	0.18759001	lineage
2024-07	2024-07-02	4	1	3881	32.1273450824332	0.9589338862321506	0.6509714744340033	0.397217670467846	5.375124449903346	65.09714744340033	JN.1.18	0.15846187	lineage
2024-07	2024-07-02	4	1	3881	32.1273450824332	0.9589338862321506	0.6509714744340033	0.397217670467846	5.375124449903346	65.09714744340033	KP.3.1	0.10389433	lineage
2024-07	2024-07-02	4	1	3881	32.1273450824332	0.9589338862321506	0.6509714744340033	0.397217670467846	5.375124449903346	65.09714744340033	KP.3.2.3	0.05574142	lineage
2024-07	2024-07-02	4	1	3881	32.1273450824332	0.9589338862321506	0.6509714744340033	0.397217670467846	5.375124449903346	65.09714744340033	KP.2.4	0.04761506	lineage
2024-07	2024-07-02	4	1	3881	32.1273450824332	0.9589338862321506	0.6509714744340033	0.397217670467846	5.375124449903346	65.09714744340033	KP.2.28.1	0.02893678	lineage
2024-07	2024-07-02	4	1	3881	32.1273450824332	0.9589338862321506	0.6509714744340033	0.397217670467846	5.375124449903346	65.09714744340033	LB.1.4	0.02173883	lineage
2024-07	2024-07-02	4	1	3881	32.1273450824332	0.9589338862321506	0.6509714744340033	0.397217670467846	5.375124449903346	65.09714744340033	KP.2.3	0.01314668	lineage
2024-07	2024-07-02	4	1	3881	32.1273450824332	0.9589338862321506	0.6509714744340033	0.397217670467846	5.375124449903346	65.09714744340033	JN.1.18.5	0.01151101	lineage
2024-07	2024-07-02	4	1	3881	32.1273450824332	0.9589338862321506	0.6509714744340033	0.397217670467846	5.375124449903346	65.09714744340033	KP.2.3.10	0.00361804	lineage
2024-07	2024-07-02	4	1	3881	32.1273450824332	0.9589338862321506	0.6509714744340033	0.397217670467846	5.375124449903346	65.09714744340033	KP.3	0.00305147	lineage
2024-07	2024-07-02	4	1	3881	32.1273450824332	0.9589338862321506	0.6509714744340033	0.397217670467846	5.375124449903346	65.09714744340033	KP.2.3.1	0.00303402	lineage
2024-08	2024-08-06	4	1	615	3.857572818780724	0.8108550981506872	0.0599939805370698	0.0185934521619904	5.388385995888038	5.999398053706986	BA.2.86* (BA.2.86.X)	0.3555448754491928	summarized
2024-08	2024-08-06	4	1	615	3.857572818780724	0.8108550981506872	0.0599939805370698	0.0185934521619904	5.388385995888038	5.999398053706986	KP.3* (KP.3.X)	0.3535310507414622	summarized
2024-08	2024-08-06	4	1	615	3.857572818780724	0.8108550981506872	0.0599939805370698	0.0185934521619904	5.388385995888038	5.999398053706986	Omicron	0.2000022979275761	summarized
2024-08	2024-08-06	4	1	615	3.857572818780724	0.8108550981506872	0.0599939805370698	0.0185934521619904	5.388385995888038	5.999398053706986	KP.3.1.1* (KP.3.1.1.X)	0.0909067138014229	summarized
2024-08	2024-08-06	4	1	615	3.857572818780724	0.8108550981506872	0.0599939805370698	0.0185934521619904	5.388385995888038	5.999398053706986	BA.4.8	0.2000023	lineage
2024-08	2024-08-06	4	1	615	3.857572818780724	0.8108550981506872	0.0599939805370698	0.0185934521619904	5.388385995888038	5.999398053706986	KP.3	0.10533797	lineage
2024-08	2024-08-06	4	1	615	3.857572818780724	0.8108550981506872	0.0599939805370698	0.0185934521619904	5.388385995888038	5.999398053706986	KP.3.4	0.10533797	lineage
2024-08	2024-08-06	4	1	615	3.857572818780724	0.8108550981506872	0.0599939805370698	0.0185934521619904	5.388385995888038	5.999398053706986	KP.2.20	0.0925942	lineage
2024-08	2024-08-06	4	1	615	3.857572818780724	0.8108550981506872	0.0599939805370698	0.0185934521619904	5.388385995888038	5.999398053706986	KP.2	0.0925942	lineage
2024-08	2024-08-06	4	1	615	3.857572818780724	0.8108550981506872	0.0599939805370698	0.0185934521619904	5.388385995888038	5.999398053706986	JN.1.11.2	0.08103435	lineage
2024-08	2024-08-06	4	1	615	3.857572818780724	0.8108550981506872	0.0599939805370698	0.0185934521619904	5.388385995888038	5.999398053706986	MC.19	0.06340115	lineage
2024-08	2024-08-06	4	1	615	3.857572818780724	0.8108550981506872	0.0599939805370698	0.0185934521619904	5.388385995888038	5.999398053706986	JN.1.11	0.04858839	lineage
2024-08	2024-08-06	4	1	615	3.857572818780724	0.8108550981506872	0.0599939805370698	0.0185934521619904	5.388385995888038	5.999398053706986	KP.3.2.3	0.04761837	lineage
2024-08	2024-08-06	4	1	615	3.857572818780724	0.8108550981506872	0.0599939805370698	0.0185934521619904	5.388385995888038	5.999398053706986	KP.3.2	0.04761837	lineage
2024-08	2024-08-06	4	1	615	3.857572818780724	0.8108550981506872	0.0599939805370698	0.0185934521619904	5.388385995888038	5.999398053706986	KP.3.2.4	0.04761837	lineage
2024-08	2024-08-06	4	1	615	3.857572818780724	0.8108550981506872	0.0599939805370698	0.0185934521619904	5.388385995888038	5.999398053706986	JN.11	0.04073374	lineage
2024-08	2024-08-06	4	1	615	3.857572818780724	0.8108550981506872	0.0599939805370698	0.0185934521619904	5.388385995888038	5.999398053706986	MC.19.1	0.02750556	lineage
2024-09	2024-09-03	19	8	1286	8.686285656957496	0.9660903588268736	0.351302544895161	0.0553121760358492	7.483581139287122	35.130254489516105	BA.2.86* (BA.2.86.X)	0.8420916264156743	summarized
2024-09	2024-09-03	19	8	1286	8.686285656957496	0.9660903588268736	0.351302544895161	0.0553121760358492	7.483581139287122	35.130254489516105	KP.3.1.1* (KP.3.1.1.X)	0.1428485267778894	summarized
2024-09	2024-09-03	19	8	1286	8.686285656957496	0.9660903588268736	0.351302544895161	0.0553121760358492	7.483581139287122	35.130254489516105	KP.3* (KP.3.X)	0.0150259066503564	summarized
2024-09	2024-09-03	19	8	1286	8.686285656957496	0.9660903588268736	0.351302544895161	0.0553121760358492	7.483581139287122	35.130254489516105	LB.1.1	0.30768975	lineage
2024-09	2024-09-03	19	8	1286	8.686285656957496	0.9660903588268736	0.351302544895161	0.0553121760358492	7.483581139287122	35.130254489516105	JN.1.11	0.19047933	lineage
2024-09	2024-09-03	19	8	1286	8.686285656957496	0.9660903588268736	0.351302544895161	0.0553121760358492	7.483581139287122	35.130254489516105	KP.5	0.12872318	lineage
2024-09	2024-09-03	19	8	1286	8.686285656957496	0.9660903588268736	0.351302544895161	0.0553121760358492	7.483581139287122	35.130254489516105	JN.1.11.1	0.12872318	lineage
2024-09	2024-09-03	19	8	1286	8.686285656957496	0.9660903588268736	0.351302544895161	0.0553121760358492	7.483581139287122	35.130254489516105	MC.43	0.04545449	lineage
2024-09	2024-09-03	19	8	1286	8.686285656957496	0.9660903588268736	0.351302544895161	0.0553121760358492	7.483581139287122	35.130254489516105	LP.9	0.03447765	lineage
2024-09	2024-09-03	19	8	1286	8.686285656957496	0.9660903588268736	0.351302544895161	0.0553121760358492	7.483581139287122	35.130254489516105	KP.2.3.10	0.03277555	lineage
2024-09	2024-09-03	19	8	1286	8.686285656957496	0.9660903588268736	0.351302544895161	0.0553121760358492	7.483581139287122	35.130254489516105	MC.1	0.02749433	lineage
2024-09	2024-09-03	19	8	1286	8.686285656957496	0.9660903588268736	0.351302544895161	0.0553121760358492	7.483581139287122	35.130254489516105	MC.35	0.02749433	lineage
2024-09	2024-09-03	19	8	1286	8.686285656957496	0.9660903588268736	0.351302544895161	0.0553121760358492	7.483581139287122	35.130254489516105	KP.3.1.1	0.02749433	lineage
2024-09	2024-09-03	19	8	1286	8.686285656957496	0.9660903588268736	0.351302544895161	0.0553121760358492	7.483581139287122	35.130254489516105	KP.2	0.019223	lineage
2024-09	2024-09-03	19	8	1286	8.686285656957496	0.9660903588268736	0.351302544895161	0.0553121760358492	7.483581139287122	35.130254489516105	KP.3.2	0.01502591	lineage
2024-09	2024-09-03	19	8	1286	8.686285656957496	0.9660903588268736	0.351302544895161	0.0553121760358492	7.483581139287122	35.130254489516105	MC.19	0.01491105	lineage
2024-10	2024-10-01	25	10	1077	9.185566665551953	0.855031267765776	0.366585292445574	0.145169380998562	4.439557309911237	36.6585292445574	KP.3* (KP.3.X)	0.7142827363836463	summarized
2024-10	2024-10-01	25	10	1077	9.185566665551953	0.855031267765776	0.366585292445574	0.145169380998562	4.439557309911237	36.6585292445574	KP.3.1.1* (KP.3.1.1.X)	0.2857041491683392	summarized
2024-10	2024-10-01	25	10	1077	9.185566665551953	0.855031267765776	0.366585292445574	0.145169380998562	4.439557309911237	36.6585292445574	KP.3.1	0.33714208	lineage
2024-10	2024-10-01	25	10	1077	9.185566665551953	0.855031267765776	0.366585292445574	0.145169380998562	4.439557309911237	36.6585292445574	KP.3.1.9	0.33714208	lineage
2024-10	2024-10-01	25	10	1077	9.185566665551953	0.855031267765776	0.366585292445574	0.145169380998562	4.439557309911237	36.6585292445574	KP.3.1.1	0.14285207	lineage
2024-10	2024-10-01	25	10	1077	9.185566665551953	0.855031267765776	0.366585292445574	0.145169380998562	4.439557309911237	36.6585292445574	MC.15	0.14285207	lineage
2024-10	2024-10-01	25	10	1077	9.185566665551953	0.855031267765776	0.366585292445574	0.145169380998562	4.439557309911237	36.6585292445574	KP.3.3.7	0.03999858	lineage
2024-11	2024-11-03	35	11	1526	13.553623382269338	0.9739825435575026	0.5817142092766612	0.2309801692137912	7.731903683575267	58.17142092766612	KP.3.1.1* (KP.3.1.1.X)	0.4076913779800311	summarized
2024-11	2024-11-03	35	11	1526	13.553623382269338	0.9739825435575026	0.5817142092766612	0.2309801692137912	7.731903683575267	58.17142092766612	XEC* (XEC.X)	0.2307691971587979	summarized
2024-11	2024-11-03	35	11	1526	13.553623382269338	0.9739825435575026	0.5817142092766612	0.2309801692137912	7.731903683575267	58.17142092766612	Other	0.2186843280133272	summarized
2024-11	2024-11-03	35	11	1526	13.553623382269338	0.9739825435575026	0.5817142092766612	0.2309801692137912	7.731903683575267	58.17142092766612	KP.3* (KP.3.X)	0.1428546184557471	summarized
2024-11	2024-11-03	35	11	1526	13.553623382269338	0.9739825435575026	0.5817142092766612	0.2309801692137912	7.731903683575267	58.17142092766612	MC.42	0.30769166	lineage
2024-11	2024-11-03	35	11	1526	13.553623382269338	0.9739825435575026	0.5817142092766612	0.2309801692137912	7.731903683575267	58.17142092766612	MC.45	0.21868433	lineage
2024-11	2024-11-03	35	11	1526	13.553623382269338	0.9739825435575026	0.5817142092766612	0.2309801692137912	7.731903683575267	58.17142092766612	KP.3.1.4	0.14285462	lineage
2024-11	2024-11-03	35	11	1526	13.553623382269338	0.9739825435575026	0.5817142092766612	0.2309801692137912	7.731903683575267	58.17142092766612	XEC.20	0.1417618	lineage
2024-11	2024-11-03	35	11	1526	13.553623382269338	0.9739825435575026	0.5817142092766612	0.2309801692137912	7.731903683575267	58.17142092766612	MC.6	0.09999972	lineage
2024-11	2024-11-03	35	11	1526	13.553623382269338	0.9739825435575026	0.5817142092766612	0.2309801692137912	7.731903683575267	58.17142092766612	XEC.9	0.08900739	lineage
2024-12	2024-12-01	42	10	4700	41.35250643748119	0.9984951342674648	0.969568270742066	0.8352673644784804	9.169685890251474	96.9568270742066	KP.3.1.1* (KP.3.1.1.X)	0.3666625918934245	summarized
2024-12	2024-12-01	42	10	4700	41.35250643748119	0.9984951342674648	0.969568270742066	0.8352673644784804	9.169685890251474	96.9568270742066	XEC* (XEC.X)	0.211726924748309	summarized
2024-12	2024-12-01	42	10	4700	41.35250643748119	0.9984951342674648	0.969568270742066	0.8352673644784804	9.169685890251474	96.9568270742066	Other	0.1747270710929306	summarized
2024-12	2024-12-01	42	10	4700	41.35250643748119	0.9984951342674648	0.969568270742066	0.8352673644784804	9.169685890251474	96.9568270742066	BA.2.86* (BA.2.86.X)	0.165130819677007	summarized
2024-12	2024-12-01	42	10	4700	41.35250643748119	0.9984951342674648	0.969568270742066	0.8352673644784804	9.169685890251474	96.9568270742066	LP.8.1* (LP.8.1.X)	0.0625004801065857	summarized
2024-12	2024-12-01	42	10	4700	41.35250643748119	0.9984951342674648	0.969568270742066	0.8352673644784804	9.169685890251474	96.9568270742066	Omicron	0.0192008608910067	summarized
2024-12	2024-12-01	42	10	4700	41.35250643748119	0.9984951342674648	0.969568270742066	0.8352673644784804	9.169685890251474	96.9568270742066	XEW	0.1461559	lineage
2024-12	2024-12-01	42	10	4700	41.35250643748119	0.9984951342674648	0.969568270742066	0.8352673644784804	9.169685890251474	96.9568270742066	XEC.8	0.14297732	lineage
2024-12	2024-12-01	42	10	4700	41.35250643748119	0.9984951342674648	0.969568270742066	0.8352673644784804	9.169685890251474	96.9568270742066	JN.1.16.1	0.101854	lineage
2024-12	2024-12-01	42	10	4700	41.35250643748119	0.9984951342674648	0.969568270742066	0.8352673644784804	9.169685890251474	96.9568270742066	MC.22	0.09517023	lineage
2024-12	2024-12-01	42	10	4700	41.35250643748119	0.9984951342674648	0.969568270742066	0.8352673644784804	9.169685890251474	96.9568270742066	MC.1.5	0.07692249	lineage
2024-12	2024-12-01	42	10	4700	41.35250643748119	0.9984951342674648	0.969568270742066	0.8352673644784804	9.169685890251474	96.9568270742066	MC.19	0.06536128	lineage
2024-12	2024-12-01	42	10	4700	41.35250643748119	0.9984951342674648	0.969568270742066	0.8352673644784804	9.169685890251474	96.9568270742066	MC.13	0.06451593	lineage
2024-12	2024-12-01	42	10	4700	41.35250643748119	0.9984951342674648	0.969568270742066	0.8352673644784804	9.169685890251474	96.9568270742066	LP.8.1.9	0.04681954	lineage
2024-12	2024-12-01	42	10	4700	41.35250643748119	0.9984951342674648	0.969568270742066	0.8352673644784804	9.169685890251474	96.9568270742066	LB.1.3	0.03703572	lineage
2024-12	2024-12-01	42	10	4700	41.35250643748119	0.9984951342674648	0.969568270742066	0.8352673644784804	9.169685890251474	96.9568270742066	XEC.4	0.03177663	lineage
2024-12	2024-12-01	42	10	4700	41.35250643748119	0.9984951342674648	0.969568270742066	0.8352673644784804	9.169685890251474	96.9568270742066	MC.10.1.6	0.03174542	lineage
2024-12	2024-12-01	42	10	4700	41.35250643748119	0.9984951342674648	0.969568270742066	0.8352673644784804	9.169685890251474	96.9568270742066	LF.7.6.3	0.02857118	lineage
2024-12	2024-12-01	42	10	4700	41.35250643748119	0.9984951342674648	0.969568270742066	0.8352673644784804	9.169685890251474	96.9568270742066	KP.6	0.01960691	lineage
2024-12	2024-12-01	42	10	4700	41.35250643748119	0.9984951342674648	0.969568270742066	0.8352673644784804	9.169685890251474	96.9568270742066	XEL.6	0.01920086	lineage
2024-12	2024-12-01	42	10	4700	41.35250643748119	0.9984951342674648	0.969568270742066	0.8352673644784804	9.169685890251474	96.9568270742066	XEC.3	0.01911555	lineage
2024-12	2024-12-01	42	10	4700	41.35250643748119	0.9984951342674648	0.969568270742066	0.8352673644784804	9.169685890251474	96.9568270742066	MC.42	0.01818156	lineage
2024-12	2024-12-01	42	10	4700	41.35250643748119	0.9984951342674648	0.969568270742066	0.8352673644784804	9.169685890251474	96.9568270742066	XEC.18	0.01785743	lineage
2024-12	2024-12-01	42	10	4700	41.35250643748119	0.9984951342674648	0.969568270742066	0.8352673644784804	9.169685890251474	96.9568270742066	LP.8.1.8	0.01568094	lineage
2024-12	2024-12-01	42	10	4700	41.35250643748119	0.9984951342674648	0.969568270742066	0.8352673644784804	9.169685890251474	96.9568270742066	MC.10	0.0147657	lineage
2024-12	2024-12-01	42	10	4700	41.35250643748119	0.9984951342674648	0.969568270742066	0.8352673644784804	9.169685890251474	96.9568270742066	LP.7	0.00346011	lineage
2024-12	2024-12-01	42	10	4700	41.35250643748119	0.9984951342674648	0.969568270742066	0.8352673644784804	9.169685890251474	96.9568270742066	LF.7.2.1	0.00317409	lineage
2025-01	2025-01-02	44	12	5399	48.03855800421363	0.9957194930274554	0.953416045212855	0.8249339531150721	9.596799556076473	95.34160452128548	XEC* (XEC.X)	0.3855396295001971	summarized
2025-01	2025-01-02	44	12	5399	48.03855800421363	0.9957194930274554	0.953416045212855	0.8249339531150721	9.596799556076473	95.34160452128548	LP.8.1* (LP.8.1.X)	0.305067217643036	summarized
2025-01	2025-01-02	44	12	5399	48.03855800421363	0.9957194930274554	0.953416045212855	0.8249339531150721	9.596799556076473	95.34160452128548	KP.3.1.1* (KP.3.1.1.X)	0.1451615351716631	summarized
2025-01	2025-01-02	44	12	5399	48.03855800421363	0.9957194930274554	0.953416045212855	0.8249339531150721	9.596799556076473	95.34160452128548	BA.2.86* (BA.2.86.X)	0.1250001971743265	summarized
2025-01	2025-01-02	44	12	5399	48.03855800421363	0.9957194930274554	0.953416045212855	0.8249339531150721	9.596799556076473	95.34160452128548	KP.3* (KP.3.X)	0.0392282706294728	summarized
2025-01	2025-01-02	44	12	5399	48.03855800421363	0.9957194930274554	0.953416045212855	0.8249339531150721	9.596799556076473	95.34160452128548	XEC	0.26054164	lineage
2025-01	2025-01-02	44	12	5399	48.03855800421363	0.9957194930274554	0.953416045212855	0.8249339531150721	9.596799556076473	95.34160452128548	LP.8.1.4	0.24193462	lineage
2025-01	2025-01-02	44	12	5399	48.03855800421363	0.9957194930274554	0.953416045212855	0.8249339531150721	9.596799556076473	95.34160452128548	MC.15	0.11537983	lineage
2025-01	2025-01-02	44	12	5399	48.03855800421363	0.9957194930274554	0.953416045212855	0.8249339531150721	9.596799556076473	95.34160452128548	JN.1.11.1	0.08629955	lineage
2025-01	2025-01-02	44	12	5399	48.03855800421363	0.9957194930274554	0.953416045212855	0.8249339531150721	9.596799556076473	95.34160452128548	XEC.12	0.04877962	lineage
2025-01	2025-01-02	44	12	5399	48.03855800421363	0.9957194930274554	0.953416045212855	0.8249339531150721	9.596799556076473	95.34160452128548	XEC.4.6.1	0.0391821	lineage
2025-01	2025-01-02	44	12	5399	48.03855800421363	0.9957194930274554	0.953416045212855	0.8249339531150721	9.596799556076473	95.34160452128548	XEC.27	0.03703626	lineage
2025-01	2025-01-02	44	12	5399	48.03855800421363	0.9957194930274554	0.953416045212855	0.8249339531150721	9.596799556076473	95.34160452128548	NY.9	0.03409442	lineage
2025-01	2025-01-02	44	12	5399	48.03855800421363	0.9957194930274554	0.953416045212855	0.8249339531150721	9.596799556076473	95.34160452128548	LF.7.1.9	0.02702717	lineage
2025-01	2025-01-02	44	12	5399	48.03855800421363	0.9957194930274554	0.953416045212855	0.8249339531150721	9.596799556076473	95.34160452128548	KP.3.1	0.02150518	lineage
2025-01	2025-01-02	44	12	5399	48.03855800421363	0.9957194930274554	0.953416045212855	0.8249339531150721	9.596799556076473	95.34160452128548	KP.3	0.01772309	lineage
2025-01	2025-01-02	44	12	5399	48.03855800421363	0.9957194930274554	0.953416045212855	0.8249339531150721	9.596799556076473	95.34160452128548	LP.8.1.9	0.01754398	lineage
2025-01	2025-01-02	44	12	5399	48.03855800421363	0.9957194930274554	0.953416045212855	0.8249339531150721	9.596799556076473	95.34160452128548	MC.10.1	0.01704309	lineage
2025-01	2025-01-02	44	12	5399	48.03855800421363	0.9957194930274554	0.953416045212855	0.8249339531150721	9.596799556076473	95.34160452128548	MC.10.1.3	0.01273861	lineage
2025-01	2025-01-02	44	12	5399	48.03855800421363	0.9957194930274554	0.953416045212855	0.8249339531150721	9.596799556076473	95.34160452128548	JN.1.49	0.01167348	lineage
2025-01	2025-01-02	44	12	5399	48.03855800421363	0.9957194930274554	0.953416045212855	0.8249339531150721	9.596799556076473	95.34160452128548	LP.8.1.8	0.0114942	lineage
2025-02	2025-02-02	50	13	4571	40.14787813931713	0.998729224492526	0.9661572417483196	0.7678828211216266	9.428397315669304	96.61572417483195	BA.2.86* (BA.2.86.X)	0.319219896248092	summarized
2025-02	2025-02-02	50	13	4571	40.14787813931713	0.998729224492526	0.9661572417483196	0.7678828211216266	9.428397315669304	96.61572417483195	LP.8.1* (LP.8.1.X)	0.2727250046767085	summarized
2025-02	2025-02-02	50	13	4571	40.14787813931713	0.998729224492526	0.9661572417483196	0.7678828211216266	9.428397315669304	96.61572417483195	XEC* (XEC.X)	0.2676695126359905	summarized
2025-02	2025-02-02	50	13	4571	40.14787813931713	0.998729224492526	0.9661572417483196	0.7678828211216266	9.428397315669304	96.61572417483195	KP.3.1.1* (KP.3.1.1.X)	0.096983188407877	summarized
2025-02	2025-02-02	50	13	4571	40.14787813931713	0.998729224492526	0.9661572417483196	0.7678828211216266	9.428397315669304	96.61572417483195	Omicron	0.0294117070088002	summarized
2025-02	2025-02-02	50	13	4571	40.14787813931713	0.998729224492526	0.9661572417483196	0.7678828211216266	9.428397315669304	96.61572417483195	KP.3* (KP.3.X)	0.0089289900602657	summarized
2025-02	2025-02-02	50	13	4571	40.14787813931713	0.998729224492526	0.9661572417483196	0.7678828211216266	9.428397315669304	96.61572417483195	Other	0.005057591919972	summarized
2025-02	2025-02-02	50	13	4571	40.14787813931713	0.998729224492526	0.9661572417483196	0.7678828211216266	9.428397315669304	96.61572417483195	LP.8	0.19278989	lineage
2025-02	2025-02-02	50	13	4571	40.14787813931713	0.998729224492526	0.9661572417483196	0.7678828211216266	9.428397315669304	96.61572417483195	NY.9	0.11764702	lineage
2025-02	2025-02-02	50	13	4571	40.14787813931713	0.998729224492526	0.9661572417483196	0.7678828211216266	9.428397315669304	96.61572417483195	JN.1.40	0.09523665	lineage
2025-02	2025-02-02	50	13	4571	40.14787813931713	0.998729224492526	0.9661572417483196	0.7678828211216266	9.428397315669304	96.61572417483195	XEC.8	0.09171624	lineage
2025-02	2025-02-02	50	13	4571	40.14787813931713	0.998729224492526	0.9661572417483196	0.7678828211216266	9.428397315669304	96.61572417483195	XEC.6	0.07842958	lineage
2025-02	2025-02-02	50	13	4571	40.14787813931713	0.998729224492526	0.9661572417483196	0.7678828211216266	9.428397315669304	96.61572417483195	XEC	0.07426811	lineage
2025-02	2025-02-02	50	13	4571	40.14787813931713	0.998729224492526	0.9661572417483196	0.7678828211216266	9.428397315669304	96.61572417483195	LP.8.1	0.0660396	lineage
2025-02	2025-02-02	50	13	4571	40.14787813931713	0.998729224492526	0.9661572417483196	0.7678828211216266	9.428397315669304	96.61572417483195	LP.8.1.11	0.06382981	lineage
2025-02	2025-02-02	50	13	4571	40.14787813931713	0.998729224492526	0.9661572417483196	0.7678828211216266	9.428397315669304	96.61572417483195	MC.19.1	0.05721087	lineage
2025-02	2025-02-02	50	13	4571	40.14787813931713	0.998729224492526	0.9661572417483196	0.7678828211216266	9.428397315669304	96.61572417483195	LF.7	0.03119335	lineage
2025-02	2025-02-02	50	13	4571	40.14787813931713	0.998729224492526	0.9661572417483196	0.7678828211216266	9.428397315669304	96.61572417483195	XER	0.02941171	lineage
2025-02	2025-02-02	50	13	4571	40.14787813931713	0.998729224492526	0.9661572417483196	0.7678828211216266	9.428397315669304	96.61572417483195	MC.10.1	0.02462102	lineage
2025-02	2025-02-02	50	13	4571	40.14787813931713	0.998729224492526	0.9661572417483196	0.7678828211216266	9.428397315669304	96.61572417483195	XEC.33	0.02325559	lineage
2025-02	2025-02-02	50	13	4571	40.14787813931713	0.998729224492526	0.9661572417483196	0.7678828211216266	9.428397315669304	96.61572417483195	NY.14	0.01980176	lineage
2025-02	2025-02-02	50	13	4571	40.14787813931713	0.998729224492526	0.9661572417483196	0.7678828211216266	9.428397315669304	96.61572417483195	MC.10.1.3	0.0151513	lineage
2025-02	2025-02-02	50	13	4571	40.14787813931713	0.998729224492526	0.9661572417483196	0.7678828211216266	9.428397315669304	96.61572417483195	KP.3.3	0.00892899	lineage
2025-02	2025-02-02	50	13	4571	40.14787813931713	0.998729224492526	0.9661572417483196	0.7678828211216266	9.428397315669304	96.61572417483195	LP.8.1.1	0.00540681	lineage
2025-02	2025-02-02	50	13	4571	40.14787813931713	0.998729224492526	0.9661572417483196	0.7678828211216266	9.428397315669304	96.61572417483195	XEW	0.00505759	lineage
2025-03	2025-03-02	65	14	4329	38.24208273417383	0.9960539076346856	0.9028859980603952	0.7139417449754205	7.607262849755814	90.28859980603951	BA.2.86* (BA.2.86.X)	0.3419865431484495	summarized
2025-03	2025-03-02	65	14	4329	38.24208273417383	0.9960539076346856	0.9028859980603952	0.7139417449754205	7.607262849755814	90.28859980603951	KP.3* (KP.3.X)	0.2404264437092183	summarized
2025-03	2025-03-02	65	14	4329	38.24208273417383	0.9960539076346856	0.9028859980603952	0.7139417449754205	7.607262849755814	90.28859980603951	KP.3.1.1* (KP.3.1.1.X)	0.1794861153009653	summarized
2025-03	2025-03-02	65	14	4329	38.24208273417383	0.9960539076346856	0.9028859980603952	0.7139417449754205	7.607262849755814	90.28859980603951	LP.8.1* (LP.8.1.X)	0.1428546132377647	summarized
2025-03	2025-03-02	65	14	4329	38.24208273417383	0.9960539076346856	0.9028859980603952	0.7139417449754205	7.607262849755814	90.28859980603951	XEC* (XEC.X)	0.0952378984904912	summarized
2025-03	2025-03-02	65	14	4329	38.24208273417383	0.9960539076346856	0.9028859980603952	0.7139417449754205	7.607262849755814	90.28859980603951	KP.3	0.14718738	lineage
2025-03	2025-03-02	65	14	4329	38.24208273417383	0.9960539076346856	0.9028859980603952	0.7139417449754205	7.607262849755814	90.28859980603951	MC.24.2	0.11281982	lineage
2025-03	2025-03-02	65	14	4329	38.24208273417383	0.9960539076346856	0.9028859980603952	0.7139417449754205	7.607262849755814	90.28859980603951	LP.7	0.10714277	lineage
2025-03	2025-03-02	65	14	4329	38.24208273417383	0.9960539076346856	0.9028859980603952	0.7139417449754205	7.607262849755814	90.28859980603951	XEC.36	0.0952379	lineage
2025-03	2025-03-02	65	14	4329	38.24208273417383	0.9960539076346856	0.9028859980603952	0.7139417449754205	7.607262849755814	90.28859980603951	KP.3.1	0.09323907	lineage
2025-03	2025-03-02	65	14	4329	38.24208273417383	0.9960539076346856	0.9028859980603952	0.7139417449754205	7.607262849755814	90.28859980603951	JN.1.16	0.09134241	lineage
2025-03	2025-03-02	65	14	4329	38.24208273417383	0.9960539076346856	0.9028859980603952	0.7139417449754205	7.607262849755814	90.28859980603951	LP.8.1.1	0.08625115	lineage
2025-03	2025-03-02	65	14	4329	38.24208273417383	0.9960539076346856	0.9028859980603952	0.7139417449754205	7.607262849755814	90.28859980603951	JN.1.8	0.07142763	lineage
2025-03	2025-03-02	65	14	4329	38.24208273417383	0.9960539076346856	0.9028859980603952	0.7139417449754205	7.607262849755814	90.28859980603951	MC.10	0.0666663	lineage
2025-03	2025-03-02	65	14	4329	38.24208273417383	0.9960539076346856	0.9028859980603952	0.7139417449754205	7.607262849755814	90.28859980603951	NY.3	0.05660347	lineage
2025-03	2025-03-02	65	14	4329	38.24208273417383	0.9960539076346856	0.9028859980603952	0.7139417449754205	7.607262849755814	90.28859980603951	JN.1.16.5	0.056276	lineage
2025-03	2025-03-02	65	14	4329	38.24208273417383	0.9960539076346856	0.9028859980603952	0.7139417449754205	7.607262849755814	90.28859980603951	JN.1.11	0.01579772	lineage
2025-04	2025-04-01	73	15	3542	30.94702872621476	0.9956860515667324	0.8263384944654383	0.6319432832826137	9.070815745120049	82.63384944654382	KP.3.1.1* (KP.3.1.1.X)	0.4329013791948279	summarized
2025-04	2025-04-01	73	15	3542	30.94702872621476	0.9956860515667324	0.8263384944654383	0.6319432832826137	9.070815745120049	82.63384944654382	Omicron	0.2020511010928862	summarized
2025-04	2025-04-01	73	15	3542	30.94702872621476	0.9956860515667324	0.8263384944654383	0.6319432832826137	9.070815745120049	82.63384944654382	BA.2.86* (BA.2.86.X)	0.1999992203397573	summarized
2025-04	2025-04-01	73	15	3542	30.94702872621476	0.9956860515667324	0.8263384944654383	0.6319432832826137	9.070815745120049	82.63384944654382	LP.8.1* (LP.8.1.X)	0.1312814737096357	summarized
2025-04	2025-04-01	73	15	3542	30.94702872621476	0.9956860515667324	0.8263384944654383	0.6319432832826137	9.070815745120049	82.63384944654382	KP.3* (KP.3.X)	0.0337659607816597	summarized
2025-04	2025-04-01	73	15	3542	30.94702872621476	0.9956860515667324	0.8263384944654383	0.6319432832826137	9.070815745120049	82.63384944654382	MC.19.1	0.43290138	lineage
2025-04	2025-04-01	73	15	3542	30.94702872621476	0.9956860515667324	0.8263384944654383	0.6319432832826137	9.070815745120049	82.63384944654382	XFC	0.17538459	lineage
2025-04	2025-04-01	73	15	3542	30.94702872621476	0.9956860515667324	0.8263384944654383	0.6319432832826137	9.070815745120049	82.63384944654382	LB.1.1	0.11071365	lineage
2025-04	2025-04-01	73	15	3542	30.94702872621476	0.9956860515667324	0.8263384944654383	0.6319432832826137	9.070815745120049	82.63384944654382	JN.1.16.5	0.05714251	lineage
2025-04	2025-04-01	73	15	3542	30.94702872621476	0.9956860515667324	0.8263384944654383	0.6319432832826137	9.070815745120049	82.63384944654382	NY.16	0.05128195	lineage
2025-04	2025-04-01	73	15	3542	30.94702872621476	0.9956860515667324	0.8263384944654383	0.6319432832826137	9.070815745120049	82.63384944654382	KP.3.3.2	0.03376596	lineage
2025-04	2025-04-01	73	15	3542	30.94702872621476	0.9956860515667324	0.8263384944654383	0.6319432832826137	9.070815745120049	82.63384944654382	NY.13	0.0266666	lineage
2025-04	2025-04-01	73	15	3542	30.94702872621476	0.9956860515667324	0.8263384944654383	0.6319432832826137	9.070815745120049	82.63384944654382	XFC.2	0.02666651	lineage
2025-04	2025-04-01	73	15	3542	30.94702872621476	0.9956860515667324	0.8263384944654383	0.6319432832826137	9.070815745120049	82.63384944654382	PP.1	0.02272728	lineage
2025-04	2025-04-01	73	15	3542	30.94702872621476	0.9956860515667324	0.8263384944654383	0.6319432832826137	9.070815745120049	82.63384944654382	LF.7	0.0220421	lineage
2025-04	2025-04-01	73	15	3542	30.94702872621476	0.9956860515667324	0.8263384944654383	0.6319432832826137	9.070815745120049	82.63384944654382	LP.8.1.14	0.01999998	lineage
2025-04	2025-04-01	73	15	3542	30.94702872621476	0.9956860515667324	0.8263384944654383	0.6319432832826137	9.070815745120049	82.63384944654382	LP.8.1.5	0.01060567	lineage
2025-04	2025-04-01	73	15	3542	30.94702872621476	0.9956860515667324	0.8263384944654383	0.6319432832826137	9.070815745120049	82.63384944654382	NL.11	0.01010097	lineage
2025-05	2025-05-01	74	15	6349	55.64381500183928	0.9977928635922816	0.9782964919907702	0.9211450356151556	15.155636880429604	97.829649199077	Other	0.4698071064448062	summarized
2025-05	2025-05-01	74	15	6349	55.64381500183928	0.9977928635922816	0.9782964919907702	0.9211450356151556	15.155636880429604	97.829649199077	LP.8.1* (LP.8.1.X)	0.4590634792014315	summarized
2025-05	2025-05-01	74	15	6349	55.64381500183928	0.9977928635922816	0.9782964919907702	0.9211450356151556	15.155636880429604	97.829649199077	BA.2.86* (BA.2.86.X)	0.0524366156845138	summarized
2025-05	2025-05-01	74	15	6349	55.64381500183928	0.9977928635922816	0.9782964919907702	0.9211450356151556	15.155636880429604	97.829649199077	XEC* (XEC.X)	0.018691403475541	summarized
2025-05	2025-05-01	74	15	6349	55.64381500183928	0.9977928635922816	0.9782964919907702	0.9211450356151556	15.155636880429604	97.829649199077	LP.8.1	0.2682297	lineage
2025-05	2025-05-01	74	15	6349	55.64381500183928	0.9977928635922816	0.9782964919907702	0.9211450356151556	15.155636880429604	97.829649199077	NY.19	0.21168912	lineage
2025-05	2025-05-01	74	15	6349	55.64381500183928	0.9977928635922816	0.9782964919907702	0.9211450356151556	15.155636880429604	97.829649199077	NY.3.1	0.13793095	lineage
2025-05	2025-05-01	74	15	6349	55.64381500183928	0.9977928635922816	0.9782964919907702	0.9211450356151556	15.155636880429604	97.829649199077	QR.2	0.0928852	lineage
2025-05	2025-05-01	74	15	6349	55.64381500183928	0.9977928635922816	0.9782964919907702	0.9211450356151556	15.155636880429604	97.829649199077	XGQ	0.06138947	lineage
2025-05	2025-05-01	74	15	6349	55.64381500183928	0.9977928635922816	0.9782964919907702	0.9211450356151556	15.155636880429604	97.829649199077	LR.1	0.0392148	lineage
2025-05	2025-05-01	74	15	6349	55.64381500183928	0.9977928635922816	0.9782964919907702	0.9211450356151556	15.155636880429604	97.829649199077	PQ.22	0.03703872	lineage
2025-05	2025-05-01	74	15	6349	55.64381500183928	0.9977928635922816	0.9782964919907702	0.9211450356151556	15.155636880429604	97.829649199077	LP.8.1.8	0.02752289	lineage
2025-05	2025-05-01	74	15	6349	55.64381500183928	0.9977928635922816	0.9782964919907702	0.9211450356151556	15.155636880429604	97.829649199077	NY.9	0.02537994	lineage
2025-05	2025-05-01	74	15	6349	55.64381500183928	0.9977928635922816	0.9782964919907702	0.9211450356151556	15.155636880429604	97.829649199077	XFJ.2.1	0.02500007	lineage
2025-05	2025-05-01	74	15	6349	55.64381500183928	0.9977928635922816	0.9782964919907702	0.9211450356151556	15.155636880429604	97.829649199077	XEC.4	0.0186914	lineage
2025-05	2025-05-01	74	15	6349	55.64381500183928	0.9977928635922816	0.9782964919907702	0.9211450356151556	15.155636880429604	97.829649199077	LB.1.11.1	0.01860022	lineage
2025-05	2025-05-01	74	15	6349	55.64381500183928	0.9977928635922816	0.9782964919907702	0.9211450356151556	15.155636880429604	97.829649199077	QY.3	0.01724158	lineage
2025-05	2025-05-01	74	15	6349	55.64381500183928	0.9977928635922816	0.9782964919907702	0.9211450356151556	15.155636880429604	97.829649199077	JN.1.16.3	0.01322182	lineage
2025-05	2025-05-01	74	15	6349	55.64381500183928	0.9977928635922816	0.9782964919907702	0.9211450356151556	15.155636880429604	97.829649199077	XFQ	0.00348321	lineage
2025-05	2025-05-01	74	15	6349	55.64381500183928	0.9977928635922816	0.9782964919907702	0.9211450356151556	15.155636880429604	97.829649199077	XDV	0.0024795	lineage
2025-06	2025-06-01	108	20	14053	124.81470086613383	0.9982944855031268	0.9959535832525164	0.9867571815536904	14.65629072366438	99.59535832525164	Other	0.5300162986641845	summarized
2025-06	2025-06-01	108	20	14053	124.81470086613383	0.9982944855031268	0.9959535832525164	0.9867571815536904	14.65629072366438	99.59535832525164	LP.8.1* (LP.8.1.X)	0.3049774094499109	summarized
2025-06	2025-06-01	108	20	14053	124.81470086613383	0.9982944855031268	0.9959535832525164	0.9867571815536904	14.65629072366438	99.59535832525164	BA.2.86* (BA.2.86.X)	0.0912986425254186	summarized
2025-06	2025-06-01	108	20	14053	124.81470086613383	0.9982944855031268	0.9959535832525164	0.9867571815536904	14.65629072366438	99.59535832525164	XFG* (XFG.X)	0.0459129839384304	summarized
2025-06	2025-06-01	108	20	14053	124.81470086613383	0.9982944855031268	0.9959535832525164	0.9867571815536904	14.65629072366438	99.59535832525164	Omicron	0.0202896106437191	summarized
2025-06	2025-06-01	108	20	14053	124.81470086613383	0.9982944855031268	0.9959535832525164	0.9867571815536904	14.65629072366438	99.59535832525164	XEC* (XEC.X)	0.0075027745152112	summarized
2025-06	2025-06-01	108	20	14053	124.81470086613383	0.9982944855031268	0.9959535832525164	0.9867571815536904	14.65629072366438	99.59535832525164	NY.9	0.17804265	lineage
2025-06	2025-06-01	108	20	14053	124.81470086613383	0.9982944855031268	0.9959535832525164	0.9867571815536904	14.65629072366438	99.59535832525164	XFG.10.4	0.15917005	lineage
2025-06	2025-06-01	108	20	14053	124.81470086613383	0.9982944855031268	0.9959535832525164	0.9867571815536904	14.65629072366438	99.59535832525164	XGQ	0.0978093	lineage
2025-06	2025-06-01	108	20	14053	124.81470086613383	0.9982944855031268	0.9959535832525164	0.9867571815536904	14.65629072366438	99.59535832525164	PQ.48	0.08008194	lineage
2025-06	2025-06-01	108	20	14053	124.81470086613383	0.9982944855031268	0.9959535832525164	0.9867571815536904	14.65629072366438	99.59535832525164	JN.1.13.1	0.06134976	lineage
2025-06	2025-06-01	108	20	14053	124.81470086613383	0.9982944855031268	0.9959535832525164	0.9867571815536904	14.65629072366438	99.59535832525164	LP.8.1.6	0.05423617	lineage
2025-06	2025-06-01	108	20	14053	124.81470086613383	0.9982944855031268	0.9959535832525164	0.9867571815536904	14.65629072366438	99.59535832525164	LP.8.1	0.04874854	lineage
2025-06	2025-06-01	108	20	14053	124.81470086613383	0.9982944855031268	0.9959535832525164	0.9867571815536904	14.65629072366438	99.59535832525164	XFG	0.04591298	lineage
2025-06	2025-06-01	108	20	14053	124.81470086613383	0.9982944855031268	0.9959535832525164	0.9867571815536904	14.65629072366438	99.59535832525164	LB.1.11.1	0.0343386	lineage
2025-06	2025-06-01	108	20	14053	124.81470086613383	0.9982944855031268	0.9959535832525164	0.9867571815536904	14.65629072366438	99.59535832525164	NB.1.8	0.03245082	lineage
2025-06	2025-06-01	108	20	14053	124.81470086613383	0.9982944855031268	0.9959535832525164	0.9867571815536904	14.65629072366438	99.59535832525164	JN.1.18.5	0.02994889	lineage
2025-06	2025-06-01	108	20	14053	124.81470086613383	0.9982944855031268	0.9959535832525164	0.9867571815536904	14.65629072366438	99.59535832525164	PQ.46	0.02985069	lineage
2025-06	2025-06-01	108	20	14053	124.81470086613383	0.9982944855031268	0.9959535832525164	0.9867571815536904	14.65629072366438	99.59535832525164	SE.1	0.02608696	lineage
2025-06	2025-06-01	108	20	14053	124.81470086613383	0.9982944855031268	0.9959535832525164	0.9867571815536904	14.65629072366438	99.59535832525164	NY.13	0.01785688	lineage
2025-06	2025-06-01	108	20	14053	124.81470086613383	0.9982944855031268	0.9959535832525164	0.9867571815536904	14.65629072366438	99.59535832525164	XFC	0.0154473	lineage
2025-06	2025-06-01	108	20	14053	124.81470086613383	0.9982944855031268	0.9959535832525164	0.9867571815536904	14.65629072366438	99.59535832525164	LF.7.11	0.0153844	lineage
2025-06	2025-06-01	108	20	14053	124.81470086613383	0.9982944855031268	0.9959535832525164	0.9867571815536904	14.65629072366438	99.59535832525164	PQ.32	0.01280309	lineage
2025-06	2025-06-01	108	20	14053	124.81470086613383	0.9982944855031268	0.9959535832525164	0.9867571815536904	14.65629072366438	99.59535832525164	XDV.1.5	0.01071901	lineage
2025-06	2025-06-01	108	20	14053	124.81470086613383	0.9982944855031268	0.9959535832525164	0.9867571815536904	14.65629072366438	99.59535832525164	XFG.2.6	0.0105263	lineage
2025-06	2025-06-01	108	20	14053	124.81470086613383	0.9982944855031268	0.9959535832525164	0.9867571815536904	14.65629072366438	99.59535832525164	XEC.32	0.00750277	lineage
2025-06	2025-06-01	108	20	14053	124.81470086613383	0.9982944855031268	0.9959535832525164	0.9867571815536904	14.65629072366438	99.59535832525164	PF.3	0.00680322	lineage
2025-06	2025-06-01	108	20	14053	124.81470086613383	0.9982944855031268	0.9959535832525164	0.9867571815536904	14.65629072366438	99.59535832525164	LP.8.1.9	0.00609317	lineage
2025-06	2025-06-01	108	20	14053	124.81470086613383	0.9982944855031268	0.9959535832525164	0.9867571815536904	14.65629072366438	99.59535832525164	XEW	0.00507548	lineage
2025-06	2025-06-01	108	20	14053	124.81470086613383	0.9982944855031268	0.9959535832525164	0.9867571815536904	14.65629072366438	99.59535832525164	XFC.2	0.00484231	lineage
2025-06	2025-06-01	108	20	14053	124.81470086613383	0.9982944855031268	0.9959535832525164	0.9867571815536904	14.65629072366438	99.59535832525164	XGS	0.00378828	lineage
2025-06	2025-06-01	108	20	14053	124.81470086613383	0.9982944855031268	0.9959535832525164	0.9867571815536904	14.65629072366438	99.59535832525164	PF.3.1	0.00345301	lineage
2025-06	2025-06-01	108	20	14053	124.81470086613383	0.9982944855031268	0.9959535832525164	0.9867571815536904	14.65629072366438	99.59535832525164	PQ.2.13	0.00167515	lineage
2025-07	2025-07-01	102	19	14639	130.3873858810153	0.9974250075243286	0.9965889710062537	0.9927766444838312	14.033291279311824	99.65889710062535	XFG* (XFG.X)	0.3924981362831188	summarized
2025-07	2025-07-01	102	19	14639	130.3873858810153	0.9974250075243286	0.9965889710062537	0.9927766444838312	14.033291279311824	99.65889710062535	Other	0.3832735124040433	summarized
2025-07	2025-07-01	102	19	14639	130.3873858810153	0.9974250075243286	0.9965889710062537	0.9927766444838312	14.033291279311824	99.65889710062535	NB.1.8.1* (NB.1.8.1.X)	0.0954269641862585	summarized
2025-07	2025-07-01	102	19	14639	130.3873858810153	0.9974250075243286	0.9965889710062537	0.9927766444838312	14.033291279311824	99.65889710062535	LP.8.1* (LP.8.1.X)	0.0939250082065896	summarized
2025-07	2025-07-01	102	19	14639	130.3873858810153	0.9974250075243286	0.9965889710062537	0.9927766444838312	14.033291279311824	99.65889710062535	BA.2.86* (BA.2.86.X)	0.0348757747711674	summarized
2025-07	2025-07-01	102	19	14639	130.3873858810153	0.9974250075243286	0.9965889710062537	0.9927766444838312	14.033291279311824	99.65889710062535	XFG	0.269998	lineage
2025-07	2025-07-01	102	19	14639	130.3873858810153	0.9974250075243286	0.9965889710062537	0.9927766444838312	14.033291279311824	99.65889710062535	XFG.2	0.09604515	lineage
2025-07	2025-07-01	102	19	14639	130.3873858810153	0.9974250075243286	0.9965889710062537	0.9927766444838312	14.033291279311824	99.65889710062535	XFC.3	0.08893565	lineage
2025-07	2025-07-01	102	19	14639	130.3873858810153	0.9974250075243286	0.9965889710062537	0.9927766444838312	14.033291279311824	99.65889710062535	LP.8.1.8	0.08383228	lineage
2025-07	2025-07-01	102	19	14639	130.3873858810153	0.9974250075243286	0.9965889710062537	0.9927766444838312	14.033291279311824	99.65889710062535	NY.23	0.08130075	lineage
2025-07	2025-07-01	102	19	14639	130.3873858810153	0.9974250075243286	0.9965889710062537	0.9927766444838312	14.033291279311824	99.65889710062535	PQ.7	0.06249997	lineage
2025-07	2025-07-01	102	19	14639	130.3873858810153	0.9974250075243286	0.9965889710062537	0.9927766444838312	14.033291279311824	99.65889710062535	QY.3	0.06003775	lineage
2025-07	2025-07-01	102	19	14639	130.3873858810153	0.9974250075243286	0.9965889710062537	0.9927766444838312	14.033291279311824	99.65889710062535	XGQ	0.05405936	lineage
2025-07	2025-07-01	102	19	14639	130.3873858810153	0.9974250075243286	0.9965889710062537	0.9927766444838312	14.033291279311824	99.65889710062535	QS.2	0.04455084	lineage
2025-07	2025-07-01	102	19	14639	130.3873858810153	0.9974250075243286	0.9965889710062537	0.9927766444838312	14.033291279311824	99.65889710062535	LF.7.10	0.03487577	lineage
2025-07	2025-07-01	102	19	14639	130.3873858810153	0.9974250075243286	0.9965889710062537	0.9927766444838312	14.033291279311824	99.65889710062535	PQ.2	0.032927	lineage
2025-07	2025-07-01	102	19	14639	130.3873858810153	0.9974250075243286	0.9965889710062537	0.9927766444838312	14.033291279311824	99.65889710062535	XFG.3.4.1	0.02645499	lineage
2025-07	2025-07-01	102	19	14639	130.3873858810153	0.9974250075243286	0.9965889710062537	0.9927766444838312	14.033291279311824	99.65889710062535	XGA	0.02083327	lineage
2025-07	2025-07-01	102	19	14639	130.3873858810153	0.9974250075243286	0.9965889710062537	0.9927766444838312	14.033291279311824	99.65889710062535	NB.1.8	0.01387497	lineage
2025-07	2025-07-01	102	19	14639	130.3873858810153	0.9974250075243286	0.9965889710062537	0.9927766444838312	14.033291279311824	99.65889710062535	PQ.23	0.01010095	lineage
2025-07	2025-07-01	102	19	14639	130.3873858810153	0.9974250075243286	0.9965889710062537	0.9927766444838312	14.033291279311824	99.65889710062535	NY.9	0.01009273	lineage
2025-07	2025-07-01	102	19	14639	130.3873858810153	0.9974250075243286	0.9965889710062537	0.9927766444838312	14.033291279311824	99.65889710062535	XFY	0.00957996	lineage
2025-08	2025-08-03	106	27	24465	218.5210179580644	0.9987626659532488	0.9978931879744508	0.9968565026920376	13.228360962833976	99.78931879744508	Other	0.6144680106824133	summarized
2025-08	2025-08-03	106	27	24465	218.5210179580644	0.9987626659532488	0.9978931879744508	0.9968565026920376	13.228360962833976	99.78931879744508	XFG* (XFG.X)	0.1752721299282112	summarized
2025-08	2025-08-03	106	27	24465	218.5210179580644	0.9987626659532488	0.9978931879744508	0.9968565026920376	13.228360962833976	99.78931879744508	Omicron	0.0524445605913455	summarized
2025-08	2025-08-03	106	27	24465	218.5210179580644	0.9987626659532488	0.9978931879744508	0.9968565026920376	13.228360962833976	99.78931879744508	BA.2.86* (BA.2.86.X)	0.0502289730458299	summarized
2025-08	2025-08-03	106	27	24465	218.5210179580644	0.9987626659532488	0.9978931879744508	0.9968565026920376	13.228360962833976	99.78931879744508	LP.8.1* (LP.8.1.X)	0.0449852736310864	summarized
2025-08	2025-08-03	106	27	24465	218.5210179580644	0.9987626659532488	0.9978931879744508	0.9968565026920376	13.228360962833976	99.78931879744508	NB.1.8.1* (NB.1.8.1.X)	0.0326860622223943	summarized
2025-08	2025-08-03	106	27	24465	218.5210179580644	0.9987626659532488	0.9978931879744508	0.9968565026920376	13.228360962833976	99.78931879744508	KP.3* (KP.3.X)	0.0281261268402718	summarized
2025-08	2025-08-03	106	27	24465	218.5210179580644	0.9987626659532488	0.9978931879744508	0.9968565026920376	13.228360962833976	99.78931879744508	XFG.2	0.07247027	lineage
2025-08	2025-08-03	106	27	24465	218.5210179580644	0.9987626659532488	0.9978931879744508	0.9968565026920376	13.228360962833976	99.78931879744508	XFG.3.11	0.07159138	lineage
2025-08	2025-08-03	106	27	24465	218.5210179580644	0.9987626659532488	0.9978931879744508	0.9968565026920376	13.228360962833976	99.78931879744508	XFG.4	0.0627209	lineage
2025-08	2025-08-03	106	27	24465	218.5210179580644	0.9987626659532488	0.9978931879744508	0.9968565026920376	13.228360962833976	99.78931879744508	XFC	0.04640254	lineage
2025-08	2025-08-03	106	27	24465	218.5210179580644	0.9987626659532488	0.9978931879744508	0.9968565026920376	13.228360962833976	99.78931879744508	LP.8.1.5	0.04498527	lineage
2025-08	2025-08-03	106	27	24465	218.5210179580644	0.9987626659532488	0.9978931879744508	0.9968565026920376	13.228360962833976	99.78931879744508	XFG.3.1.9	0.04271709	lineage
2025-08	2025-08-03	106	27	24465	218.5210179580644	0.9987626659532488	0.9978931879744508	0.9968565026920376	13.228360962833976	99.78931879744508	XFG.3.4.6	0.0390621	lineage
2025-08	2025-08-03	106	27	24465	218.5210179580644	0.9987626659532488	0.9978931879744508	0.9968565026920376	13.228360962833976	99.78931879744508	XFG.3.27	0.03896662	lineage
2025-08	2025-08-03	106	27	24465	218.5210179580644	0.9987626659532488	0.9978931879744508	0.9968565026920376	13.228360962833976	99.78931879744508	LF.7.1.9	0.03860189	lineage
2025-08	2025-08-03	106	27	24465	218.5210179580644	0.9987626659532488	0.9978931879744508	0.9968565026920376	13.228360962833976	99.78931879744508	XFG.4.1.4	0.03680622	lineage
2025-08	2025-08-03	106	27	24465	218.5210179580644	0.9987626659532488	0.9978931879744508	0.9968565026920376	13.228360962833976	99.78931879744508	XFG.3.4	0.03667616	lineage
2025-08	2025-08-03	106	27	24465	218.5210179580644	0.9987626659532488	0.9978931879744508	0.9968565026920376	13.228360962833976	99.78931879744508	XFG.2.5	0.03468208	lineage
2025-08	2025-08-03	106	27	24465	218.5210179580644	0.9987626659532488	0.9978931879744508	0.9968565026920376	13.228360962833976	99.78931879744508	XGT	0.03139798	lineage
2025-08	2025-08-03	106	27	24465	218.5210179580644	0.9987626659532488	0.9978931879744508	0.9968565026920376	13.228360962833976	99.78931879744508	XFG.5.1.4	0.02845469	lineage
2025-08	2025-08-03	106	27	24465	218.5210179580644	0.9987626659532488	0.9978931879744508	0.9968565026920376	13.228360962833976	99.78931879744508	XFV	0.02812712	lineage
2025-08	2025-08-03	106	27	24465	218.5210179580644	0.9987626659532488	0.9978931879744508	0.9968565026920376	13.228360962833976	99.78931879744508	KP.3.1.8	0.02698965	lineage
2025-08	2025-08-03	106	27	24465	218.5210179580644	0.9987626659532488	0.9978931879744508	0.9968565026920376	13.228360962833976	99.78931879744508	XFG.10.1	0.02291513	lineage
2025-08	2025-08-03	106	27	24465	218.5210179580644	0.9987626659532488	0.9978931879744508	0.9968565026920376	13.228360962833976	99.78931879744508	XFG.3.1.3	0.02132246	lineage
2025-08	2025-08-03	106	27	24465	218.5210179580644	0.9987626659532488	0.9978931879744508	0.9968565026920376	13.228360962833976	99.78931879744508	XFG.4.1.6	0.01994136	lineage
2025-08	2025-08-03	106	27	24465	218.5210179580644	0.9987626659532488	0.9978931879744508	0.9968565026920376	13.228360962833976	99.78931879744508	XFG.10.4	0.01773432	lineage
2025-08	2025-08-03	106	27	24465	218.5210179580644	0.9987626659532488	0.9978931879744508	0.9968565026920376	13.228360962833976	99.78931879744508	QF.2.2	0.0167585	lineage
2025-08	2025-08-03	106	27	24465	218.5210179580644	0.9987626659532488	0.9978931879744508	0.9968565026920376	13.228360962833976	99.78931879744508	XFG.5.3	0.01658395	lineage
2025-08	2025-08-03	106	27	24465	218.5210179580644	0.9987626659532488	0.9978931879744508	0.9968565026920376	13.228360962833976	99.78931879744508	XFG.2.13	0.0150755	lineage
2025-08	2025-08-03	106	27	24465	218.5210179580644	0.9987626659532488	0.9978931879744508	0.9968565026920376	13.228360962833976	99.78931879744508	XFS	0.01487341	lineage
2025-08	2025-08-03	106	27	24465	218.5210179580644	0.9987626659532488	0.9978931879744508	0.9968565026920376	13.228360962833976	99.78931879744508	PQ.1.1	0.01434083	lineage
2025-08	2025-08-03	106	27	24465	218.5210179580644	0.9987626659532488	0.9978931879744508	0.9968565026920376	13.228360962833976	99.78931879744508	PQ.48	0.01324084	lineage
2025-08	2025-08-03	106	27	24465	218.5210179580644	0.9987626659532488	0.9978931879744508	0.9968565026920376	13.228360962833976	99.78931879744508	LF.7.9.1	0.01162708	lineage
2025-08	2025-08-03	106	27	24465	218.5210179580644	0.9987626659532488	0.9978931879744508	0.9968565026920376	13.228360962833976	99.78931879744508	NY.13.2	0.01105752	lineage
2025-08	2025-08-03	106	27	24465	218.5210179580644	0.9987626659532488	0.9978931879744508	0.9968565026920376	13.228360962833976	99.78931879744508	PQ.2.7	0.01098901	lineage
2025-08	2025-08-03	106	27	24465	218.5210179580644	0.9987626659532488	0.9978931879744508	0.9968565026920376	13.228360962833976	99.78931879744508	XFG.3.4.2	0.01075259	lineage
2025-08	2025-08-03	106	27	24465	218.5210179580644	0.9987626659532488	0.9978931879744508	0.9968565026920376	13.228360962833976	99.78931879744508	XFG.3.33	0.00921672	lineage
2025-08	2025-08-03	106	27	24465	218.5210179580644	0.9987626659532488	0.9978931879744508	0.9968565026920376	13.228360962833976	99.78931879744508	XFG.3.4.5	0.00904159	lineage
2025-08	2025-08-03	106	27	24465	218.5210179580644	0.9987626659532488	0.9978931879744508	0.9968565026920376	13.228360962833976	99.78931879744508	PQ.9	0.00826313	lineage
2025-08	2025-08-03	106	27	24465	218.5210179580644	0.9987626659532488	0.9978931879744508	0.9968565026920376	13.228360962833976	99.78931879744508	PQ.16	0.00799992	lineage
2025-08	2025-08-03	106	27	24465	218.5210179580644	0.9987626659532488	0.9978931879744508	0.9968565026920376	13.228360962833976	99.78931879744508	XFG.3.4.7	0.00748565	lineage
2025-08	2025-08-03	106	27	24465	218.5210179580644	0.9987626659532488	0.9978931879744508	0.9968565026920376	13.228360962833976	99.78931879744508	PQ.39	0.00727295	lineage
2025-08	2025-08-03	106	27	24465	218.5210179580644	0.9987626659532488	0.9978931879744508	0.9968565026920376	13.228360962833976	99.78931879744508	XFC.2	0.00604202	lineage
2025-08	2025-08-03	106	27	24465	218.5210179580644	0.9987626659532488	0.9978931879744508	0.9968565026920376	13.228360962833976	99.78931879744508	XFU	0.00529582	lineage
2025-08	2025-08-03	106	27	24465	218.5210179580644	0.9987626659532488	0.9978931879744508	0.9968565026920376	13.228360962833976	99.78931879744508	XFJ.2.1	0.00521326	lineage
2025-08	2025-08-03	106	27	24465	218.5210179580644	0.9987626659532488	0.9978931879744508	0.9968565026920376	13.228360962833976	99.78931879744508	XFG.2.6	0.00512854	lineage
2025-08	2025-08-03	106	27	24465	218.5210179580644	0.9987626659532488	0.9978931879744508	0.9968565026920376	13.228360962833976	99.78931879744508	NB.1.8	0.00476154	lineage
2025-08	2025-08-03	106	27	24465	218.5210179580644	0.9987626659532488	0.9978931879744508	0.9968565026920376	13.228360962833976	99.78931879744508	PF.3	0.00432182	lineage
2025-08	2025-08-03	106	27	24465	218.5210179580644	0.9987626659532488	0.9978931879744508	0.9968565026920376	13.228360962833976	99.78931879744508	SC.1	0.00375939	lineage
2025-08	2025-08-03	106	27	24465	218.5210179580644	0.9987626659532488	0.9978931879744508	0.9968565026920376	13.228360962833976	99.78931879744508	XGE	0.00364922	lineage
2025-08	2025-08-03	106	27	24465	218.5210179580644	0.9987626659532488	0.9978931879744508	0.9968565026920376	13.228360962833976	99.78931879744508	XFG.3.4.1	0.00340479	lineage
2025-08	2025-08-03	106	27	24465	218.5210179580644	0.9987626659532488	0.9978931879744508	0.9968565026920376	13.228360962833976	99.78931879744508	XFC.3.3	0.00224622	lineage
2025-08	2025-08-03	106	27	24465	218.5210179580644	0.9987626659532488	0.9978931879744508	0.9968565026920376	13.228360962833976	99.78931879744508	PQ.2	0.00208217	lineage
2025-08	2025-08-03	106	27	24465	218.5210179580644	0.9987626659532488	0.9978931879744508	0.9968565026920376	13.228360962833976	99.78931879744508	XFG.3.4.8	0.00206181	lineage
2025-08	2025-08-03	106	27	24465	218.5210179580644	0.9987626659532488	0.9978931879744508	0.9968565026920376	13.228360962833976	99.78931879744508	PQ.17.2	0.0019636	lineage
2025-08	2025-08-03	106	27	24465	218.5210179580644	0.9987626659532488	0.9978931879744508	0.9968565026920376	13.228360962833976	99.78931879744508	NP.2	0.00113648	lineage
2025-09	2025-09-01	140	28	39042	345.6752165334582	0.9988964317961408	0.9982276025816808	0.9979600708958968	12.486843851981902	99.82276025816807	Other	0.7487117787657817	summarized
2025-09	2025-09-01	140	28	39042	345.6752165334582	0.9988964317961408	0.9982276025816808	0.9979600708958968	12.486843851981902	99.82276025816807	XFG* (XFG.X)	0.1956651204227175	summarized
2025-09	2025-09-01	140	28	39042	345.6752165334582	0.9988964317961408	0.9982276025816808	0.9979600708958968	12.486843851981902	99.82276025816807	LP.8.1* (LP.8.1.X)	0.0210674270617624	summarized
2025-09	2025-09-01	140	28	39042	345.6752165334582	0.9988964317961408	0.9982276025816808	0.9979600708958968	12.486843851981902	99.82276025816807	BA.2.86* (BA.2.86.X)	0.0191426855884942	summarized
2025-09	2025-09-01	140	28	39042	345.6752165334582	0.9988964317961408	0.9982276025816808	0.9979600708958968	12.486843851981902	99.82276025816807	Omicron	0.0152212758977244	summarized
2025-09	2025-09-01	140	28	39042	345.6752165334582	0.9988964317961408	0.9982276025816808	0.9979600708958968	12.486843851981902	99.82276025816807	XFG.2	0.13571081	lineage
2025-09	2025-09-01	140	28	39042	345.6752165334582	0.9988964317961408	0.9982276025816808	0.9979600708958968	12.486843851981902	99.82276025816807	XFG.3.27	0.11632465	lineage
2025-09	2025-09-01	140	28	39042	345.6752165334582	0.9988964317961408	0.9982276025816808	0.9979600708958968	12.486843851981902	99.82276025816807	XFG.22	0.08018209	lineage
2025-09	2025-09-01	140	28	39042	345.6752165334582	0.9988964317961408	0.9982276025816808	0.9979600708958968	12.486843851981902	99.82276025816807	XFG.3.15	0.07726093	lineage
2025-09	2025-09-01	140	28	39042	345.6752165334582	0.9988964317961408	0.9982276025816808	0.9979600708958968	12.486843851981902	99.82276025816807	XFG.30	0.04595222	lineage
2025-09	2025-09-01	140	28	39042	345.6752165334582	0.9988964317961408	0.9982276025816808	0.9979600708958968	12.486843851981902	99.82276025816807	XFG.3.4	0.03531605	lineage
2025-09	2025-09-01	140	28	39042	345.6752165334582	0.9988964317961408	0.9982276025816808	0.9979600708958968	12.486843851981902	99.82276025816807	XFG.3.4.6	0.03481107	lineage
2025-09	2025-09-01	140	28	39042	345.6752165334582	0.9988964317961408	0.9982276025816808	0.9979600708958968	12.486843851981902	99.82276025816807	XFG.26.1	0.02830177	lineage
2025-09	2025-09-01	140	28	39042	345.6752165334582	0.9988964317961408	0.9982276025816808	0.9979600708958968	12.486843851981902	99.82276025816807	XGQ	0.020523	lineage
2025-09	2025-09-01	140	28	39042	345.6752165334582	0.9988964317961408	0.9982276025816808	0.9979600708958968	12.486843851981902	99.82276025816807	QK.2	0.01809964	lineage
2025-09	2025-09-01	140	28	39042	345.6752165334582	0.9988964317961408	0.9982276025816808	0.9979600708958968	12.486843851981902	99.82276025816807	XFG.3.3	0.01805729	lineage
2025-09	2025-09-01	140	28	39042	345.6752165334582	0.9988964317961408	0.9982276025816808	0.9979600708958968	12.486843851981902	99.82276025816807	XFZ	0.01764666	lineage
2025-09	2025-09-01	140	28	39042	345.6752165334582	0.9988964317961408	0.9982276025816808	0.9979600708958968	12.486843851981902	99.82276025816807	XFG.14.1.10	0.01566422	lineage
2025-09	2025-09-01	140	28	39042	345.6752165334582	0.9988964317961408	0.9982276025816808	0.9979600708958968	12.486843851981902	99.82276025816807	XFG.10.4	0.01547297	lineage
2025-09	2025-09-01	140	28	39042	345.6752165334582	0.9988964317961408	0.9982276025816808	0.9979600708958968	12.486843851981902	99.82276025816807	XFG.5.2.1	0.01408357	lineage
2025-09	2025-09-01	140	28	39042	345.6752165334582	0.9988964317961408	0.9982276025816808	0.9979600708958968	12.486843851981902	99.82276025816807	XFG.14.1.7	0.01374736	lineage
2025-09	2025-09-01	140	28	39042	345.6752165334582	0.9988964317961408	0.9982276025816808	0.9979600708958968	12.486843851981902	99.82276025816807	PQ.48	0.01352568	lineage
2025-09	2025-09-01	140	28	39042	345.6752165334582	0.9988964317961408	0.9982276025816808	0.9979600708958968	12.486843851981902	99.82276025816807	XFG.5.1.3	0.013197	lineage
2025-09	2025-09-01	140	28	39042	345.6752165334582	0.9988964317961408	0.9982276025816808	0.9979600708958968	12.486843851981902	99.82276025816807	XFG.31	0.01271219	lineage
2025-09	2025-09-01	140	28	39042	345.6752165334582	0.9988964317961408	0.9982276025816808	0.9979600708958968	12.486843851981902	99.82276025816807	NW.1	0.01117338	lineage
2025-09	2025-09-01	140	28	39042	345.6752165334582	0.9988964317961408	0.9982276025816808	0.9979600708958968	12.486843851981902	99.82276025816807	XFG.23.1.1	0.0109021	lineage
2025-09	2025-09-01	140	28	39042	345.6752165334582	0.9988964317961408	0.9982276025816808	0.9979600708958968	12.486843851981902	99.82276025816807	PQ.50	0.01080735	lineage
2025-09	2025-09-01	140	28	39042	345.6752165334582	0.9988964317961408	0.9982276025816808	0.9979600708958968	12.486843851981902	99.82276025816807	PQ.39	0.01067295	lineage
2025-09	2025-09-01	140	28	39042	345.6752165334582	0.9988964317961408	0.9982276025816808	0.9979600708958968	12.486843851981902	99.82276025816807	NF.1	0.01059504	lineage
2025-09	2025-09-01	140	28	39042	345.6752165334582	0.9988964317961408	0.9982276025816808	0.9979600708958968	12.486843851981902	99.82276025816807	QF.2	0.01055276	lineage
2025-09	2025-09-01	140	28	39042	345.6752165334582	0.9988964317961408	0.9982276025816808	0.9979600708958968	12.486843851981902	99.82276025816807	XFG.3.17	0.00999891	lineage
2025-09	2025-09-01	140	28	39042	345.6752165334582	0.9988964317961408	0.9982276025816808	0.9979600708958968	12.486843851981902	99.82276025816807	NY.9	0.00989405	lineage
2025-09	2025-09-01	140	28	39042	345.6752165334582	0.9988964317961408	0.9982276025816808	0.9979600708958968	12.486843851981902	99.82276025816807	RC.9	0.00974122	lineage
2025-09	2025-09-01	140	28	39042	345.6752165334582	0.9988964317961408	0.9982276025816808	0.9979600708958968	12.486843851981902	99.82276025816807	XFG.2.2	0.00966001	lineage
2025-09	2025-09-01	140	28	39042	345.6752165334582	0.9988964317961408	0.9982276025816808	0.9979600708958968	12.486843851981902	99.82276025816807	XFG.4.1.4	0.00921363	lineage
2025-09	2025-09-01	140	28	39042	345.6752165334582	0.9988964317961408	0.9982276025816808	0.9979600708958968	12.486843851981902	99.82276025816807	XFC	0.00897168	lineage
2025-09	2025-09-01	140	28	39042	345.6752165334582	0.9988964317961408	0.9982276025816808	0.9979600708958968	12.486843851981902	99.82276025816807	XFG.9.4	0.00869544	lineage
2025-09	2025-09-01	140	28	39042	345.6752165334582	0.9988964317961408	0.9982276025816808	0.9979600708958968	12.486843851981902	99.82276025816807	XFG.21	0.00858366	lineage
2025-09	2025-09-01	140	28	39042	345.6752165334582	0.9988964317961408	0.9982276025816808	0.9979600708958968	12.486843851981902	99.82276025816807	XFG.4.1.6	0.00850273	lineage
2025-09	2025-09-01	140	28	39042	345.6752165334582	0.9988964317961408	0.9982276025816808	0.9979600708958968	12.486843851981902	99.82276025816807	RN.1	0.00831545	lineage
2025-09	2025-09-01	140	28	39042	345.6752165334582	0.9988964317961408	0.9982276025816808	0.9979600708958968	12.486843851981902	99.82276025816807	PQ.2.7	0.00726719	lineage
2025-09	2025-09-01	140	28	39042	345.6752165334582	0.9988964317961408	0.9982276025816808	0.9979600708958968	12.486843851981902	99.82276025816807	XFG.2.9	0.00707551	lineage
2025-09	2025-09-01	140	28	39042	345.6752165334582	0.9988964317961408	0.9982276025816808	0.9979600708958968	12.486843851981902	99.82276025816807	XFG.3.4.5	0.00693499	lineage
2025-09	2025-09-01	140	28	39042	345.6752165334582	0.9988964317961408	0.9982276025816808	0.9979600708958968	12.486843851981902	99.82276025816807	PQ.26	0.0066221	lineage
2025-09	2025-09-01	140	28	39042	345.6752165334582	0.9988964317961408	0.9982276025816808	0.9979600708958968	12.486843851981902	99.82276025816807	XFG.14.2	0.00633342	lineage
2025-09	2025-09-01	140	28	39042	345.6752165334582	0.9988964317961408	0.9982276025816808	0.9979600708958968	12.486843851981902	99.82276025816807	XFG.3.4.7	0.00630716	lineage
2025-09	2025-09-01	140	28	39042	345.6752165334582	0.9988964317961408	0.9982276025816808	0.9979600708958968	12.486843851981902	99.82276025816807	KP.6	0.00613285	lineage
2025-09	2025-09-01	140	28	39042	345.6752165334582	0.9988964317961408	0.9982276025816808	0.9979600708958968	12.486843851981902	99.82276025816807	QF.5	0.00597073	lineage
2025-09	2025-09-01	140	28	39042	345.6752165334582	0.9988964317961408	0.9982276025816808	0.9979600708958968	12.486843851981902	99.82276025816807	XFG.14.1.4	0.00543172	lineage
2025-09	2025-09-01	140	28	39042	345.6752165334582	0.9988964317961408	0.9982276025816808	0.9979600708958968	12.486843851981902	99.82276025816807	XFG.10	0.00506273	lineage
2025-09	2025-09-01	140	28	39042	345.6752165334582	0.9988964317961408	0.9982276025816808	0.9979600708958968	12.486843851981902	99.82276025816807	XFY	0.00505028	lineage
2025-09	2025-09-01	140	28	39042	345.6752165334582	0.9988964317961408	0.9982276025816808	0.9979600708958968	12.486843851981902	99.82276025816807	XFG.1.1.11	0.00454531	lineage
2025-09	2025-09-01	140	28	39042	345.6752165334582	0.9988964317961408	0.9982276025816808	0.9979600708958968	12.486843851981902	99.82276025816807	XFG.10.2	0.00446432	lineage
2025-09	2025-09-01	140	28	39042	345.6752165334582	0.9988964317961408	0.9982276025816808	0.9979600708958968	12.486843851981902	99.82276025816807	XFC.1.1	0.00437376	lineage
2025-09	2025-09-01	140	28	39042	345.6752165334582	0.9988964317961408	0.9982276025816808	0.9979600708958968	12.486843851981902	99.82276025816807	XFG.3.7.1	0.00424299	lineage
2025-09	2025-09-01	140	28	39042	345.6752165334582	0.9988964317961408	0.9982276025816808	0.9979600708958968	12.486843851981902	99.82276025816807	XFG.3.8	0.00366292	lineage
2025-09	2025-09-01	140	28	39042	345.6752165334582	0.9988964317961408	0.9982276025816808	0.9979600708958968	12.486843851981902	99.82276025816807	XFG.23	0.00348256	lineage
2025-09	2025-09-01	140	28	39042	345.6752165334582	0.9988964317961408	0.9982276025816808	0.9979600708958968	12.486843851981902	99.82276025816807	XFG.2.8	0.00343524	lineage
2025-09	2025-09-01	140	28	39042	345.6752165334582	0.9988964317961408	0.9982276025816808	0.9979600708958968	12.486843851981902	99.82276025816807	PQ.2.1.16	0.00337043	lineage
2025-09	2025-09-01	140	28	39042	345.6752165334582	0.9988964317961408	0.9982276025816808	0.9979600708958968	12.486843851981902	99.82276025816807	XFC.3	0.00269181	lineage
2025-09	2025-09-01	140	28	39042	345.6752165334582	0.9988964317961408	0.9982276025816808	0.9979600708958968	12.486843851981902	99.82276025816807	JN.1.51.1	0.00241479	lineage
2025-09	2025-09-01	140	28	39042	345.6752165334582	0.9988964317961408	0.9982276025816808	0.9979600708958968	12.486843851981902	99.82276025816807	PQ.2.2	0.00215052	lineage
2025-09	2025-09-01	140	28	39042	345.6752165334582	0.9988964317961408	0.9982276025816808	0.9979600708958968	12.486843851981902	99.82276025816807	XFG.17	0.00205749	lineage
2025-09	2025-09-01	140	28	39042	345.6752165334582	0.9988964317961408	0.9982276025816808	0.9979600708958968	12.486843851981902	99.82276025816807	XFG.3.10	0.0020355	lineage
2025-09	2025-09-01	140	28	39042	345.6752165334582	0.9988964317961408	0.9982276025816808	0.9979600708958968	12.486843851981902	99.82276025816807	XFC.1.1.1	0.00187584	lineage
2025-09	2025-09-01	140	28	39042	345.6752165334582	0.9988964317961408	0.9982276025816808	0.9979600708958968	12.486843851981902	99.82276025816807	XFG.1	0.00151824	lineage
2025-09	2025-09-01	140	28	39042	345.6752165334582	0.9988964317961408	0.9982276025816808	0.9979600708958968	12.486843851981902	99.82276025816807	XFG.22.3	0.00135095	lineage
2025-09	2025-09-01	140	28	39042	345.6752165334582	0.9988964317961408	0.9982276025816808	0.9979600708958968	12.486843851981902	99.82276025816807	QR.2	0.00107743	lineage
2025-10	2025-10-01	136	28	15467	136.44089221817208	0.9983613684245728	0.9972912416814368	0.9952513125773332	13.336389601997237	99.72912416814368	Other	0.6286914339581947	summarized
2025-10	2025-10-01	136	28	15467	136.44089221817208	0.9983613684245728	0.9972912416814368	0.9952513125773332	13.336389601997237	99.72912416814368	XFG* (XFG.X)	0.2973398375817477	summarized
2025-10	2025-10-01	136	28	15467	136.44089221817208	0.9983613684245728	0.9972912416814368	0.9952513125773332	13.336389601997237	99.72912416814368	Omicron	0.0263937787578923	summarized
2025-10	2025-10-01	136	28	15467	136.44089221817208	0.9983613684245728	0.9972912416814368	0.9952513125773332	13.336389601997237	99.72912416814368	LP.8.1* (LP.8.1.X)	0.0252926937202818	summarized
2025-10	2025-10-01	136	28	15467	136.44089221817208	0.9983613684245728	0.9972912416814368	0.9952513125773332	13.336389601997237	99.72912416814368	NB.1.8.1* (NB.1.8.1.X)	0.0222769146433673	summarized
2025-10	2025-10-01	136	28	15467	136.44089221817208	0.9983613684245728	0.9972912416814368	0.9952513125773332	13.336389601997237	99.72912416814368	XFG.3.4	0.1997254	lineage
2025-10	2025-10-01	136	28	15467	136.44089221817208	0.9983613684245728	0.9972912416814368	0.9952513125773332	13.336389601997237	99.72912416814368	XFG.4	0.07836429	lineage
2025-10	2025-10-01	136	28	15467	136.44089221817208	0.9983613684245728	0.9972912416814368	0.9952513125773332	13.336389601997237	99.72912416814368	XFG.22	0.07692315	lineage
2025-10	2025-10-01	136	28	15467	136.44089221817208	0.9983613684245728	0.9972912416814368	0.9952513125773332	13.336389601997237	99.72912416814368	XFG.2.6	0.04177526	lineage
2025-10	2025-10-01	136	28	15467	136.44089221817208	0.9983613684245728	0.9972912416814368	0.9952513125773332	13.336389601997237	99.72912416814368	XFG.23.1	0.04040368	lineage
2025-10	2025-10-01	136	28	15467	136.44089221817208	0.9983613684245728	0.9972912416814368	0.9952513125773332	13.336389601997237	99.72912416814368	XFG.9.1	0.0382595	lineage
2025-10	2025-10-01	136	28	15467	136.44089221817208	0.9983613684245728	0.9972912416814368	0.9952513125773332	13.336389601997237	99.72912416814368	QY.2	0.03791442	lineage
2025-10	2025-10-01	136	28	15467	136.44089221817208	0.9983613684245728	0.9972912416814368	0.9952513125773332	13.336389601997237	99.72912416814368	XFY	0.03669671	lineage
2025-10	2025-10-01	136	28	15467	136.44089221817208	0.9983613684245728	0.9972912416814368	0.9952513125773332	13.336389601997237	99.72912416814368	XFG.6.2.1	0.03252024	lineage
2025-10	2025-10-01	136	28	15467	136.44089221817208	0.9983613684245728	0.9972912416814368	0.9952513125773332	13.336389601997237	99.72912416814368	XFG.3.11	0.02995252	lineage
2025-10	2025-10-01	136	28	15467	136.44089221817208	0.9983613684245728	0.9972912416814368	0.9952513125773332	13.336389601997237	99.72912416814368	QT.3	0.02777785	lineage
2025-10	2025-10-01	136	28	15467	136.44089221817208	0.9983613684245728	0.9972912416814368	0.9952513125773332	13.336389601997237	99.72912416814368	XGE	0.02669343	lineage
2025-10	2025-10-01	136	28	15467	136.44089221817208	0.9983613684245728	0.9972912416814368	0.9952513125773332	13.336389601997237	99.72912416814368	XFG.9.5	0.02666678	lineage
2025-10	2025-10-01	136	28	15467	136.44089221817208	0.9983613684245728	0.9972912416814368	0.9952513125773332	13.336389601997237	99.72912416814368	XER	0.02639378	lineage
2025-10	2025-10-01	136	28	15467	136.44089221817208	0.9983613684245728	0.9972912416814368	0.9952513125773332	13.336389601997237	99.72912416814368	PQ.17	0.02227691	lineage
2025-10	2025-10-01	136	28	15467	136.44089221817208	0.9983613684245728	0.9972912416814368	0.9952513125773332	13.336389601997237	99.72912416814368	XFG.14.1	0.02149934	lineage
2025-10	2025-10-01	136	28	15467	136.44089221817208	0.9983613684245728	0.9972912416814368	0.9952513125773332	13.336389601997237	99.72912416814368	XFG.3.4.1	0.01925014	lineage
2025-10	2025-10-01	136	28	15467	136.44089221817208	0.9983613684245728	0.9972912416814368	0.9952513125773332	13.336389601997237	99.72912416814368	XFG.1.1.10	0.01863355	lineage
2025-10	2025-10-01	136	28	15467	136.44089221817208	0.9983613684245728	0.9972912416814368	0.9952513125773332	13.336389601997237	99.72912416814368	XFG.23	0.01784838	lineage
2025-10	2025-10-01	136	28	15467	136.44089221817208	0.9983613684245728	0.9972912416814368	0.9952513125773332	13.336389601997237	99.72912416814368	PQ.2.1.9	0.01562483	lineage
2025-10	2025-10-01	136	28	15467	136.44089221817208	0.9983613684245728	0.9972912416814368	0.9952513125773332	13.336389601997237	99.72912416814368	XFZ	0.01295312	lineage
2025-10	2025-10-01	136	28	15467	136.44089221817208	0.9983613684245728	0.9972912416814368	0.9952513125773332	13.336389601997237	99.72912416814368	PF.2.4	0.01249998	lineage
2025-10	2025-10-01	136	28	15467	136.44089221817208	0.9983613684245728	0.9972912416814368	0.9952513125773332	13.336389601997237	99.72912416814368	QS.2	0.01204819	lineage
2025-10	2025-10-01	136	28	15467	136.44089221817208	0.9983613684245728	0.9972912416814368	0.9952513125773332	13.336389601997237	99.72912416814368	PQ.49	0.01149261	lineage
2025-10	2025-10-01	136	28	15467	136.44089221817208	0.9983613684245728	0.9972912416814368	0.9952513125773332	13.336389601997237	99.72912416814368	XFG.3.14	0.01123593	lineage
2025-10	2025-10-01	136	28	15467	136.44089221817208	0.9983613684245728	0.9972912416814368	0.9952513125773332	13.336389601997237	99.72912416814368	XFG.9.6	0.01113682	lineage
2025-10	2025-10-01	136	28	15467	136.44089221817208	0.9983613684245728	0.9972912416814368	0.9952513125773332	13.336389601997237	99.72912416814368	XFG.1.1	0.01017293	lineage
2025-10	2025-10-01	136	28	15467	136.44089221817208	0.9983613684245728	0.9972912416814368	0.9952513125773332	13.336389601997237	99.72912416814368	NY.13.3	0.00917432	lineage
2025-10	2025-10-01	136	28	15467	136.44089221817208	0.9983613684245728	0.9972912416814368	0.9952513125773332	13.336389601997237	99.72912416814368	XFG.1.1.1	0.00892853	lineage
2025-10	2025-10-01	136	28	15467	136.44089221817208	0.9983613684245728	0.9972912416814368	0.9952513125773332	13.336389601997237	99.72912416814368	XFG.3.1.9	0.00757525	lineage
2025-10	2025-10-01	136	28	15467	136.44089221817208	0.9983613684245728	0.9972912416814368	0.9952513125773332	13.336389601997237	99.72912416814368	XDR	0.00731054	lineage
2025-10	2025-10-01	136	28	15467	136.44089221817208	0.9983613684245728	0.9972912416814368	0.9952513125773332	13.336389601997237	99.72912416814368	XFG.6.8	0.00724639	lineage
2025-10	2025-10-01	136	28	15467	136.44089221817208	0.9983613684245728	0.9972912416814368	0.9952513125773332	13.336389601997237	99.72912416814368	XFG.2.5	0.00683574	lineage
2025-10	2025-10-01	136	28	15467	136.44089221817208	0.9983613684245728	0.9972912416814368	0.9952513125773332	13.336389601997237	99.72912416814368	PQ.46	0.00616005	lineage
2025-10	2025-10-01	136	28	15467	136.44089221817208	0.9983613684245728	0.9972912416814368	0.9952513125773332	13.336389601997237	99.72912416814368	XDK.4	0.00609982	lineage
2025-10	2025-10-01	136	28	15467	136.44089221817208	0.9983613684245728	0.9972912416814368	0.9952513125773332	13.336389601997237	99.72912416814368	NY.7.2	0.00520833	lineage
2025-10	2025-10-01	136	28	15467	136.44089221817208	0.9983613684245728	0.9972912416814368	0.9952513125773332	13.336389601997237	99.72912416814368	PF.2	0.00427775	lineage
2025-10	2025-10-01	136	28	15467	136.44089221817208	0.9983613684245728	0.9972912416814368	0.9952513125773332	13.336389601997237	99.72912416814368	PF.3	0.00350867	lineage
2025-10	2025-10-01	136	28	15467	136.44089221817208	0.9983613684245728	0.9972912416814368	0.9952513125773332	13.336389601997237	99.72912416814368	NY.10	0.00330663	lineage
2025-10	2025-10-01	136	28	15467	136.44089221817208	0.9983613684245728	0.9972912416814368	0.9952513125773332	13.336389601997237	99.72912416814368	XFG.10.4	0.00326679	lineage
2025-10	2025-10-01	136	28	15467	136.44089221817208	0.9983613684245728	0.9972912416814368	0.9952513125773332	13.336389601997237	99.72912416814368	RN.2	0.00288162	lineage
2025-10	2025-10-01	136	28	15467	136.44089221817208	0.9983613684245728	0.9972912416814368	0.9952513125773332	13.336389601997237	99.72912416814368	QF.7.1	0.00147446	lineage
2025-11	2025-11-02	125	27	10012	88.96448516871217	0.9983613684245728	0.9959870247132396	0.9874928936895964	13.30648426527726	99.59870247132396	Other	0.7860408635295177	summarized
2025-11	2025-11-02	125	27	10012	88.96448516871217	0.9983613684245728	0.9959870247132396	0.9874928936895964	13.30648426527726	99.59870247132396	XFG* (XFG.X)	0.1702289587443265	summarized
2025-11	2025-11-02	125	27	10012	88.96448516871217	0.9983613684245728	0.9959870247132396	0.9874928936895964	13.30648426527726	99.59870247132396	Omicron	0.0274190455593339	summarized
2025-11	2025-11-02	125	27	10012	88.96448516871217	0.9983613684245728	0.9959870247132396	0.9874928936895964	13.30648426527726	99.59870247132396	BA.2.86* (BA.2.86.X)	0.0161974743566315	summarized
2025-11	2025-11-02	125	27	10012	88.96448516871217	0.9983613684245728	0.9959870247132396	0.9874928936895964	13.30648426527726	99.59870247132396	XFG.3.4.2	0.13636399	lineage
2025-11	2025-11-02	125	27	10012	88.96448516871217	0.9983613684245728	0.9959870247132396	0.9874928936895964	13.30648426527726	99.59870247132396	XFG.14	0.08100354	lineage
2025-11	2025-11-02	125	27	10012	88.96448516871217	0.9983613684245728	0.9959870247132396	0.9874928936895964	13.30648426527726	99.59870247132396	XFG	0.07465571	lineage
2025-11	2025-11-02	125	27	10012	88.96448516871217	0.9983613684245728	0.9959870247132396	0.9874928936895964	13.30648426527726	99.59870247132396	XFG.3.15	0.053919	lineage
2025-11	2025-11-02	125	27	10012	88.96448516871217	0.9983613684245728	0.9959870247132396	0.9874928936895964	13.30648426527726	99.59870247132396	XFV	0.04918024	lineage
2025-11	2025-11-02	125	27	10012	88.96448516871217	0.9983613684245728	0.9959870247132396	0.9874928936895964	13.30648426527726	99.59870247132396	XFG.5.1.3	0.04589912	lineage
2025-11	2025-11-02	125	27	10012	88.96448516871217	0.9983613684245728	0.9959870247132396	0.9874928936895964	13.30648426527726	99.59870247132396	XFG.6.2	0.04273477	lineage
2025-11	2025-11-02	125	27	10012	88.96448516871217	0.9983613684245728	0.9959870247132396	0.9874928936895964	13.30648426527726	99.59870247132396	XFY.3	0.03875961	lineage
2025-11	2025-11-02	125	27	10012	88.96448516871217	0.9983613684245728	0.9959870247132396	0.9874928936895964	13.30648426527726	99.59870247132396	XFG.3.7.1	0.0367647	lineage
2025-11	2025-11-02	125	27	10012	88.96448516871217	0.9983613684245728	0.9959870247132396	0.9874928936895964	13.30648426527726	99.59870247132396	PQ.14.3	0.03660165	lineage
2025-11	2025-11-02	125	27	10012	88.96448516871217	0.9983613684245728	0.9959870247132396	0.9874928936895964	13.30648426527726	99.59870247132396	XFG.14.1.3	0.03558351	lineage
2025-11	2025-11-02	125	27	10012	88.96448516871217	0.9983613684245728	0.9959870247132396	0.9874928936895964	13.30648426527726	99.59870247132396	PQ.41	0.0282486	lineage
2025-11	2025-11-02	125	27	10012	88.96448516871217	0.9983613684245728	0.9959870247132396	0.9874928936895964	13.30648426527726	99.59870247132396	XFC	0.02741905	lineage
2025-11	2025-11-02	125	27	10012	88.96448516871217	0.9983613684245728	0.9959870247132396	0.9874928936895964	13.30648426527726	99.59870247132396	QF.4	0.02614363	lineage
2025-11	2025-11-02	125	27	10012	88.96448516871217	0.9983613684245728	0.9959870247132396	0.9874928936895964	13.30648426527726	99.59870247132396	XFG.14.1.4	0.02564096	lineage
2025-11	2025-11-02	125	27	10012	88.96448516871217	0.9983613684245728	0.9959870247132396	0.9874928936895964	13.30648426527726	99.59870247132396	XFG.18	0.02298856	lineage
2025-11	2025-11-02	125	27	10012	88.96448516871217	0.9983613684245728	0.9959870247132396	0.9874928936895964	13.30648426527726	99.59870247132396	RN.2	0.02292258	lineage
2025-11	2025-11-02	125	27	10012	88.96448516871217	0.9983613684245728	0.9959870247132396	0.9874928936895964	13.30648426527726	99.59870247132396	XGA	0.0200415	lineage
2025-11	2025-11-02	125	27	10012	88.96448516871217	0.9983613684245728	0.9959870247132396	0.9874928936895964	13.30648426527726	99.59870247132396	XFG.23.1	0.01709393	lineage
2025-11	2025-11-02	125	27	10012	88.96448516871217	0.9983613684245728	0.9959870247132396	0.9874928936895964	13.30648426527726	99.59870247132396	RP.2	0.01612899	lineage
2025-11	2025-11-02	125	27	10012	88.96448516871217	0.9983613684245728	0.9959870247132396	0.9874928936895964	13.30648426527726	99.59870247132396	XFG.3.33	0.01587291	lineage
2025-11	2025-11-02	125	27	10012	88.96448516871217	0.9983613684245728	0.9959870247132396	0.9874928936895964	13.30648426527726	99.59870247132396	XFG.1.1	0.01512731	lineage
2025-11	2025-11-02	125	27	10012	88.96448516871217	0.9983613684245728	0.9959870247132396	0.9874928936895964	13.30648426527726	99.59870247132396	XFZ.1	0.01503756	lineage
2025-11	2025-11-02	125	27	10012	88.96448516871217	0.9983613684245728	0.9959870247132396	0.9874928936895964	13.30648426527726	99.59870247132396	XFG.3.4	0.01456971	lineage
2025-11	2025-11-02	125	27	10012	88.96448516871217	0.9983613684245728	0.9959870247132396	0.9874928936895964	13.30648426527726	99.59870247132396	PQ.22	0.01307187	lineage
2025-11	2025-11-02	125	27	10012	88.96448516871217	0.9983613684245728	0.9959870247132396	0.9874928936895964	13.30648426527726	99.59870247132396	XFG.3.16	0.01222426	lineage
2025-11	2025-11-02	125	27	10012	88.96448516871217	0.9983613684245728	0.9959870247132396	0.9874928936895964	13.30648426527726	99.59870247132396	XGQ	0.01212121	lineage
2025-11	2025-11-02	125	27	10012	88.96448516871217	0.9983613684245728	0.9959870247132396	0.9874928936895964	13.30648426527726	99.59870247132396	LF.7.10	0.01086959	lineage
2025-11	2025-11-02	125	27	10012	88.96448516871217	0.9983613684245728	0.9959870247132396	0.9874928936895964	13.30648426527726	99.59870247132396	XFG.3.1.9	0.01041669	lineage
2025-11	2025-11-02	125	27	10012	88.96448516871217	0.9983613684245728	0.9959870247132396	0.9874928936895964	13.30648426527726	99.59870247132396	XFG.4.4	0.0102041	lineage
2025-11	2025-11-02	125	27	10012	88.96448516871217	0.9983613684245728	0.9959870247132396	0.9874928936895964	13.30648426527726	99.59870247132396	XFG.1.1.2	0.00578039	lineage
2025-11	2025-11-02	125	27	10012	88.96448516871217	0.9983613684245728	0.9959870247132396	0.9874928936895964	13.30648426527726	99.59870247132396	PQ.17.3	0.00541086	lineage
2025-11	2025-11-02	125	27	10012	88.96448516871217	0.9983613684245728	0.9959870247132396	0.9874928936895964	13.30648426527726	99.59870247132396	PF.3	0.00540537	lineage
2025-11	2025-11-02	125	27	10012	88.96448516871217	0.9983613684245728	0.9959870247132396	0.9874928936895964	13.30648426527726	99.59870247132396	LF.7	0.00532788	lineage
2025-11	2025-11-02	125	27	10012	88.96448516871217	0.9983613684245728	0.9959870247132396	0.9874928936895964	13.30648426527726	99.59870247132396	XFG.14.5	0.00483092	lineage
2025-11	2025-11-02	125	27	10012	88.96448516871217	0.9983613684245728	0.9959870247132396	0.9874928936895964	13.30648426527726	99.59870247132396	XFG.5.1.5	0.00302719	lineage
2025-11	2025-11-02	125	27	10012	88.96448516871217	0.9983613684245728	0.9959870247132396	0.9874928936895964	13.30648426527726	99.59870247132396	XDV	0.00141256	lineage
2025-11	2025-11-02	125	27	10012	88.96448516871217	0.9983613684245728	0.9959870247132396	0.9874928936895964	13.30648426527726	99.59870247132396	LF.7.1.14	0.00108231	lineage
2025-12	2025-12-01	153	30	17026	150.36360900244122	0.9987626659532488	0.9969568270742066	0.9957529344881784	13.227516134943023	99.69568270742066	Other	0.8958398009315637	summarized
2025-12	2025-12-01	153	30	17026	150.36360900244122	0.9987626659532488	0.9969568270742066	0.9957529344881784	13.227516134943023	99.69568270742066	XFG* (XFG.X)	0.1031891925348123	summarized
2025-12	2025-12-01	153	30	17026	150.36360900244122	0.9987626659532488	0.9969568270742066	0.9957529344881784	13.227516134943023	99.69568270742066	XFG.1	0.09712861	lineage
2025-12	2025-12-01	153	30	17026	150.36360900244122	0.9987626659532488	0.9969568270742066	0.9957529344881784	13.227516134943023	99.69568270742066	XFG.1.1	0.07183488	lineage
2025-12	2025-12-01	153	30	17026	150.36360900244122	0.9987626659532488	0.9969568270742066	0.9957529344881784	13.227516134943023	99.69568270742066	XFG.17.3	0.06357439	lineage
2025-12	2025-12-01	153	30	17026	150.36360900244122	0.9987626659532488	0.9969568270742066	0.9957529344881784	13.227516134943023	99.69568270742066	XFG.18	0.05053113	lineage
2025-12	2025-12-01	153	30	17026	150.36360900244122	0.9987626659532488	0.9969568270742066	0.9957529344881784	13.227516134943023	99.69568270742066	XFG.14.1.4	0.05000024	lineage
2025-12	2025-12-01	153	30	17026	150.36360900244122	0.9987626659532488	0.9969568270742066	0.9957529344881784	13.227516134943023	99.69568270742066	XFG.2.7	0.04026701	lineage
2025-12	2025-12-01	153	30	17026	150.36360900244122	0.9987626659532488	0.9969568270742066	0.9957529344881784	13.227516134943023	99.69568270742066	XDV	0.03751852	lineage
2025-12	2025-12-01	153	30	17026	150.36360900244122	0.9987626659532488	0.9969568270742066	0.9957529344881784	13.227516134943023	99.69568270742066	XFY	0.03335115	lineage
2025-12	2025-12-01	153	30	17026	150.36360900244122	0.9987626659532488	0.9969568270742066	0.9957529344881784	13.227516134943023	99.69568270742066	XFG.3.33	0.03184655	lineage
2025-12	2025-12-01	153	30	17026	150.36360900244122	0.9987626659532488	0.9969568270742066	0.9957529344881784	13.227516134943023	99.69568270742066	XFG.14.1.2	0.0298941	lineage
2025-12	2025-12-01	153	30	17026	150.36360900244122	0.9987626659532488	0.9969568270742066	0.9957529344881784	13.227516134943023	99.69568270742066	XGJ	0.02958329	lineage
2025-12	2025-12-01	153	30	17026	150.36360900244122	0.9987626659532488	0.9969568270742066	0.9957529344881784	13.227516134943023	99.69568270742066	XFZ.4.1	0.02926832	lineage
2025-12	2025-12-01	153	30	17026	150.36360900244122	0.9987626659532488	0.9969568270742066	0.9957529344881784	13.227516134943023	99.69568270742066	XFV	0.02883308	lineage
2025-12	2025-12-01	153	30	17026	150.36360900244122	0.9987626659532488	0.9969568270742066	0.9957529344881784	13.227516134943023	99.69568270742066	XFG.3.15	0.02813428	lineage
2025-12	2025-12-01	153	30	17026	150.36360900244122	0.9987626659532488	0.9969568270742066	0.9957529344881784	13.227516134943023	99.69568270742066	XGA	0.02727266	lineage
2025-12	2025-12-01	153	30	17026	150.36360900244122	0.9987626659532488	0.9969568270742066	0.9957529344881784	13.227516134943023	99.69568270742066	QF.5	0.02614308	lineage
2025-12	2025-12-01	153	30	17026	150.36360900244122	0.9987626659532488	0.9969568270742066	0.9957529344881784	13.227516134943023	99.69568270742066	XFG.14.1.3	0.02564123	lineage
2025-12	2025-12-01	153	30	17026	150.36360900244122	0.9987626659532488	0.9969568270742066	0.9957529344881784	13.227516134943023	99.69568270742066	XFG.3.1.9	0.02542443	lineage
2025-12	2025-12-01	153	30	17026	150.36360900244122	0.9987626659532488	0.9969568270742066	0.9957529344881784	13.227516134943023	99.69568270742066	XFG.1.3	0.0253164	lineage
2025-12	2025-12-01	153	30	17026	150.36360900244122	0.9987626659532488	0.9969568270742066	0.9957529344881784	13.227516134943023	99.69568270742066	XFG.3.26	0.02061861	lineage
2025-12	2025-12-01	153	30	17026	150.36360900244122	0.9987626659532488	0.9969568270742066	0.9957529344881784	13.227516134943023	99.69568270742066	PQ.17.11	0.01964118	lineage
2025-12	2025-12-01	153	30	17026	150.36360900244122	0.9987626659532488	0.9969568270742066	0.9957529344881784	13.227516134943023	99.69568270742066	PQ.39.1	0.01809498	lineage
2025-12	2025-12-01	153	30	17026	150.36360900244122	0.9987626659532488	0.9969568270742066	0.9957529344881784	13.227516134943023	99.69568270742066	XFG.2.9	0.01554971	lineage
2025-12	2025-12-01	153	30	17026	150.36360900244122	0.9987626659532488	0.9969568270742066	0.9957529344881784	13.227516134943023	99.69568270742066	XFG.2.6	0.01525008	lineage
2025-12	2025-12-01	153	30	17026	150.36360900244122	0.9987626659532488	0.9969568270742066	0.9957529344881784	13.227516134943023	99.69568270742066	XFG.15	0.0151512	lineage
2025-12	2025-12-01	153	30	17026	150.36360900244122	0.9987626659532488	0.9969568270742066	0.9957529344881784	13.227516134943023	99.69568270742066	XFG.5.4.1	0.01449258	lineage
2025-12	2025-12-01	153	30	17026	150.36360900244122	0.9987626659532488	0.9969568270742066	0.9957529344881784	13.227516134943023	99.69568270742066	RP.2	0.01293096	lineage
2025-12	2025-12-01	153	30	17026	150.36360900244122	0.9987626659532488	0.9969568270742066	0.9957529344881784	13.227516134943023	99.69568270742066	XFG.1.1.10	0.01117347	lineage
2025-12	2025-12-01	153	30	17026	150.36360900244122	0.9987626659532488	0.9969568270742066	0.9957529344881784	13.227516134943023	99.69568270742066	XFG.4.1.6	0.0083571	lineage
2025-12	2025-12-01	153	30	17026	150.36360900244122	0.9987626659532488	0.9969568270742066	0.9957529344881784	13.227516134943023	99.69568270742066	XFG.1.1.4	0.00775206	lineage
2025-12	2025-12-01	153	30	17026	150.36360900244122	0.9987626659532488	0.9969568270742066	0.9957529344881784	13.227516134943023	99.69568270742066	XFG.23.1.1	0.00772172	lineage
2025-12	2025-12-01	153	30	17026	150.36360900244122	0.9987626659532488	0.9969568270742066	0.9957529344881784	13.227516134943023	99.69568270742066	XFG.1.1.6	0.00735318	lineage
2025-12	2025-12-01	153	30	17026	150.36360900244122	0.9987626659532488	0.9969568270742066	0.9957529344881784	13.227516134943023	99.69568270742066	QS.2	0.0071938	lineage
2025-12	2025-12-01	153	30	17026	150.36360900244122	0.9987626659532488	0.9969568270742066	0.9957529344881784	13.227516134943023	99.69568270742066	XFG.23	0.00666663	lineage
2025-12	2025-12-01	153	30	17026	150.36360900244122	0.9987626659532488	0.9969568270742066	0.9957529344881784	13.227516134943023	99.69568270742066	QF.7.1	0.00643027	lineage
2025-12	2025-12-01	153	30	17026	150.36360900244122	0.9987626659532488	0.9969568270742066	0.9957529344881784	13.227516134943023	99.69568270742066	XFG.3.2	0.00606058	lineage
2025-12	2025-12-01	153	30	17026	150.36360900244122	0.9987626659532488	0.9969568270742066	0.9957529344881784	13.227516134943023	99.69568270742066	XFV.4	0.00564971	lineage
2025-12	2025-12-01	153	30	17026	150.36360900244122	0.9987626659532488	0.9969568270742066	0.9957529344881784	13.227516134943023	99.69568270742066	LF.7.11.2	0.00555344	lineage
2025-12	2025-12-01	153	30	17026	150.36360900244122	0.9987626659532488	0.9969568270742066	0.9957529344881784	13.227516134943023	99.69568270742066	XFG.9.3	0.00552271	lineage
2025-12	2025-12-01	153	30	17026	150.36360900244122	0.9987626659532488	0.9969568270742066	0.9957529344881784	13.227516134943023	99.69568270742066	XFG.10.5	0.00526459	lineage
2025-12	2025-12-01	153	30	17026	150.36360900244122	0.9987626659532488	0.9969568270742066	0.9957529344881784	13.227516134943023	99.69568270742066	XFG.5.1.7	0.00448674	lineage
2025-12	2025-12-01	153	30	17026	150.36360900244122	0.9987626659532488	0.9969568270742066	0.9957529344881784	13.227516134943023	99.69568270742066	XFG.2.5	0.00420118	lineage
2025-12	2025-12-01	153	30	17026	150.36360900244122	0.9987626659532488	0.9969568270742066	0.9957529344881784	13.227516134943023	99.69568270742066	XFZ.2	0.00396825	lineage
2025-12	2025-12-01	153	30	17026	150.36360900244122	0.9987626659532488	0.9969568270742066	0.9957529344881784	13.227516134943023	99.69568270742066	XFG.17.2	0.00374418	lineage
2025-12	2025-12-01	153	30	17026	150.36360900244122	0.9987626659532488	0.9969568270742066	0.9957529344881784	13.227516134943023	99.69568270742066	NY.13.1	0.00270048	lineage
2025-12	2025-12-01	153	30	17026	150.36360900244122	0.9987626659532488	0.9969568270742066	0.9957529344881784	13.227516134943023	99.69568270742066	XFZ	0.00252952	lineage
2025-12	2025-12-01	153	30	17026	150.36360900244122	0.9987626659532488	0.9969568270742066	0.9957529344881784	13.227516134943023	99.69568270742066	XFG.4.1	0.00179503	lineage
2025-12	2025-12-01	153	30	17026	150.36360900244122	0.9987626659532488	0.9969568270742066	0.9957529344881784	13.227516134943023	99.69568270742066	QF.7	0.00161171	lineage
2026-01	2026-01-01	140	30	15405	138.34019997993514	0.9988629903354178	0.9978931879744508	0.9974584489850516	13.719646503093324	99.78931879744508	Other	0.8488459278947916	summarized
2026-01	2026-01-01	140	30	15405	138.34019997993514	0.9988629903354178	0.9978931879744508	0.9974584489850516	13.719646503093324	99.78931879744508	XFG* (XFG.X)	0.1089111766117737	summarized
2026-01	2026-01-01	140	30	15405	138.34019997993514	0.9988629903354178	0.9978931879744508	0.9974584489850516	13.719646503093324	99.78931879744508	Omicron	0.0368160730810767	summarized
2026-01	2026-01-01	140	30	15405	138.34019997993514	0.9988629903354178	0.9978931879744508	0.9974584489850516	13.719646503093324	99.78931879744508	BA.2.86* (BA.2.86.X)	0.0044370611821862	summarized
2026-01	2026-01-01	140	30	15405	138.34019997993514	0.9988629903354178	0.9978931879744508	0.9974584489850516	13.719646503093324	99.78931879744508	XFG.1.1	0.09854532	lineage
2026-01	2026-01-01	140	30	15405	138.34019997993514	0.9988629903354178	0.9978931879744508	0.9974584489850516	13.719646503093324	99.78931879744508	XFG.3.11	0.0679176	lineage
2026-01	2026-01-01	140	30	15405	138.34019997993514	0.9988629903354178	0.9978931879744508	0.9974584489850516	13.719646503093324	99.78931879744508	XFG.1.1.8	0.05673753	lineage
2026-01	2026-01-01	140	30	15405	138.34019997993514	0.9988629903354178	0.9978931879744508	0.9974584489850516	13.719646503093324	99.78931879744508	XFG.14	0.05575733	lineage
2026-01	2026-01-01	140	30	15405	138.34019997993514	0.9988629903354178	0.9978931879744508	0.9974584489850516	13.719646503093324	99.78931879744508	PQ.39.1	0.04142034	lineage
2026-01	2026-01-01	140	30	15405	138.34019997993514	0.9988629903354178	0.9978931879744508	0.9974584489850516	13.719646503093324	99.78931879744508	XFG.6.9	0.04110831	lineage
2026-01	2026-01-01	140	30	15405	138.34019997993514	0.9988629903354178	0.9978931879744508	0.9974584489850516	13.719646503093324	99.78931879744508	RP.2	0.03804349	lineage
2026-01	2026-01-01	140	30	15405	138.34019997993514	0.9988629903354178	0.9978931879744508	0.9974584489850516	13.719646503093324	99.78931879744508	XFG.1.1.10	0.03571433	lineage
2026-01	2026-01-01	140	30	15405	138.34019997993514	0.9988629903354178	0.9978931879744508	0.9974584489850516	13.719646503093324	99.78931879744508	XFG.5.1.3	0.03508599	lineage
2026-01	2026-01-01	140	30	15405	138.34019997993514	0.9988629903354178	0.9978931879744508	0.9974584489850516	13.719646503093324	99.78931879744508	XFG.9	0.03445997	lineage
2026-01	2026-01-01	140	30	15405	138.34019997993514	0.9988629903354178	0.9978931879744508	0.9974584489850516	13.719646503093324	99.78931879744508	XFG.14.1.1	0.0333333	lineage
2026-01	2026-01-01	140	30	15405	138.34019997993514	0.9988629903354178	0.9978931879744508	0.9974584489850516	13.719646503093324	99.78931879744508	XER	0.03219933	lineage
2026-01	2026-01-01	140	30	15405	138.34019997993514	0.9988629903354178	0.9978931879744508	0.9974584489850516	13.719646503093324	99.78931879744508	XFG.1.1.2	0.03125006	lineage
2026-01	2026-01-01	140	30	15405	138.34019997993514	0.9988629903354178	0.9978931879744508	0.9974584489850516	13.719646503093324	99.78931879744508	XFG.5.4.1	0.02325579	lineage
2026-01	2026-01-01	140	30	15405	138.34019997993514	0.9988629903354178	0.9978931879744508	0.9974584489850516	13.719646503093324	99.78931879744508	XDV	0.02302709	lineage
2026-01	2026-01-01	140	30	15405	138.34019997993514	0.9988629903354178	0.9978931879744508	0.9974584489850516	13.719646503093324	99.78931879744508	XFZ	0.02226068	lineage
2026-01	2026-01-01	140	30	15405	138.34019997993514	0.9988629903354178	0.9978931879744508	0.9974584489850516	13.719646503093324	99.78931879744508	LF.7.11.2	0.02202371	lineage
2026-01	2026-01-01	140	30	15405	138.34019997993514	0.9988629903354178	0.9978931879744508	0.9974584489850516	13.719646503093324	99.78931879744508	XFG.3.4.6	0.02143848	lineage
2026-01	2026-01-01	140	30	15405	138.34019997993514	0.9988629903354178	0.9978931879744508	0.9974584489850516	13.719646503093324	99.78931879744508	XFZ.4.1	0.02142854	lineage
2026-01	2026-01-01	140	30	15405	138.34019997993514	0.9988629903354178	0.9978931879744508	0.9974584489850516	13.719646503093324	99.78931879744508	QF.7.1	0.01694917	lineage
2026-01	2026-01-01	140	30	15405	138.34019997993514	0.9988629903354178	0.9978931879744508	0.9974584489850516	13.719646503093324	99.78931879744508	XFV.5	0.01621619	lineage
2026-01	2026-01-01	140	30	15405	138.34019997993514	0.9988629903354178	0.9978931879744508	0.9974584489850516	13.719646503093324	99.78931879744508	XFG.9.6	0.01459406	lineage
2026-01	2026-01-01	140	30	15405	138.34019997993514	0.9988629903354178	0.9978931879744508	0.9974584489850516	13.719646503093324	99.78931879744508	QT.3	0.01291781	lineage
2026-01	2026-01-01	140	30	15405	138.34019997993514	0.9988629903354178	0.9978931879744508	0.9974584489850516	13.719646503093324	99.78931879744508	RN.1	0.01257859	lineage
2026-01	2026-01-01	140	30	15405	138.34019997993514	0.9988629903354178	0.9978931879744508	0.9974584489850516	13.719646503093324	99.78931879744508	XFG.2.8.1	0.01250001	lineage
2026-01	2026-01-01	140	30	15405	138.34019997993514	0.9988629903354178	0.9978931879744508	0.9974584489850516	13.719646503093324	99.78931879744508	SD.1	0.0123457	lineage
2026-01	2026-01-01	140	30	15405	138.34019997993514	0.9988629903354178	0.9978931879744508	0.9974584489850516	13.719646503093324	99.78931879744508	XFC.3	0.0118663	lineage
2026-01	2026-01-01	140	30	15405	138.34019997993514	0.9988629903354178	0.9978931879744508	0.9974584489850516	13.719646503093324	99.78931879744508	XFG.3.3	0.01131565	lineage
2026-01	2026-01-01	140	30	15405	138.34019997993514	0.9988629903354178	0.9978931879744508	0.9974584489850516	13.719646503093324	99.78931879744508	XFG.1.1.1	0.01034361	lineage
2026-01	2026-01-01	140	30	15405	138.34019997993514	0.9988629903354178	0.9978931879744508	0.9974584489850516	13.719646503093324	99.78931879744508	XGE	0.01030293	lineage
2026-01	2026-01-01	140	30	15405	138.34019997993514	0.9988629903354178	0.9978931879744508	0.9974584489850516	13.719646503093324	99.78931879744508	PQ.17.10.1	0.01013321	lineage
2026-01	2026-01-01	140	30	15405	138.34019997993514	0.9988629903354178	0.9978931879744508	0.9974584489850516	13.719646503093324	99.78931879744508	XFG.3.1.5	0.00980393	lineage
2026-01	2026-01-01	140	30	15405	138.34019997993514	0.9988629903354178	0.9978931879744508	0.9974584489850516	13.719646503093324	99.78931879744508	XFG.14.1.2	0.00858511	lineage
2026-01	2026-01-01	140	30	15405	138.34019997993514	0.9988629903354178	0.9978931879744508	0.9974584489850516	13.719646503093324	99.78931879744508	XFG.17.2	0.00829877	lineage
2026-01	2026-01-01	140	30	15405	138.34019997993514	0.9988629903354178	0.9978931879744508	0.9974584489850516	13.719646503093324	99.78931879744508	XFG.23.1.3	0.00691529	lineage
2026-01	2026-01-01	140	30	15405	138.34019997993514	0.9988629903354178	0.9978931879744508	0.9974584489850516	13.719646503093324	99.78931879744508	QF.5	0.00670997	lineage
2026-01	2026-01-01	140	30	15405	138.34019997993514	0.9988629903354178	0.9978931879744508	0.9974584489850516	13.719646503093324	99.78931879744508	XFG.3.20	0.00546062	lineage
2026-01	2026-01-01	140	30	15405	138.34019997993514	0.9988629903354178	0.9978931879744508	0.9974584489850516	13.719646503093324	99.78931879744508	XFG.9.1	0.00500003	lineage
2026-01	2026-01-01	140	30	15405	138.34019997993514	0.9988629903354178	0.9978931879744508	0.9974584489850516	13.719646503093324	99.78931879744508	XFG.2.6	0.00486617	lineage
2026-01	2026-01-01	140	30	15405	138.34019997993514	0.9988629903354178	0.9978931879744508	0.9974584489850516	13.719646503093324	99.78931879744508	XFG.14.1.5	0.00485437	lineage
2026-01	2026-01-01	140	30	15405	138.34019997993514	0.9988629903354178	0.9978931879744508	0.9974584489850516	13.719646503093324	99.78931879744508	RC.1	0.00478465	lineage
2026-01	2026-01-01	140	30	15405	138.34019997993514	0.9988629903354178	0.9978931879744508	0.9974584489850516	13.719646503093324	99.78931879744508	XGA	0.00476253	lineage
2026-01	2026-01-01	140	30	15405	138.34019997993514	0.9988629903354178	0.9978931879744508	0.9974584489850516	13.719646503093324	99.78931879744508	XFG.1	0.00474438	lineage
2026-01	2026-01-01	140	30	15405	138.34019997993514	0.9988629903354178	0.9978931879744508	0.9974584489850516	13.719646503093324	99.78931879744508	XFC	0.00461675	lineage
2026-01	2026-01-01	140	30	15405	138.34019997993514	0.9988629903354178	0.9978931879744508	0.9974584489850516	13.719646503093324	99.78931879744508	RN.2	0.00444442	lineage
2026-01	2026-01-01	140	30	15405	138.34019997993514	0.9988629903354178	0.9978931879744508	0.9974584489850516	13.719646503093324	99.78931879744508	NL.22	0.00443706	lineage
2026-01	2026-01-01	140	30	15405	138.34019997993514	0.9988629903354178	0.9978931879744508	0.9974584489850516	13.719646503093324	99.78931879744508	XFG.17	0.00430622	lineage
2026-01	2026-01-01	140	30	15405	138.34019997993514	0.9988629903354178	0.9978931879744508	0.9974584489850516	13.719646503093324	99.78931879744508	XFG.23.1.1	0.00387596	lineage
2026-01	2026-01-01	140	30	15405	138.34019997993514	0.9988629903354178	0.9978931879744508	0.9974584489850516	13.719646503093324	99.78931879744508	QF.2.2.2	0.00362309	lineage
2026-01	2026-01-01	140	30	15405	138.34019997993514	0.9988629903354178	0.9978931879744508	0.9974584489850516	13.719646503093324	99.78931879744508	XFG.38	0.00294977	lineage
2026-01	2026-01-01	140	30	15405	138.34019997993514	0.9988629903354178	0.9978931879744508	0.9974584489850516	13.719646503093324	99.78931879744508	XFG.3.7.1	0.00268815	lineage
2026-01	2026-01-01	140	30	15405	138.34019997993514	0.9988629903354178	0.9978931879744508	0.9974584489850516	13.719646503093324	99.78931879744508	XFG.2	0.00263384	lineage
2026-01	2026-01-01	140	30	15405	138.34019997993514	0.9988629903354178	0.9978931879744508	0.9974584489850516	13.719646503093324	99.78931879744508	QF.2.2.1	0.00221297	lineage
2026-01	2026-01-01	140	30	15405	138.34019997993514	0.9988629903354178	0.9978931879744508	0.9974584489850516	13.719646503093324	99.78931879744508	XFG.14.1.9	0.00136576	lineage
2026-02	2026-02-01	143	30	8657	80.43253185299133	0.9988629903354178	0.9961876734775776	0.9782630505300473	17.81977675875151	99.61876734775775	Other	0.8264132902294576	summarized
2026-02	2026-02-01	143	30	8657	80.43253185299133	0.9988629903354178	0.9961876734775776	0.9782630505300473	17.81977675875151	99.61876734775775	XFG* (XFG.X)	0.1069317032854685	summarized
2026-02	2026-02-01	143	30	8657	80.43253185299133	0.9988629903354178	0.9961876734775776	0.9782630505300473	17.81977675875151	99.61876734775775	BA.2.86* (BA.2.86.X)	0.0416283560517865	summarized
2026-02	2026-02-01	143	30	8657	80.43253185299133	0.9988629903354178	0.9961876734775776	0.9782630505300473	17.81977675875151	99.61876734775775	Omicron	0.0240337951264365	summarized
2026-02	2026-02-01	143	30	8657	80.43253185299133	0.9988629903354178	0.9961876734775776	0.9782630505300473	17.81977675875151	99.61876734775775	XFG.1.1	0.10749665	lineage
2026-02	2026-02-01	143	30	8657	80.43253185299133	0.9988629903354178	0.9961876734775776	0.9782630505300473	17.81977675875151	99.61876734775775	XFG	0.0892362	lineage
2026-02	2026-02-01	143	30	8657	80.43253185299133	0.9988629903354178	0.9961876734775776	0.9782630505300473	17.81977675875151	99.61876734775775	XFY.3	0.05629719	lineage
2026-02	2026-02-01	143	30	8657	80.43253185299133	0.9988629903354178	0.9961876734775776	0.9782630505300473	17.81977675875151	99.61876734775775	NB.1.8	0.05076514	lineage
2026-02	2026-02-01	143	30	8657	80.43253185299133	0.9988629903354178	0.9961876734775776	0.9782630505300473	17.81977675875151	99.61876734775775	QR.2	0.04562209	lineage
2026-02	2026-02-01	143	30	8657	80.43253185299133	0.9988629903354178	0.9961876734775776	0.9782630505300473	17.81977675875151	99.61876734775775	XFG.1.1.10	0.04310352	lineage
2026-02	2026-02-01	143	30	8657	80.43253185299133	0.9988629903354178	0.9961876734775776	0.9782630505300473	17.81977675875151	99.61876734775775	XFG.5.1.3	0.04203845	lineage
2026-02	2026-02-01	143	30	8657	80.43253185299133	0.9988629903354178	0.9961876734775776	0.9782630505300473	17.81977675875151	99.61876734775775	LF.7.7.2	0.04162836	lineage
2026-02	2026-02-01	143	30	8657	80.43253185299133	0.9988629903354178	0.9961876734775776	0.9782630505300473	17.81977675875151	99.61876734775775	XFG.1.1.12	0.0384615	lineage
2026-02	2026-02-01	143	30	8657	80.43253185299133	0.9988629903354178	0.9961876734775776	0.9782630505300473	17.81977675875151	99.61876734775775	XFG.2.9	0.03732141	lineage
2026-02	2026-02-01	143	30	8657	80.43253185299133	0.9988629903354178	0.9961876734775776	0.9782630505300473	17.81977675875151	99.61876734775775	XFG.14.1.4	0.03488416	lineage
2026-02	2026-02-01	143	30	8657	80.43253185299133	0.9988629903354178	0.9961876734775776	0.9782630505300473	17.81977675875151	99.61876734775775	RV.2	0.03200005	lineage
2026-02	2026-02-01	143	30	8657	80.43253185299133	0.9988629903354178	0.9961876734775776	0.9782630505300473	17.81977675875151	99.61876734775775	XGE	0.03158956	lineage
2026-02	2026-02-01	143	30	8657	80.43253185299133	0.9988629903354178	0.9961876734775776	0.9782630505300473	17.81977675875151	99.61876734775775	QF.5	0.02894237	lineage
2026-02	2026-02-01	143	30	8657	80.43253185299133	0.9988629903354178	0.9961876734775776	0.9782630505300473	17.81977675875151	99.61876734775775	LF.7.11.2	0.02727276	lineage
2026-02	2026-02-01	143	30	8657	80.43253185299133	0.9988629903354178	0.9961876734775776	0.9782630505300473	17.81977675875151	99.61876734775775	XFG.9.6	0.02492441	lineage
2026-02	2026-02-01	143	30	8657	80.43253185299133	0.9988629903354178	0.9961876734775776	0.9782630505300473	17.81977675875151	99.61876734775775	XFG.6.5	0.02127668	lineage
2026-02	2026-02-01	143	30	8657	80.43253185299133	0.9988629903354178	0.9961876734775776	0.9782630505300473	17.81977675875151	99.61876734775775	XFG.1.1.1	0.02029391	lineage
2026-02	2026-02-01	143	30	8657	80.43253185299133	0.9988629903354178	0.9961876734775776	0.9782630505300473	17.81977675875151	99.61876734775775	QF.2	0.01977594	lineage
2026-02	2026-02-01	143	30	8657	80.43253185299133	0.9988629903354178	0.9961876734775776	0.9782630505300473	17.81977675875151	99.61876734775775	XFG.5.1.4	0.01916957	lineage
2026-02	2026-02-01	143	30	8657	80.43253185299133	0.9988629903354178	0.9961876734775776	0.9782630505300473	17.81977675875151	99.61876734775775	XFZ.1	0.01891629	lineage
2026-02	2026-02-01	143	30	8657	80.43253185299133	0.9988629903354178	0.9961876734775776	0.9782630505300473	17.81977675875151	99.61876734775775	XFG.9	0.0176955	lineage
2026-02	2026-02-01	143	30	8657	80.43253185299133	0.9988629903354178	0.9961876734775776	0.9782630505300473	17.81977675875151	99.61876734775775	RP.2	0.01744185	lineage
2026-02	2026-02-01	143	30	8657	80.43253185299133	0.9988629903354178	0.9961876734775776	0.9782630505300473	17.81977675875151	99.61876734775775	BA.2.23	0.01628248	lineage
2026-02	2026-02-01	143	30	8657	80.43253185299133	0.9988629903354178	0.9961876734775776	0.9782630505300473	17.81977675875151	99.61876734775775	QF.5.1	0.01550112	lineage
2026-02	2026-02-01	143	30	8657	80.43253185299133	0.9988629903354178	0.9961876734775776	0.9782630505300473	17.81977675875151	99.61876734775775	XFG.6.13	0.0128913	lineage
2026-02	2026-02-01	143	30	8657	80.43253185299133	0.9988629903354178	0.9961876734775776	0.9782630505300473	17.81977675875151	99.61876734775775	PQ.2.8	0.01175882	lineage
2026-02	2026-02-01	143	30	8657	80.43253185299133	0.9988629903354178	0.9961876734775776	0.9782630505300473	17.81977675875151	99.61876734775775	PQ.2.7	0.01169535	lineage
2026-02	2026-02-01	143	30	8657	80.43253185299133	0.9988629903354178	0.9961876734775776	0.9782630505300473	17.81977675875151	99.61876734775775	RC.8	0.01052615	lineage
2026-02	2026-02-01	143	30	8657	80.43253185299133	0.9988629903354178	0.9961876734775776	0.9782630505300473	17.81977675875151	99.61876734775775	XFG.6.8	0.00877193	lineage
2026-02	2026-02-01	143	30	8657	80.43253185299133	0.9988629903354178	0.9961876734775776	0.9782630505300473	17.81977675875151	99.61876734775775	XFG.15	0.00803893	lineage
2026-02	2026-02-01	143	30	8657	80.43253185299133	0.9988629903354178	0.9961876734775776	0.9782630505300473	17.81977675875151	99.61876734775775	BA.2.65	0.00775131	lineage
2026-02	2026-02-01	143	30	8657	80.43253185299133	0.9988629903354178	0.9961876734775776	0.9782630505300473	17.81977675875151	99.61876734775775	XFZ.2	0.00763357	lineage
2026-02	2026-02-01	143	30	8657	80.43253185299133	0.9988629903354178	0.9961876734775776	0.9782630505300473	17.81977675875151	99.61876734775775	XFG.6.3	0.00749359	lineage
2026-02	2026-02-01	143	30	8657	80.43253185299133	0.9988629903354178	0.9961876734775776	0.9782630505300473	17.81977675875151	99.61876734775775	XFG.6.2	0.00638237	lineage
2026-02	2026-02-01	143	30	8657	80.43253185299133	0.9988629903354178	0.9961876734775776	0.9782630505300473	17.81977675875151	99.61876734775775	XFG.2.6	0.00381613	lineage
2026-02	2026-02-01	143	30	8657	80.43253185299133	0.9988629903354178	0.9961876734775776	0.9782630505300473	17.81977675875151	99.61876734775775	XFC.3	0.00257787	lineage
2026-02	2026-02-01	143	30	8657	80.43253185299133	0.9988629903354178	0.9961876734775776	0.9782630505300473	17.81977675875151	99.61876734775775	XFG.10.4	0.00173268	lineage
2026-03	2026-03-01	139	30	5170	48.08173093000702	0.9988964317961408	0.985252315821155	0.9000769153596629	20.907063431853587	98.52523158211552	Other	0.4434942123766277	summarized
2026-03	2026-03-01	139	30	5170	48.08173093000702	0.9988964317961408	0.985252315821155	0.9000769153596629	20.907063431853587	98.52523158211552	XFG* (XFG.X)	0.3465913405496117	summarized
2026-03	2026-03-01	139	30	5170	48.08173093000702	0.9988964317961408	0.985252315821155	0.9000769153596629	20.907063431853587	98.52523158211552	BA.2.86* (BA.2.86.X)	0.2031726091757199	summarized
2026-03	2026-03-01	139	30	5170	48.08173093000702	0.9988964317961408	0.985252315821155	0.9000769153596629	20.907063431853587	98.52523158211552	Omicron	0.0064516317731085	summarized
2026-03	2026-03-01	139	30	5170	48.08173093000702	0.9988964317961408	0.985252315821155	0.9000769153596629	20.907063431853587	98.52523158211552	XFG.1	0.34659134	lineage
2026-03	2026-03-01	139	30	5170	48.08173093000702	0.9988964317961408	0.985252315821155	0.9000769153596629	20.907063431853587	98.52523158211552	XFG.1.1.11	0.1589619	lineage
2026-03	2026-03-01	139	30	5170	48.08173093000702	0.9988964317961408	0.985252315821155	0.9000769153596629	20.907063431853587	98.52523158211552	XFG.1.1.4	0.12446695	lineage
2026-03	2026-03-01	139	30	5170	48.08173093000702	0.9988964317961408	0.985252315821155	0.9000769153596629	20.907063431853587	98.52523158211552	JN.1.18.6	0.06773364	lineage
2026-03	2026-03-01	139	30	5170	48.08173093000702	0.9988964317961408	0.985252315821155	0.9000769153596629	20.907063431853587	98.52523158211552	LF.7.11.3	0.0399374	lineage
2026-03	2026-03-01	139	30	5170	48.08173093000702	0.9988964317961408	0.985252315821155	0.9000769153596629	20.907063431853587	98.52523158211552	JN.1.16	0.03770276	lineage
2026-03	2026-03-01	139	30	5170	48.08173093000702	0.9988964317961408	0.985252315821155	0.9000769153596629	20.907063431853587	98.52523158211552	LF.10	0.03209149	lineage
2026-03	2026-03-01	139	30	5170	48.08173093000702	0.9988964317961408	0.985252315821155	0.9000769153596629	20.907063431853587	98.52523158211552	XFG.1.1.10	0.02702836	lineage
2026-03	2026-03-01	139	30	5170	48.08173093000702	0.9988964317961408	0.985252315821155	0.9000769153596629	20.907063431853587	98.52523158211552	LB.1.10	0.02564061	lineage
2026-03	2026-03-01	139	30	5170	48.08173093000702	0.9988964317961408	0.985252315821155	0.9000769153596629	20.907063431853587	98.52523158211552	RC.5	0.02472994	lineage
2026-03	2026-03-01	139	30	5170	48.08173093000702	0.9988964317961408	0.985252315821155	0.9000769153596629	20.907063431853587	98.52523158211552	JN.1.16.1	0.02077544	lineage
2026-03	2026-03-01	139	30	5170	48.08173093000702	0.9988964317961408	0.985252315821155	0.9000769153596629	20.907063431853587	98.52523158211552	XFY	0.01888636	lineage
2026-03	2026-03-01	139	30	5170	48.08173093000702	0.9988964317961408	0.985252315821155	0.9000769153596629	20.907063431853587	98.52523158211552	XDV	0.01552597	lineage
2026-03	2026-03-01	139	30	5170	48.08173093000702	0.9988964317961408	0.985252315821155	0.9000769153596629	20.907063431853587	98.52523158211552	MD.1.1	0.01428518	lineage
2026-03	2026-03-01	139	30	5170	48.08173093000702	0.9988964317961408	0.985252315821155	0.9000769153596629	20.907063431853587	98.52523158211552	QF.2.2.2	0.01205918	lineage
2026-03	2026-03-01	139	30	5170	48.08173093000702	0.9988964317961408	0.985252315821155	0.9000769153596629	20.907063431853587	98.52523158211552	RC.9	0.01098887	lineage
2026-03	2026-03-01	139	30	5170	48.08173093000702	0.9988964317961408	0.985252315821155	0.9000769153596629	20.907063431853587	98.52523158211552	LF.7.11.4	0.01090928	lineage
2026-03	2026-03-01	139	30	5170	48.08173093000702	0.9988964317961408	0.985252315821155	0.9000769153596629	20.907063431853587	98.52523158211552	BA.2	0.00645163	lineage
2026-03	2026-03-01	139	30	5170	48.08173093000702	0.9988964317961408	0.985252315821155	0.9000769153596629	20.907063431853587	98.52523158211552	JN.1.18	0.00278073	lineage
2026-03	2026-03-01	139	30	5170	48.08173093000702	0.9988964317961408	0.985252315821155	0.9000769153596629	20.907063431853587	98.52523158211552	JN.1	0.00216275	lineage
2026-04	2026-04-01	147	29	1690	15.60117713941745	0.9593017423001036	0.6397351436310738	0.2953215396448517	19.255598120536433	63.973514363107384	XFG* (XFG.X)	0.4062487291648538	summarized
2026-04	2026-04-01	147	29	1690	15.60117713941745	0.9593017423001036	0.6397351436310738	0.2953215396448517	19.255598120536433	63.973514363107384	Other	0.3872258591700464	summarized
2026-04	2026-04-01	147	29	1690	15.60117713941745	0.9593017423001036	0.6397351436310738	0.2953215396448517	19.255598120536433	63.973514363107384	BA.2.86* (BA.2.86.X)	0.1209653404789892	summarized
2026-04	2026-04-01	147	29	1690	15.60117713941745	0.9593017423001036	0.6397351436310738	0.2953215396448517	19.255598120536433	63.973514363107384	Omicron	0.0855544168630016	summarized
2026-04	2026-04-01	147	29	1690	15.60117713941745	0.9593017423001036	0.6397351436310738	0.2953215396448517	19.255598120536433	63.973514363107384	XFG.1	0.28444484	lineage
2026-04	2026-04-01	147	29	1690	15.60117713941745	0.9593017423001036	0.6397351436310738	0.2953215396448517	19.255598120536433	63.973514363107384	XFG.1.1	0.13745471	lineage
2026-04	2026-04-01	147	29	1690	15.60117713941745	0.9593017423001036	0.6397351436310738	0.2953215396448517	19.255598120536433	63.973514363107384	XFG	0.12180389	lineage
2026-04	2026-04-01	147	29	1690	15.60117713941745	0.9593017423001036	0.6397351436310738	0.2953215396448517	19.255598120536433	63.973514363107384	XFG.1.1.4	0.11538502	lineage
2026-04	2026-04-01	147	29	1690	15.60117713941745	0.9593017423001036	0.6397351436310738	0.2953215396448517	19.255598120536433	63.973514363107384	XFG.1.1.6	0.09090912	lineage
2026-04	2026-04-01	147	29	1690	15.60117713941745	0.9593017423001036	0.6397351436310738	0.2953215396448517	19.255598120536433	63.973514363107384	JN.1.18.5	0.09090662	lineage
2026-04	2026-04-01	147	29	1690	15.60117713941745	0.9593017423001036	0.6397351436310738	0.2953215396448517	19.255598120536433	63.973514363107384	XFJ	0.08555442	lineage
2026-04	2026-04-01	147	29	1690	15.60117713941745	0.9593017423001036	0.6397351436310738	0.2953215396448517	19.255598120536433	63.973514363107384	XFJ.2.1	0.043477	lineage
2026-04	2026-04-01	147	29	1690	15.60117713941745	0.9593017423001036	0.6397351436310738	0.2953215396448517	19.255598120536433	63.973514363107384	LF.7.7.2	0.03005872	lineage
2026-05	2026-05-01	147	29	1440	13.112229542186403	0.8654650035113534	0.5022907400595258	0.236698658997425	18.213017407613616	50.22907400595258	Other	0.7317068086870656	summarized
2026-05	2026-05-01	147	29	1440	13.112229542186403	0.8654650035113534	0.5022907400595258	0.236698658997425	18.213017407613616	50.22907400595258	BA.2.86* (BA.2.86.X)	0.2682928619083264	summarized
2026-05	2026-05-01	147	29	1440	13.112229542186403	0.8654650035113534	0.5022907400595258	0.236698658997425	18.213017407613616	50.22907400595258	XFG.1.1	0.24452791	lineage
2026-05	2026-05-01	147	29	1440	13.112229542186403	0.8654650035113534	0.5022907400595258	0.236698658997425	18.213017407613616	50.22907400595258	XFG.1.1.4	0.153846	lineage
2026-05	2026-05-01	147	29	1440	13.112229542186403	0.8654650035113534	0.5022907400595258	0.236698658997425	18.213017407613616	50.22907400595258	JN.1.18.6	0.11653717	lineage
2026-05	2026-05-01	147	29	1440	13.112229542186403	0.8654650035113534	0.5022907400595258	0.236698658997425	18.213017407613616	50.22907400595258	XFG.3.11	0.11111097	lineage
2026-05	2026-05-01	147	29	1440	13.112229542186403	0.8654650035113534	0.5022907400595258	0.236698658997425	18.213017407613616	50.22907400595258	XFG.3.7	0.11111097	lineage
2026-05	2026-05-01	147	29	1440	13.112229542186403	0.8654650035113534	0.5022907400595258	0.236698658997425	18.213017407613616	50.22907400595258	XFG.3.23	0.11111097	lineage
2026-05	2026-05-01	147	29	1440	13.112229542186403	0.8654650035113534	0.5022907400595258	0.236698658997425	18.213017407613616	50.22907400595258	JN.1.16.5	0.09090967	lineage
2026-05	2026-05-01	147	29	1440	13.112229542186403	0.8654650035113534	0.5022907400595258	0.236698658997425	18.213017407613616	50.22907400595258	NC.1	0.04255318	lineage
2026-05	2026-05-01	147	29	1440	13.112229542186403	0.8654650035113534	0.5022907400595258	0.236698658997425	18.213017407613616	50.22907400595258	LF.7.10	0.01829284	lineage
2026-06	2026-06-01	152	27	2453	22.710764806206736	0.9180015383071932	0.6581279470287262	0.4238705146640805	19.36069371565179	65.81279470287262	XFG* (XFG.X)	0.5943486778986795	summarized
2026-06	2026-06-01	152	27	2453	22.710764806206736	0.9180015383071932	0.6581279470287262	0.4238705146640805	19.36069371565179	65.81279470287262	Other	0.399998540213575	summarized
2026-06	2026-06-01	152	27	2453	22.710764806206736	0.9180015383071932	0.6581279470287262	0.4238705146640805	19.36069371565179	65.81279470287262	BA.2.86* (BA.2.86.X)	0.0056499804180195	summarized
2026-06	2026-06-01	152	27	2453	22.710764806206736	0.9180015383071932	0.6581279470287262	0.4238705146640805	19.36069371565179	65.81279470287262	XFG.1	0.52768232	lineage
2026-06	2026-06-01	152	27	2453	22.710764806206736	0.9180015383071932	0.6581279470287262	0.4238705146640805	19.36069371565179	65.81279470287262	RW.1.1.2	0.2499995	lineage
2026-06	2026-06-01	152	27	2453	22.710764806206736	0.9180015383071932	0.6581279470287262	0.4238705146640805	19.36069371565179	65.81279470287262	XFG.1.1	0.04999949	lineage
2026-06	2026-06-01	152	27	2453	22.710764806206736	0.9180015383071932	0.6581279470287262	0.4238705146640805	19.36069371565179	65.81279470287262	XFG.3.21	0.03333318	lineage
2026-06	2026-06-01	152	27	2453	22.710764806206736	0.9180015383071932	0.6581279470287262	0.4238705146640805	19.36069371565179	65.81279470287262	XFG.3.22	0.03333318	lineage
2026-06	2026-06-01	152	27	2453	22.710764806206736	0.9180015383071932	0.6581279470287262	0.4238705146640805	19.36069371565179	65.81279470287262	XFG.3.19	0.03333318	lineage
2026-06	2026-06-01	152	27	2453	22.710764806206736	0.9180015383071932	0.6581279470287262	0.4238705146640805	19.36069371565179	65.81279470287262	XFG.3	0.03333318	lineage
2026-06	2026-06-01	152	27	2453	22.710764806206736	0.9180015383071932	0.6581279470287262	0.4238705146640805	19.36069371565179	65.81279470287262	XFG	0.03333318	lineage
2026-06	2026-06-01	152	27	2453	22.710764806206736	0.9180015383071932	0.6581279470287262	0.4238705146640805	19.36069371565179	65.81279470287262	NL.19	0.00564998	lineage
