sample	target	pairs	reads
SAMN47830421	norovirus	32841	63488
SAMN47830421	sars2	398	787
SAMN47830422	norovirus	21761	41935
SAMN47830422	sars2	325	643
SAMN47830423	norovirus	2220	4123
SAMN47830423	sars2	172	343
SAMN47830424	norovirus	233	428
SAMN47830424	sars2	24	48
SAMN47830425	norovirus	464	843
SAMN47830425	sars2	46	91
SAMN47830426	norovirus	361	689
SAMN47830426	sars2	49	97
SAMN47830427	norovirus	393	753
SAMN47830427	sars2	49	98
SAMN47830428	norovirus	799	1552
SAMN47830428	sars2	62	124
SAMN47830429	norovirus	283	552
SAMN47830429	sars2	5	10
SAMN47830430	norovirus	514	992
SAMN47830430	sars2	39	78
SAMN47830431	norovirus	474	934
SAMN47830431	sars2	27	54
SAMN47830432	norovirus	228	447
SAMN47830432	sars2	4	8
SAMN47830433	norovirus	487	943
SAMN47830433	sars2	16	32
SAMN47830434	norovirus	2605	5078
SAMN47830434	sars2	163	326
SAMN47830435	norovirus	88	169
SAMN47830435	sars2	12	23
SAMN47830436	norovirus	537	1041
SAMN47830436	sars2	4	8
SAMN47830437	norovirus	203	392
SAMN47830437	sars2	0	0
SAMN47830438	norovirus	1558	3041
SAMN47830438	sars2	33	65
SAMN47830439	norovirus	572	1117
SAMN47830439	sars2	28	56
SAMN47830440	norovirus	1251	2449
SAMN47830440	sars2	8	16
SAMN47830441	norovirus	1055	2062
SAMN47830441	sars2	26	51
SAMN47830444	norovirus	4220	8182
SAMN47830444	sars2	53	105
SAMN47830445	norovirus	1249	2414
SAMN47830445	sars2	9	18
SAMN47830446	norovirus	174	337
SAMN47830446	sars2	3	6
SAMN47830447	norovirus	3374	6605
SAMN47830447	sars2	161	322
SAMN47830448	norovirus	6198	12057
SAMN47830448	sars2	97	194
SAMN47830449	norovirus	1856	3609
SAMN47830449	sars2	63	123
SAMN47830450	norovirus	4461	8663
SAMN47830450	sars2	38	74
SAMN47830451	norovirus	7944	15393
SAMN47830451	sars2	58	116
SAMN47830452	norovirus	3627	7085
SAMN47830452	sars2	38	76
SAMN47830453	norovirus	7524	14643
SAMN47830453	sars2	184	368
SAMN47830454	norovirus	1997	3902
SAMN47830454	sars2	50	100
SAMN47830455	norovirus	2705	5278
SAMN47830455	sars2	12	24
SAMN47830456	norovirus	4956	9657
SAMN47830456	sars2	53	103
SAMN47830457	norovirus	759	1470
SAMN47830457	sars2	0	0
SAMN47830458	norovirus	476	932
SAMN47830458	sars2	7	14
SAMN47830461	norovirus	4514	8842
SAMN47830461	sars2	28	56
SAMN47830462	norovirus	1818	3463
SAMN47830462	sars2	14	28
SAMN47830463	norovirus	959	1864
SAMN47830463	sars2	8	16
SAMN47830464	norovirus	3251	6303
SAMN47830464	sars2	11	22
SAMN47830465	norovirus	5949	11607
SAMN47830465	sars2	49	98
SAMN47830466	norovirus	1823	3530
SAMN47830466	sars2	15	30
SAMN47830467	norovirus	1533	2987
SAMN47830467	sars2	0	0
SAMN47830468	norovirus	2373	4595
SAMN47830468	sars2	18	36
SAMN47830469	norovirus	1691	3284
SAMN47830469	sars2	5	10
SAMN47830470	norovirus	1797	3505
SAMN47830470	sars2	4	8
SAMN47830471	norovirus	232	452
SAMN47830471	sars2	2	4
SAMN47830472	norovirus	83	165
SAMN47830472	sars2	0	0
SAMN47830473	norovirus	435	846
SAMN47830473	sars2	7	14
SAMN47830474	norovirus	4951	9620
SAMN47830474	sars2	57	113
SAMN47830475	norovirus	4618	8892
SAMN47830475	sars2	26	52
SAMN47830476	norovirus	1306	2535
SAMN47830476	sars2	2	4
SAMN47830477	norovirus	9266	18062
SAMN47830477	sars2	47	89
SAMN47830478	norovirus	1168	2263
SAMN47830478	sars2	16	31
SAMN47830479	norovirus	2739	5297
SAMN47830479	sars2	50	100
SAMN47830480	norovirus	1130	2180
SAMN47830480	sars2	6	12
SAMN47830481	norovirus	1100	2143
SAMN47830481	sars2	8	13
SAMN47830482	norovirus	3769	7358
SAMN47830482	sars2	30	60
SAMN47830483	norovirus	1467	2869
SAMN47830483	sars2	11	22
SAMN47830484	norovirus	4757	9275
SAMN47830484	sars2	37	74
SAMN47830485	norovirus	9257	18094
SAMN47830485	sars2	78	156
SAMN47830486	norovirus	6069	11868
SAMN47830486	sars2	67	134
SAMN47830487	norovirus	3375	6612
SAMN47830487	sars2	11	22
SAMN47830488	norovirus	2313	4535
SAMN47830488	sars2	19	38
SAMN47830489	norovirus	898	1751
SAMN47830489	sars2	7	14
SAMN47830490	norovirus	6142	12023
SAMN47830490	sars2	25	50
SAMN47830491	norovirus	30496	59432
SAMN47830491	sars2	82	164
SAMN47830492	norovirus	16050	31504
SAMN47830492	sars2	161	318
SAMN47830493	norovirus	739	1441
SAMN47830493	sars2	10	20
SAMN47830494	norovirus	9493	18545
SAMN47830494	sars2	84	168
SAMN47830495	norovirus	15480	30128
SAMN47830495	sars2	32	64
SAMN47830496	norovirus	62895	122646
SAMN47830496	sars2	242	482
SAMN47830497	norovirus	11558	22602
SAMN47830497	sars2	70	140
SAMN47830498	norovirus	7309	14285
SAMN47830498	sars2	110	220
SAMN47830499	norovirus	30977	60628
SAMN47830499	sars2	81	161
SAMN47830500	norovirus	6307	12321
SAMN47830500	sars2	62	124
SAMN47830501	norovirus	7051	13731
SAMN47830501	sars2	47	94
SAMN47830502	norovirus	10235	19996
SAMN47830502	sars2	84	168
SAMN47830503	norovirus	3848	7506
SAMN47830503	sars2	7	14
SAMN47830504	norovirus	109385	213643
SAMN47830504	sars2	157	311
SAMN47830505	norovirus	2170	4238
SAMN47830505	sars2	24	48
SAMN47830506	norovirus	13880	27079
SAMN47830506	sars2	87	172
SAMN47830507	norovirus	8340	16231
SAMN47830507	sars2	22	43
SAMN47830508	norovirus	11389	22402
SAMN47830508	sars2	79	158
SAMN47830509	norovirus	19390	37899
SAMN47830509	sars2	146	291
SAMN47830510	norovirus	15021	29384
SAMN47830510	sars2	66	132
SAMN47830511	norovirus	45389	88609
SAMN47830511	sars2	121	238
SAMN47830512	norovirus	4070	8017
SAMN47830512	sars2	61	122
SAMN47830513	norovirus	37968	74398
SAMN47830513	sars2	592	1181
SAMN47830514	norovirus	6987	13676
SAMN47830514	sars2	23	44
SAMN47830515	norovirus	6893	13488
SAMN47830515	sars2	69	136
SAMN47830516	norovirus	293	578
SAMN47830516	sars2	2	4
SAMN47830517	norovirus	7937	15512
SAMN47830517	sars2	49	98
SAMN47830518	norovirus	20303	39612
SAMN47830518	sars2	129	258
SAMN47830519	norovirus	3268	6372
SAMN47830519	sars2	23	45
SAMN47830520	norovirus	10774	21108
SAMN47830520	sars2	163	323
SAMN47830521	norovirus	7603	14824
SAMN47830521	sars2	61	120
SAMN47830522	norovirus	60857	118981
SAMN47830522	sars2	348	696
SAMN47830523	norovirus	44885	87749
SAMN47830523	sars2	372	738
SAMN47830524	norovirus	1052	2072
SAMN47830524	sars2	5	10
SAMN47830525	norovirus	21444	42000
SAMN47830525	sars2	151	301
SAMN47830526	norovirus	25900	50268
SAMN47830526	sars2	79	158
SAMN47830527	norovirus	47170	91821
SAMN47830527	sars2	408	807
SAMN47830528	norovirus	21040	41138
SAMN47830528	sars2	162	323
SAMN47830529	norovirus	12567	24461
SAMN47830529	sars2	121	236
SAMN47830530	norovirus	35687	68778
SAMN47830530	sars2	189	357
SAMN47830531	norovirus	30222	59187
SAMN47830531	sars2	190	378
SAMN47830532	norovirus	15346	29754
SAMN47830532	sars2	55	110
SAMN47830533	norovirus	3585	6905
SAMN47830533	sars2	10	20
SAMN47830534	norovirus	18107	35056
SAMN47830534	sars2	33	66
SAMN47830535	norovirus	27628	53800
SAMN47830535	sars2	111	220
SAMN47830536	norovirus	27848	54037
SAMN47830536	sars2	40	79
SAMN47830537	norovirus	26570	51203
SAMN47830537	sars2	141	282
SAMN47830538	norovirus	87240	169448
SAMN47830538	sars2	434	857
SAMN47830539	norovirus	232	443
SAMN47830539	sars2	0	0
SAMN47830540	norovirus	3041	5813
SAMN47830540	sars2	22	43
SAMN47830541	norovirus	26008	50608
SAMN47830541	sars2	156	312
SAMN47830542	norovirus	37621	73212
SAMN47830542	sars2	204	408
SAMN47830543	norovirus	73441	143046
SAMN47830543	sars2	161	322
SAMN47830544	norovirus	48429	93782
SAMN47830544	sars2	165	323
SAMN47830545	norovirus	53597	104328
SAMN47830545	sars2	184	368
SAMN47830546	norovirus	3589	6910
SAMN47830546	sars2	28	56
SAMN47830547	norovirus	493	942
SAMN47830547	sars2	0	0
SAMN47830548	norovirus	5165	9983
SAMN47830548	sars2	35	70
SAMN47830549	norovirus	8529	16599
SAMN47830549	sars2	66	132
SAMN47830550	norovirus	32581	63588
SAMN47830550	sars2	136	272
SAMN47830551	norovirus	19675	38050
SAMN47830551	sars2	85	170
SAMN47830552	norovirus	23581	45879
SAMN47830552	sars2	146	292
SAMN47830553	norovirus	18385	35615
SAMN47830553	sars2	145	287
SAMN47830554	norovirus	1554	2945
SAMN47830554	sars2	0	0
SAMN47830555	norovirus	3086	6031
SAMN47830555	sars2	8	16
SAMN47830556	norovirus	1596	3101
SAMN47830556	sars2	7	14
SAMN47830557	norovirus	11028	21572
SAMN47830557	sars2	110	220
SAMN47830558	norovirus	6730	13155
SAMN47830558	sars2	39	78
SAMN47830559	norovirus	7348	14277
SAMN47830559	sars2	31	62
SAMN47830560	norovirus	1497	2880
SAMN47830560	sars2	6	12
SAMN47830561	norovirus	2113	4106
SAMN47830561	sars2	18	36
SAMN47830562	norovirus	7406	14364
SAMN47830562	sars2	86	171
SAMN47830563	norovirus	4453	8696
SAMN47830563	sars2	14	28
SAMN47830564	norovirus	15173	29555
SAMN47830564	sars2	210	414
SAMN47830565	norovirus	18223	35497
SAMN47830565	sars2	66	132
SAMN47830566	norovirus	4465	8620
SAMN47830566	sars2	37	74
SAMN47830567	norovirus	26875	52413
SAMN47830567	sars2	197	386
SAMN47830568	norovirus	3164	6189
SAMN47830568	sars2	0	0
SAMN47830569	norovirus	8799	17222
SAMN47830569	sars2	94	188
SAMN47830570	norovirus	9945	19498
SAMN47830570	sars2	67	134
SAMN47830571	norovirus	51595	100843
SAMN47830571	sars2	145	290
SAMN47830572	norovirus	34946	68277
SAMN47830572	sars2	88	173
SAMN47830573	norovirus	8323	16323
SAMN47830573	sars2	47	91
SAMN47830574	norovirus	24003	46808
SAMN47830574	sars2	38	76
SAMN47830575	norovirus	10343	20202
SAMN47830575	sars2	66	131
SAMN47830576	norovirus	31536	61700
SAMN47830576	sars2	257	512
SAMN47830577	norovirus	19465	38057
SAMN47830577	sars2	147	294
SAMN47830578	norovirus	1851	3596
SAMN47830578	sars2	35	69
SAMN47830579	norovirus	15045	29359
SAMN47830579	sars2	120	238
SAMN47830580	norovirus	5037	9732
SAMN47830580	sars2	17	34
SAMN47830581	norovirus	15439	30131
SAMN47830581	sars2	46	90
SAMN47830582	norovirus	15609	30428
SAMN47830582	sars2	125	247
SAMN47830583	norovirus	4976	9711
SAMN47830583	sars2	51	102
SAMN47830584	norovirus	9203	18044
SAMN47830584	sars2	34	65
SAMN47830585	norovirus	36598	71071
SAMN47830585	sars2	309	610
SAMN47830586	norovirus	2470	4805
SAMN47830586	sars2	1	2
SAMN47830587	norovirus	21288	41654
SAMN47830587	sars2	151	302
SAMN47830588	norovirus	1078	2100
SAMN47830588	sars2	3	5
SAMN47830589	norovirus	1374	2686
SAMN47830589	sars2	3	6
SAMN47830590	norovirus	2256	4388
SAMN47830590	sars2	19	38
SAMN47830591	norovirus	4116	8095
SAMN47830591	sars2	30	60
SAMN47830592	norovirus	8715	17070
SAMN47830592	sars2	56	105
SAMN47830593	norovirus	432	841
SAMN47830593	sars2	0	0
SAMN47830594	norovirus	1107	2164
SAMN47830594	sars2	9	18
SAMN47830595	norovirus	15606	30255
SAMN47830595	sars2	34	68
SAMN47830596	norovirus	19980	39102
SAMN47830596	sars2	130	260
SAMN47830597	norovirus	26649	52021
SAMN47830597	sars2	61	122
SAMN47830598	norovirus	11462	22419
SAMN47830598	sars2	29	58
SAMN47830599	norovirus	4318	8444
SAMN47830599	sars2	81	162
SAMN47830601	norovirus	27704	54099
SAMN47830601	sars2	259	514
SAMN47830603	norovirus	22950	44858
SAMN47830603	sars2	96	187
SAMN47830604	norovirus	34277	66971
SAMN47830604	sars2	158	315
SAMN47830605	norovirus	23742	46487
SAMN47830605	sars2	87	172
SAMN47830606	norovirus	11260	21929
SAMN47830606	sars2	75	150
SAMN52958976	norovirus	23992	44627
SAMN52958976	sars2	536	1057
SAMN52958977	norovirus	22384	41999
SAMN52958977	sars2	527	1047
SAMN52958984	norovirus	14280	27729
SAMN52958984	sars2	516	1016
SAMN52958985	norovirus	16336	31661
SAMN52958985	sars2	293	576
SAMN52958986	norovirus	28389	55383
SAMN52958986	sars2	340	662
SAMN52958987	norovirus	10251	20036
SAMN52958987	sars2	150	299
SAMN52958988	norovirus	21522	41959
SAMN52958988	sars2	211	420
SAMN52958989	norovirus	17270	33613
SAMN52958989	sars2	191	380
SAMN52958990	norovirus	12658	24703
SAMN52958990	sars2	71	139
SAMN52958991	norovirus	11042	21508
SAMN52958991	sars2	93	182
SAMN52958992	norovirus	13824	27032
SAMN52958992	sars2	596	1189
SAMN52958993	norovirus	2917	5737
SAMN52958993	sars2	387	768
SAMN52958994	norovirus	4108	8034
SAMN52958994	sars2	298	590
SAMN52958995	norovirus	3917	7642
SAMN52958995	sars2	153	306
SAMN52958996	norovirus	2770	5413
SAMN52958996	sars2	458	910
SAMN52958997	norovirus	5589	10930
SAMN52958997	sars2	987	1953
SAMN52958998	norovirus	3040	5919
SAMN52958998	sars2	1590	3167
SAMN52958999	norovirus	8231	16071
SAMN52958999	sars2	1171	2325
SAMN52959000	norovirus	1589	3127
SAMN52959000	sars2	414	828
SAMN52959001	norovirus	5082	9912
SAMN52959001	sars2	841	1678
SAMN52959002	norovirus	8451	16377
SAMN52959002	sars2	2230	4454
SAMN52959004	norovirus	3411	6703
SAMN52959004	sars2	750	1488
SAMN52959005	norovirus	3328	6541
SAMN52959005	sars2	351	699
SAMN52959006	norovirus	3470	6765
SAMN52959006	sars2	550	1085
SAMN52959007	norovirus	639	1238
SAMN52959007	sars2	126	250
SAMN52959008	norovirus	571	1052
SAMN52959008	sars2	221	440
SAMN52959009	norovirus	527	974
SAMN52959009	sars2	228	452
SAMN52959010	norovirus	184	350
SAMN52959010	sars2	40	79
SAMN52959011	norovirus	906	1689
SAMN52959011	sars2	275	542
SAMN52959012	norovirus	1251	2349
SAMN52959012	sars2	212	424
SAMN52959013	norovirus	486	953
SAMN52959013	sars2	45	90
SAMN52959014	norovirus	1374	2690
SAMN52959014	sars2	82	156
SAMN52959015	norovirus	1065	2082
SAMN52959015	sars2	30	58
SAMN52959016	norovirus	879	1692
SAMN52959016	sars2	10	20
SAMN52959017	norovirus	8197	15963
SAMN52959017	sars2	53	106
SAMN52959018	norovirus	11469	22223
SAMN52959018	sars2	32	64
SAMN52959019	norovirus	11526	22434
SAMN52959019	sars2	31	62
SAMN52959020	norovirus	2620	5061
SAMN52959020	sars2	15	30
SAMN52959021	norovirus	425	824
SAMN52959021	sars2	8	16
SAMN52959022	norovirus	533	1031
SAMN52959022	sars2	10	20
SAMN52959023	norovirus	4057	7905
SAMN52959023	sars2	85	170
SAMN52959024	norovirus	3261	6348
SAMN52959024	sars2	85	169
SAMN52959025	norovirus	5420	10559
SAMN52959025	sars2	109	215
SAMN52959026	norovirus	4630	8972
SAMN52959026	sars2	89	177
SAMN52959027	norovirus	60241	117778
SAMN52959027	sars2	587	1168
SAMN52959028	norovirus	13686	26807
SAMN52959028	sars2	228	456
SAMN53034969	norovirus	16840	32752
SAMN53034969	sars2	208	414
SAMN53034970	norovirus	12366	23965
SAMN53034970	sars2	85	166
SAMN53034971	norovirus	16935	32909
SAMN53034971	sars2	101	199
SAMN53034972	norovirus	8899	17220
SAMN53034972	sars2	46	92
SAMN53034973	norovirus	17595	34140
SAMN53034973	sars2	155	307
SAMN53034974	norovirus	7057	13678
SAMN53034974	sars2	86	168
SAMN53034975	norovirus	43307	84448
SAMN53034975	sars2	150	300
SAMN53034976	norovirus	7926	15459
SAMN53034976	sars2	30	60
SAMN53034977	norovirus	12190	23761
SAMN53034977	sars2	37	73
SAMN53034978	norovirus	2501	4897
SAMN53034978	sars2	5	10
SAMN53034979	norovirus	2329	4468
SAMN53034979	sars2	11	22
SAMN53034980	norovirus	2344	4562
SAMN53034980	sars2	0	0
SAMN53034981	norovirus	3823	7378
SAMN53034981	sars2	20	40
SAMN53034982	norovirus	1563	3033
SAMN53034982	sars2	16	31
SAMN53034983	norovirus	10983	21300
SAMN53034983	sars2	61	122
SAMN53034984	norovirus	3133	6116
SAMN53034984	sars2	24	48
SAMN53034985	norovirus	4682	9087
SAMN53034985	sars2	18	36
SAMN53034986	norovirus	2630	5104
SAMN53034986	sars2	14	28
SAMN53034987	norovirus	7654	14993
SAMN53034987	sars2	89	178
SAMN53034988	norovirus	7353	14392
SAMN53034988	sars2	26	52
SAMN53034989	norovirus	4215	8185
SAMN53034989	sars2	25	50
SAMN53034990	norovirus	7613	14842
SAMN53034990	sars2	37	68
SAMN53034991	norovirus	3802	7382
SAMN53034991	sars2	76	152
SAMN53034992	norovirus	4265	8328
SAMN53034992	sars2	115	219
SAMN53034993	norovirus	7315	14468
SAMN53034993	sars2	99	195
SAMN53059441	norovirus	2939	5666
SAMN53059441	sars2	77	153
SAMN53059442	norovirus	16153	31412
SAMN53059442	sars2	201	395
SAMN53059443	norovirus	18501	36107
SAMN53059443	sars2	120	237
SAMN53059444	norovirus	18116	35366
SAMN53059444	sars2	115	229
SAMN53059445	norovirus	18708	36291
SAMN53059445	sars2	182	364
SAMN53059446	norovirus	22510	43746
SAMN53059446	sars2	94	188
SAMN53059447	norovirus	24393	47476
SAMN53059447	sars2	128	255
SAMN53059448	norovirus	14855	29026
SAMN53059448	sars2	93	184
SAMN53059449	norovirus	35844	69802
SAMN53059449	sars2	324	641
SAMN53059450	norovirus	20673	40392
SAMN53059450	sars2	96	191
SAMN53059451	norovirus	1905	3686
SAMN53059451	sars2	24	45
SAMN53059452	norovirus	11084	21549
SAMN53059452	sars2	95	188
SAMN53059453	norovirus	18770	36746
SAMN53059453	sars2	161	320
SAMN53059454	norovirus	8794	17130
SAMN53059454	sars2	130	260
SAMN53059455	norovirus	14303	27882
SAMN53059455	sars2	181	362
SAMN53059456	norovirus	9626	18797
SAMN53059456	sars2	136	263
SAMN53059457	norovirus	16141	31179
SAMN53059457	sars2	265	520
SAMN53059458	norovirus	18163	34947
SAMN53059458	sars2	176	352
SAMN53059459	norovirus	17055	33047
SAMN53059459	sars2	222	444
SAMN53059460	norovirus	12012	23401
SAMN53059460	sars2	302	595
SAMN53059461	norovirus	16554	32362
SAMN53059461	sars2	383	757
SAMN53059462	norovirus	17123	33531
SAMN53059462	sars2	274	538
SAMN53059463	norovirus	36681	71547
SAMN53059463	sars2	316	632
SAMN53059464	norovirus	41321	81102
SAMN53059464	sars2	349	698
SAMN53059465	norovirus	15693	30608
SAMN53059465	sars2	385	748
SAMN53059466	norovirus	21528	41907
SAMN53059466	sars2	615	1230
SAMN53059467	norovirus	21714	42179
SAMN53059467	sars2	339	666
SAMN53059468	norovirus	11417	22138
SAMN53059468	sars2	400	796
SAMN53059469	norovirus	21886	42363
SAMN53059469	sars2	311	621
SAMN53059470	norovirus	25219	48332
SAMN53059470	sars2	419	829
SAMN53059471	norovirus	28098	54600
SAMN53059471	sars2	356	700
SAMN53059472	norovirus	18654	35854
SAMN53059472	sars2	446	882
SAMN53059473	norovirus	18550	35880
SAMN53059473	sars2	555	1098
SAMN53059474	norovirus	13628	26112
SAMN53059474	sars2	275	550
SAMN53059475	norovirus	31778	61534
SAMN53059475	sars2	440	880
SAMN53059476	norovirus	38168	74010
SAMN53059476	sars2	356	712
SAMN53059477	norovirus	61677	119767
SAMN53059477	sars2	629	1240
SAMN53059478	norovirus	27497	52776
SAMN53059478	sars2	246	480
SAMN53059479	norovirus	15625	30339
SAMN53059479	sars2	657	1310
SAMN53059480	norovirus	18448	35799
SAMN53059480	sars2	642	1283
SAMN53059481	norovirus	27468	53379
SAMN53059481	sars2	1020	2038
SAMN53059482	norovirus	23945	46622
SAMN53059482	sars2	863	1717
SAMN53059483	norovirus	16853	32777
SAMN53059483	sars2	848	1688
SAMN53059484	norovirus	5038	9836
SAMN53059484	sars2	396	785
SAMN53059485	norovirus	16005	31016
SAMN53059485	sars2	642	1284
SAMN53059486	norovirus	13359	25895
SAMN53059486	sars2	493	986
SAMN53059487	norovirus	11312	22150
SAMN53059487	sars2	907	1795
SAMN53059488	norovirus	11109	21535
SAMN53059488	sars2	789	1558
SAMN53059489	norovirus	11039	21532
SAMN53059489	sars2	399	788
SAMN53059490	norovirus	19585	38328
SAMN53059490	sars2	805	1603
SAMN53059491	norovirus	9081	17643
SAMN53059491	sars2	536	1064
SAMN53059492	norovirus	5045	9805
SAMN53059492	sars2	458	899
SAMN53059493	norovirus	8788	17178
SAMN53059493	sars2	221	442
SAMN53059494	norovirus	15681	30616
SAMN53059494	sars2	396	784
SAMN53059495	norovirus	11414	22305
SAMN53059495	sars2	493	970
SAMN53059496	norovirus	19435	37923
SAMN53059496	sars2	686	1363
SAMN53059497	norovirus	13850	26741
SAMN53059497	sars2	265	518
SAMN53059498	norovirus	12109	23338
SAMN53059498	sars2	378	741
SAMN53059499	norovirus	12678	24736
SAMN53059499	sars2	296	589
SAMN53071625	norovirus	1436	2768
SAMN53071625	sars2	0	0
SAMN53071626	norovirus	3553	6927
SAMN53071626	sars2	0	0
SAMN53071627	norovirus	7374	14318
SAMN53071627	sars2	254	508
SAMN53071628	norovirus	1724	3312
SAMN53071628	sars2	0	0
SAMN53071629	norovirus	725	1400
SAMN53071629	sars2	49	98
SAMN53071630	norovirus	1764	3480
SAMN53071630	sars2	76	132
SAMN53071631	norovirus	14042	26444
SAMN53071631	sars2	18	36
SAMN53071632	norovirus	2710	5169
SAMN53071632	sars2	32	64
SAMN53071633	norovirus	533	1037
SAMN53071633	sars2	262	524
SAMN53071634	norovirus	354	676
SAMN53071634	sars2	13	26
SAMN53071635	norovirus	2181	4272
SAMN53071635	sars2	79	158
SAMN53071636	norovirus	2645	5229
SAMN53071636	sars2	36	72
SAMN53071637	norovirus	2862	5601
SAMN53071637	sars2	61	122
SAMN53071638	norovirus	13679	27029
SAMN53071638	sars2	133	263
SAMN53071639	norovirus	6639	13010
SAMN53071639	sars2	73	146
SAMN53071640	norovirus	15917	31219
SAMN53071640	sars2	56	112
SAMN53071641	norovirus	242	478
SAMN53071641	sars2	6	10
SAMN53071642	norovirus	56362	108569
SAMN53071642	sars2	10	18
SAMN53071643	norovirus	21430	42091
SAMN53071643	sars2	47	94
SAMN53084823	norovirus	8636	16842
SAMN53084823	sars2	112	223
SAMN53084824	norovirus	2398	4622
SAMN53084824	sars2	20	40
SAMN53084825	norovirus	9640	18714
SAMN53084825	sars2	21	40
SAMN53084826	norovirus	3722	7182
SAMN53084826	sars2	0	0
SAMN53084827	norovirus	4006	7687
SAMN53084827	sars2	5	10
SAMN53084828	norovirus	10177	19841
SAMN53084828	sars2	29	58
SAMN53084829	norovirus	25256	48899
SAMN53084829	sars2	38	76
SAMN53084830	norovirus	6000	11674
SAMN53084830	sars2	22	43
SAMN53084831	norovirus	6055	11856
SAMN53084831	sars2	9	18
SAMN53084832	norovirus	2615	5098
SAMN53084832	sars2	5	10
SAMN53084833	norovirus	2097	4078
SAMN53084833	sars2	7	14
SAMN53084834	norovirus	7934	15473
SAMN53084834	sars2	14	28
SAMN53084835	norovirus	5022	9711
SAMN53084835	sars2	23	46
SAMN53084836	norovirus	17946	35214
SAMN53084836	sars2	31	62
SAMN53084837	norovirus	26991	52679
SAMN53084837	sars2	17	34
SAMN53084838	norovirus	22898	44771
SAMN53084838	sars2	46	92
SAMN53084839	norovirus	13643	26484
SAMN53084839	sars2	60	120
SAMN53084840	norovirus	11293	21528
SAMN53084840	sars2	15	30
SAMN53084841	norovirus	3052	5929
SAMN53084841	sars2	22	44
SAMN53084842	norovirus	5584	10501
SAMN53084842	sars2	105	208
SAMN53084843	norovirus	12628	24259
SAMN53084843	sars2	161	320
SAMN53084844	norovirus	10930	20827
SAMN53084844	sars2	81	133
SAMN53084845	norovirus	4260	8259
SAMN53084845	sars2	218	436
SAMN53084846	norovirus	17552	34223
SAMN53084846	sars2	695	1390
SAMN53084847	norovirus	5018	9557
SAMN53084847	sars2	190	372
SAMN53084848	norovirus	2657	5034
SAMN53084848	sars2	229	458
SAMN53084849	norovirus	4660	8596
SAMN53084849	sars2	43	86
SAMN53084850	norovirus	1922	3697
SAMN53084850	sars2	82	164
SAMN53084851	norovirus	3425	6422
SAMN53084851	sars2	257	490
SAMN53084852	norovirus	2866	5455
SAMN53084852	sars2	206	408
SAMN53084853	norovirus	6559	12353
SAMN53084853	sars2	153	304
SAMN53084854	norovirus	6243	12083
SAMN53084854	sars2	110	220
SAMN53084855	norovirus	6326	11934
SAMN53084855	sars2	56	109
SAMN53084856	norovirus	15014	28776
SAMN53084856	sars2	41	82
SAMN53111716	norovirus	1564	3066
SAMN53111716	sars2	39	78
SAMN53111717	norovirus	393	755
SAMN53111717	sars2	5	10
SAMN53111718	norovirus	7028	13653
SAMN53111718	sars2	10	20
SAMN53111719	norovirus	5707	11210
SAMN53111719	sars2	9	18
SAMN53111720	norovirus	160	302
SAMN53111720	sars2	0	0
SAMN53111721	norovirus	65	111
SAMN53111721	sars2	0	0
SAMN53111722	norovirus	14	28
SAMN53111722	sars2	0	0
SAMN53111723	norovirus	1055	2070
SAMN53111723	sars2	42	84
SAMN53111724	norovirus	5909	11549
SAMN53111724	sars2	11	22
SAMN53111725	norovirus	2266	4375
SAMN53111725	sars2	643	1286
SAMN53111726	norovirus	2953	5640
SAMN53111726	sars2	39	78
SAMN53111727	norovirus	1121	2156
SAMN53111727	sars2	0	0
SAMN53111728	norovirus	1747	3347
SAMN53111728	sars2	0	0
SAMN53111729	norovirus	196	382
SAMN53111729	sars2	0	0
SAMN53111730	norovirus	264	440
SAMN53111730	sars2	0	0
SAMN53111731	norovirus	1611	3159
SAMN53111731	sars2	10	10
SAMN53111732	norovirus	285	570
SAMN53111732	sars2	0	0
SAMN53111733	norovirus	740	1389
SAMN53111733	sars2	49	92
SAMN53111734	norovirus	327	641
SAMN53111734	sars2	20	20
SAMN53111735	norovirus	331	652
SAMN53111735	sars2	21	42
SAMN53111736	norovirus	135	257
SAMN53111736	sars2	55	110
SAMN53134949	norovirus	4683	9012
SAMN53134949	sars2	47	91
SAMN53134950	norovirus	1775	3492
SAMN53134950	sars2	23	45
SAMN53134951	norovirus	3899	7549
SAMN53134951	sars2	55	110
SAMN53134952	norovirus	3385	6638
SAMN53134952	sars2	25	50
SAMN53134953	norovirus	2993	5872
SAMN53134953	sars2	34	68
SAMN53134954	norovirus	1793	3526
SAMN53134954	sars2	23	46
SAMN53134955	norovirus	4712	9242
SAMN53134955	sars2	32	64
SAMN53134956	norovirus	6268	12240
SAMN53134956	sars2	50	100
SAMN53134957	norovirus	6476	12591
SAMN53134957	sars2	146	287
SAMN53134958	norovirus	7073	13768
SAMN53134958	sars2	52	104
SAMN53134959	norovirus	5250	10169
SAMN53134959	sars2	28	55
SAMN53134960	norovirus	9165	17899
SAMN53134960	sars2	94	187
SAMN53134961	norovirus	7153	13925
SAMN53134961	sars2	107	214
SAMN53134962	norovirus	7456	14469
SAMN53134962	sars2	117	233
SAMN53134963	norovirus	8694	16743
SAMN53134963	sars2	84	168
SAMN53134964	norovirus	8382	16276
SAMN53134964	sars2	189	373
SAMN53134965	norovirus	8120	15794
SAMN53134965	sars2	176	335
SAMN53134966	norovirus	3802	7233
SAMN53134966	sars2	13	26
SAMN53134967	norovirus	2568	4996
SAMN53134967	sars2	84	164
SAMN53134968	norovirus	9683	18831
SAMN53134968	sars2	422	836
SAMN53134969	norovirus	3024	5818
SAMN53134969	sars2	50	100
SAMN53134970	norovirus	6373	12460
SAMN53134970	sars2	55	110
SAMN53134971	norovirus	2978	5795
SAMN53134971	sars2	10	20
SAMN53134972	norovirus	5962	11599
SAMN53134972	sars2	53	106
SAMN53134973	norovirus	10423	20353
SAMN53134973	sars2	92	184
SAMN53134974	norovirus	654	1267
SAMN53134974	sars2	9	18
SAMN53134975	norovirus	1422	2782
SAMN53134975	sars2	15	30
SAMN53134976	norovirus	7770	15216
SAMN53134976	sars2	88	175
SAMN53134977	norovirus	2650	5095
SAMN53134977	sars2	29	53
SAMN53134978	norovirus	9731	18948
SAMN53134978	sars2	143	286
SAMN53134979	norovirus	5112	9968
SAMN53134979	sars2	27	54
SAMN53134980	norovirus	9698	18922
SAMN53134980	sars2	94	188
SAMN53134981	norovirus	5357	10430
SAMN53134981	sars2	161	322
SAMN53134982	norovirus	7059	13742
SAMN53134982	sars2	158	300
SAMN53134983	norovirus	11361	21963
SAMN53134983	sars2	67	133
SAMN53134984	norovirus	5212	10217
SAMN53134984	sars2	199	398
SAMN53134985	norovirus	4655	9079
SAMN53134985	sars2	40	80
SAMN53134986	norovirus	4281	8403
SAMN53134986	sars2	0	0
SAMN53134987	norovirus	5162	10009
SAMN53134987	sars2	113	226
SAMN53134988	norovirus	3429	6670
SAMN53134988	sars2	0	0
SAMN53134989	norovirus	2818	5414
SAMN53134989	sars2	16	25
SAMN53134990	norovirus	12816	24976
SAMN53134990	sars2	23	46
SAMN53134991	norovirus	17834	34804
SAMN53134991	sars2	22	44
SAMN53134992	norovirus	30346	59051
SAMN53134992	sars2	29	58
SAMN53134993	norovirus	2846	5533
SAMN53134993	sars2	10	20
SAMN53134994	norovirus	8975	17500
SAMN53134994	sars2	28	55
SAMN53134995	norovirus	2172	4178
SAMN53134995	sars2	1	2
SAMN53134996	norovirus	16819	32986
SAMN53134996	sars2	49	98
SAMN53134997	norovirus	1832	3628
SAMN53134997	sars2	0	0
SAMN53134998	norovirus	4608	8927
SAMN53134998	sars2	27	54
SAMN53134999	norovirus	22200	43519
SAMN53134999	sars2	125	250
SAMN53135000	norovirus	13438	26282
SAMN53135000	sars2	281	562
SAMN53135001	norovirus	11259	21933
SAMN53135001	sars2	84	168
SAMN53135002	norovirus	15360	29730
SAMN53135002	sars2	88	176
SAMN53135003	norovirus	15018	29373
SAMN53135003	sars2	129	258
SAMN53135004	norovirus	2794	5583
SAMN53135004	sars2	0	0
SAMN53135005	norovirus	5906	11520
SAMN53135005	sars2	349	698
SAMN53135006	norovirus	7735	14904
SAMN53135006	sars2	90	180
SAMN53135019	norovirus	3106	6070
SAMN53135019	sars2	3	6
SAMN53135020	norovirus	4894	9515
SAMN53135020	sars2	56	112
SAMN53135021	norovirus	1157	2275
SAMN53135021	sars2	20	40
SAMN53135022	norovirus	2615	5137
SAMN53135022	sars2	74	148
SAMN53135023	norovirus	10863	21064
SAMN53135023	sars2	66	132
SAMN53135024	norovirus	6477	12603
SAMN53135024	sars2	139	278
SAMN53135025	norovirus	3592	7004
SAMN53135025	sars2	0	0
SAMN53135026	norovirus	5293	10224
SAMN53135026	sars2	141	282
SAMN53135031	norovirus	5304	10232
SAMN53135031	sars2	377	750
SAMN53135032	norovirus	6063	11760
SAMN53135032	sars2	248	487
SAMN53135033	norovirus	5006	9793
SAMN53135033	sars2	259	515
SAMN53135034	norovirus	3447	6726
SAMN53135034	sars2	102	204
SAMN53135035	norovirus	5240	10118
SAMN53135035	sars2	238	476
SAMN53135036	norovirus	9671	18719
SAMN53135036	sars2	635	1258
SAMN53135037	norovirus	2305	4452
SAMN53135037	sars2	121	229
SAMN53135038	norovirus	4654	8977
SAMN53135038	sars2	478	940
SAMN53135039	norovirus	4793	9333
SAMN53135039	sars2	205	408
SAMN53135040	norovirus	1467	2859
SAMN53135040	sars2	33	61
SAMN53135041	norovirus	4754	9201
SAMN53135041	sars2	105	198
SAMN53135042	norovirus	1212	2329
SAMN53135042	sars2	5	9
SAMN53135043	norovirus	1189	2352
SAMN53135043	sars2	110	220
SAMN53135044	norovirus	6220	12104
SAMN53135044	sars2	264	523
SAMN53135045	norovirus	3418	6736
SAMN53135045	sars2	75	150
SAMN53135046	norovirus	2869	5568
SAMN53135046	sars2	114	228
SAMN53135047	norovirus	3027	5914
SAMN53135047	sars2	164	328
SAMN53135048	norovirus	3125	6080
SAMN53135048	sars2	107	207
SAMN53135049	norovirus	2637	5154
SAMN53135049	sars2	72	141
SAMN53135050	norovirus	3494	6808
SAMN53135050	sars2	115	230
SAMN53135051	norovirus	4957	9774
SAMN53135051	sars2	25	50
SAMN53135052	norovirus	2707	5261
SAMN53135052	sars2	20	33
SAMN53135053	norovirus	2998	5794
SAMN53135053	sars2	70	138
SAMN53135054	norovirus	4147	8034
SAMN53135054	sars2	224	441
SAMN53135055	norovirus	19075	37661
SAMN53135055	sars2	102	204
SAMN53135056	norovirus	5458	10715
SAMN53135056	sars2	86	171
SAMN53135057	norovirus	2398	4582
SAMN53135057	sars2	160	316
SAMN53135058	norovirus	1908	3709
SAMN53135058	sars2	65	130
SAMN53135059	norovirus	5763	11171
SAMN53135059	sars2	167	326
SAMN53135060	norovirus	7214	13947
SAMN53135060	sars2	345	685
SAMN53135061	norovirus	8816	16917
SAMN53135061	sars2	188	366
SAMN53135062	norovirus	8399	16205
SAMN53135062	sars2	93	186
SAMN53135063	norovirus	6492	12629
SAMN53135063	sars2	110	220
SAMN53135074	norovirus	1498	2914
SAMN53135074	sars2	17	34
SAMN53135075	norovirus	4541	8865
SAMN53135075	sars2	175	337
SAMN53135076	norovirus	699	1339
SAMN53135076	sars2	0	0
SAMN53135077	norovirus	229	450
SAMN53135077	sars2	3	6
SAMN54569784	norovirus	6173	12077
SAMN54569784	sars2	352	704
SAMN54569785	norovirus	6034	11797
SAMN54569785	sars2	447	893
SAMN54569786	norovirus	2390	4634
SAMN54569786	sars2	450	894
SAMN54569787	norovirus	4039	7936
SAMN54569787	sars2	354	706
SAMN54569788	norovirus	4380	8568
SAMN54569788	sars2	413	822
SAMN54569789	norovirus	32199	62771
SAMN54569789	sars2	432	842
SAMN54569790	norovirus	7012	13744
SAMN54569790	sars2	190	378
SAMN54569791	norovirus	6939	13534
SAMN54569791	sars2	521	1038
SAMN54569792	norovirus	9195	17985
SAMN54569792	sars2	253	498
SAMN54569793	norovirus	21418	41890
SAMN54569793	sars2	1051	2081
SAMN54569794	norovirus	4396	8484
SAMN54569794	sars2	202	398
SAMN54569795	norovirus	8022	15515
SAMN54569795	sars2	171	342
SAMN54569796	norovirus	18242	35439
SAMN54569796	sars2	219	432
SAMN54569797	norovirus	5589	10527
SAMN54569797	sars2	538	1064
SAMN54569798	norovirus	8893	17266
SAMN54569798	sars2	403	799
SAMN54569799	norovirus	18331	35882
SAMN54569799	sars2	334	659
SAMN54569800	norovirus	8405	16434
SAMN54569800	sars2	619	1229
SAMN54569801	norovirus	24126	47159
SAMN54569801	sars2	264	521
SAMN54569802	norovirus	6817	13402
SAMN54569802	sars2	46	92
SAMN54569803	norovirus	5914	11479
SAMN54569803	sars2	44	88
SAMN54569804	norovirus	7530	14768
SAMN54569804	sars2	633	1246
SAMN54569805	norovirus	3906	7675
SAMN54569805	sars2	201	398
SAMN54569806	norovirus	11234	21898
SAMN54569806	sars2	73	145
SAMN54569807	norovirus	1448	2832
SAMN54569807	sars2	186	369
SAMN54569808	norovirus	3266	6344
SAMN54569808	sars2	28	56
SAMN54569809	norovirus	23668	46441
SAMN54569809	sars2	100	198
SAMN54592491	norovirus	10777	21045
SAMN54592491	sars2	502	998
SAMN54592492	norovirus	13197	25411
SAMN54592492	sars2	414	828
SAMN54592493	norovirus	16174	31279
SAMN54592493	sars2	250	485
SAMN54592494	norovirus	25666	50208
SAMN54592494	sars2	214	419
SAMN54592495	norovirus	19992	38952
SAMN54592495	sars2	163	322
SAMN54592496	norovirus	23824	46733
SAMN54592496	sars2	248	496
SAMN54592497	norovirus	33559	65584
SAMN54592497	sars2	327	648
SAMN54592498	norovirus	27628	53892
SAMN54592498	sars2	162	324
SAMN54592499	norovirus	28102	54875
SAMN54592499	sars2	84	166
SAMN54592500	norovirus	15859	30954
SAMN54592500	sars2	56	112
SAMN54592501	norovirus	44820	87643
SAMN54592501	sars2	84	167
SAMN54592502	norovirus	19691	38265
SAMN54592502	sars2	49	94
SAMN54592503	norovirus	33707	65350
SAMN54592503	sars2	59	118
SAMN54592504	norovirus	11237	21875
SAMN54592504	sars2	730	1441
SAMN54592505	norovirus	13219	25688
SAMN54592505	sars2	792	1559
SAMN54592506	norovirus	18441	35878
SAMN54592506	sars2	729	1430
SAMN54609812	norovirus	27398	53232
SAMN54609812	sars2	337	674
SAMN54609813	norovirus	23115	45296
SAMN54609813	sars2	221	440
SAMN54609814	norovirus	10999	21441
SAMN54609814	sars2	271	537
SAMN54609815	norovirus	16274	31851
SAMN54609815	sars2	107	213
SAMN54609816	norovirus	16584	32203
SAMN54609816	sars2	280	558
SAMN54609817	norovirus	4779	9383
SAMN54609817	sars2	39	78
SAMN54609818	norovirus	13348	26010
SAMN54609818	sars2	156	307
SAMN54609819	norovirus	15058	29415
SAMN54609819	sars2	67	134
SAMN54609820	norovirus	13884	27190
SAMN54609820	sars2	70	139
SAMN54609821	norovirus	10135	19682
SAMN54609821	sars2	79	144
SAMN54609822	norovirus	19943	38519
SAMN54609822	sars2	32	64
SAMN54609823	norovirus	18825	36866
SAMN54609823	sars2	59	118
SAMN54609824	norovirus	25371	49556
SAMN54609824	sars2	34	68
SAMN54609825	norovirus	8091	15814
SAMN54609825	sars2	41	82
SAMN54609826	norovirus	11787	23069
SAMN54609826	sars2	60	120
SAMN54609827	norovirus	23609	45889
SAMN54609827	sars2	29	56
SAMN54609828	norovirus	34590	66970
SAMN54609828	sars2	106	212
SAMN54610778	norovirus	7272	14189
SAMN54610778	sars2	116	232
SAMN54610779	norovirus	5066	9905
SAMN54610779	sars2	46	92
SAMN54610780	norovirus	1459	2837
SAMN54610780	sars2	34	68
SAMN54610781	norovirus	11041	21640
SAMN54610781	sars2	148	295
SAMN54610782	norovirus	7041	13687
SAMN54610782	sars2	20	38
SAMN54610783	norovirus	5305	10307
SAMN54610783	sars2	48	96
SAMN54610784	norovirus	3586	7024
SAMN54610784	sars2	23	46
SAMN54610785	norovirus	2756	5423
SAMN54610785	sars2	50	96
SAMN54610786	norovirus	2605	5126
SAMN54610786	sars2	36	72
SAMN54610787	norovirus	9691	19124
SAMN54610787	sars2	176	350
SAMN54610788	norovirus	2262	4450
SAMN54610788	sars2	19	38
SAMN54610789	norovirus	1888	3715
SAMN54610789	sars2	36	72
SAMN54610790	norovirus	8581	16674
SAMN54610790	sars2	47	94
SAMN54610791	norovirus	16797	32361
SAMN54610791	sars2	70	140
SAMN54610792	norovirus	12716	24822
SAMN54610792	sars2	108	211
SAMN54610793	norovirus	519	1002
SAMN54610793	sars2	1	2
SAMN54610794	norovirus	8549	16567
SAMN54610794	sars2	123	246
SAMN54610795	norovirus	6008	11702
SAMN54610795	sars2	32	64
SAMN54610796	norovirus	590	1141
SAMN54610796	sars2	11	22
SAMN54610797	norovirus	1931	3747
SAMN54610797	sars2	33	65
SAMN54610798	norovirus	1072	2099
SAMN54610798	sars2	18	35
SAMN54610799	norovirus	1539	3032
SAMN54610799	sars2	14	28
SAMN54610800	norovirus	3459	6773
SAMN54610800	sars2	55	107
SAMN54610801	norovirus	2438	4789
SAMN54610801	sars2	8	16
SAMN54610802	norovirus	2212	4278
SAMN54610802	sars2	55	110
SAMN54610803	norovirus	4172	8152
SAMN54610803	sars2	71	142
SAMN54610804	norovirus	1792	3517
SAMN54610804	sars2	43	86
SAMN54610805	norovirus	3716	7257
SAMN54610805	sars2	59	114
SAMN54610806	norovirus	1554	3036
SAMN54610806	sars2	33	66
SAMN54610807	norovirus	3624	7076
SAMN54610807	sars2	57	114
SAMN54680412	norovirus	6869	13381
SAMN54680412	sars2	215	426
SAMN54680413	norovirus	5312	10394
SAMN54680413	sars2	176	352
SAMN54680414	norovirus	6448	12644
SAMN54680414	sars2	279	546
SAMN54680415	norovirus	15130	29581
SAMN54680415	sars2	282	560
SAMN54680416	norovirus	18615	36396
SAMN54680416	sars2	228	441
SAMN54680417	norovirus	32587	63551
SAMN54680417	sars2	325	636
SAMN54680418	norovirus	41507	81121
SAMN54680418	sars2	104	208
SAMN54680419	norovirus	36384	71363
SAMN54680419	sars2	132	263
SAMN54680420	norovirus	37985	74510
SAMN54680420	sars2	65	126
SAMN54680421	norovirus	48596	95624
SAMN54680421	sars2	100	200
SAMN54680422	norovirus	38586	75796
SAMN54680422	sars2	62	124
SAMN54680423	norovirus	38553	76168
SAMN54680423	sars2	153	305
SAMN54680424	norovirus	27774	54854
SAMN54680424	sars2	129	257
SAMN54680425	norovirus	22064	43572
SAMN54680425	sars2	150	299
SAMN54680426	norovirus	17514	34217
SAMN54680426	sars2	127	249
SAMN54680427	norovirus	16697	32787
SAMN54680427	sars2	87	174
SAMN54680428	norovirus	12743	25034
SAMN54680428	sars2	68	136
SAMN54680429	norovirus	13887	27234
SAMN54680429	sars2	394	786
SAMN54680430	norovirus	11540	22658
SAMN54680430	sars2	47	94
SAMN54680431	norovirus	10999	21493
SAMN54680431	sars2	224	447
SAMN54680432	norovirus	9595	18624
SAMN54680432	sars2	194	388
SAMN54680433	norovirus	15849	31001
SAMN54680433	sars2	232	460
SAMN54680434	norovirus	12800	24913
SAMN54680434	sars2	88	173
SAMN54680435	norovirus	28126	54707
SAMN54680435	sars2	99	195
SAMN54680436	norovirus	40733	79963
SAMN54680436	sars2	101	202
SAMN54680437	norovirus	41496	81537
SAMN54680437	sars2	67	134
SAMN54680438	norovirus	38052	74708
SAMN54680438	sars2	74	148
SAMN54680439	norovirus	34192	67116
SAMN54680439	sars2	127	254
SAMN54680440	norovirus	55541	109589
SAMN54680440	sars2	117	234
SAMN54680441	norovirus	28172	55323
SAMN54680441	sars2	29	58
SAMN54680442	norovirus	35232	69345
SAMN54680442	sars2	96	192
SAMN54680443	norovirus	23804	46855
SAMN54680443	sars2	64	124
SAMN54680444	norovirus	18329	36047
SAMN54680444	sars2	47	94
SAMN54680445	norovirus	38348	75417
SAMN54680445	sars2	113	226
SAMN54703701	norovirus	12426	23447
SAMN54703701	sars2	21	38
SAMN54703702	norovirus	16418	32195
SAMN54703702	sars2	27	54
SAMN54703703	norovirus	4414	8605
SAMN54703703	sars2	12	24
SAMN54703704	norovirus	8203	15822
SAMN54703704	sars2	7	14
SAMN54703705	norovirus	5460	10648
SAMN54703705	sars2	28	55
SAMN54703706	norovirus	11645	22609
SAMN54703706	sars2	16	30
SAMN54703707	norovirus	49362	97730
SAMN54703707	sars2	7	14
SAMN54703708	norovirus	20859	40860
SAMN54703708	sars2	65	128
SAMN54703709	norovirus	30313	59302
SAMN54703709	sars2	59	115
SAMN54703710	norovirus	35790	69681
SAMN54703710	sars2	338	674
SAMN54703711	norovirus	53787	104775
SAMN54703711	sars2	334	663
SAMN54703712	norovirus	36858	71991
SAMN54703712	sars2	140	280
SAMN54703713	norovirus	30374	59418
SAMN54703713	sars2	142	283
SAMN54703714	norovirus	41481	80835
SAMN54703714	sars2	246	489
SAMN54703715	norovirus	46126	90222
SAMN54703715	sars2	237	471
SAMN54703716	norovirus	25509	49866
SAMN54703716	sars2	193	384
SAMN54703717	norovirus	30213	59129
SAMN54703717	sars2	107	214
SAMN54703718	norovirus	17633	34475
SAMN54703718	sars2	77	154
SAMN54703719	norovirus	21278	41631
SAMN54703719	sars2	43	85
SAMN54703720	norovirus	21687	42531
SAMN54703720	sars2	119	238
SAMN54703721	norovirus	27038	53024
SAMN54703721	sars2	125	249
SAMN54703722	norovirus	17539	34444
SAMN54703722	sars2	58	116
SAMN54703723	norovirus	14769	28897
SAMN54703723	sars2	70	139
SAMN54703724	norovirus	16081	31485
SAMN54703724	sars2	121	241
SAMN54703725	norovirus	12884	25076
SAMN54703725	sars2	101	202
SAMN54703726	norovirus	13549	26564
SAMN54703726	sars2	117	232
SAMN54703727	norovirus	14786	28925
SAMN54703727	sars2	153	304
SAMN54703728	norovirus	15040	29471
SAMN54703728	sars2	130	260
SAMN54703729	norovirus	26121	51243
SAMN54703729	sars2	187	370
SAMN54703730	norovirus	29745	58301
SAMN54703730	sars2	101	202
SAMN54703731	norovirus	17812	34821
SAMN54703731	sars2	155	304
SAMN54703732	norovirus	18732	36856
SAMN54703732	sars2	168	336
SAMN54703733	norovirus	18185	35403
SAMN54703733	sars2	358	716
SAMN54703734	norovirus	50958	100036
SAMN54703734	sars2	163	326
SAMN54703735	norovirus	26762	52580
SAMN54703735	sars2	338	674
SAMN54703736	norovirus	27173	53049
SAMN54703736	sars2	422	839
SAMN54703737	norovirus	31018	60886
SAMN54703737	sars2	505	1001
SAMN54703738	norovirus	31032	60429
SAMN54703738	sars2	683	1365
SAMN54703739	norovirus	29371	57570
SAMN54703739	sars2	579	1149
SAMN54703740	norovirus	24801	48235
SAMN54703740	sars2	481	956
SAMN54703741	norovirus	27388	53147
SAMN54703741	sars2	314	618
SAMN54703742	norovirus	12664	24597
SAMN54703742	sars2	384	768
SAMN54703743	norovirus	22101	42984
SAMN54703743	sars2	399	798
SAMN54703744	norovirus	31763	62127
SAMN54703744	sars2	191	382
SAMN54703745	norovirus	20329	39413
SAMN54703745	sars2	383	761
SAMN54703746	norovirus	20246	39447
SAMN54703746	sars2	625	1250
SAMN54703747	norovirus	14060	27195
SAMN54703747	sars2	928	1841
SAMN54703748	norovirus	10368	20165
SAMN54703748	sars2	638	1273
SAMN54703749	norovirus	12810	24687
SAMN54703749	sars2	1108	2207
SAMN54703750	norovirus	27207	52896
SAMN54703750	sars2	988	1976
SAMN54703751	norovirus	20815	40636
SAMN54703751	sars2	1025	2030
SAMN54703752	norovirus	24548	47684
SAMN54703752	sars2	412	814
SAMN54703753	norovirus	24445	47422
SAMN54703753	sars2	578	1134
SAMN54703754	norovirus	40345	77826
SAMN54703754	sars2	430	795
SAMN54703755	norovirus	31638	61673
SAMN54703755	sars2	330	648
SAMN54703756	norovirus	51840	100737
SAMN54703756	sars2	213	424
SAMN54703757	norovirus	25882	50461
SAMN54703757	sars2	319	624
SAMN54703758	norovirus	36442	71412
SAMN54703758	sars2	375	748
SAMN54703759	norovirus	25205	49523
SAMN54703759	sars2	402	799
SAMN54703760	norovirus	50578	99733
SAMN54703760	sars2	290	577
SAMN54703761	norovirus	24119	47522
SAMN54703761	sars2	170	336
SAMN54703762	norovirus	22649	44460
SAMN54703762	sars2	168	336
SAMN54703763	norovirus	49024	96020
SAMN54703763	sars2	126	248
SAMN54703764	norovirus	283	557
SAMN54703764	sars2	0	0
SAMN54703765	norovirus	2024	3971
SAMN54703765	sars2	31	62
SAMN54703766	norovirus	2002	3953
SAMN54703766	sars2	0	0
SAMN54703767	norovirus	631	1204
SAMN54703767	sars2	42	83
SAMN54703768	norovirus	15275	28948
SAMN54703768	sars2	0	0
SAMN54703769	norovirus	940	1792
SAMN54703769	sars2	0	0
SAMN54703770	norovirus	3028	5925
SAMN54703770	sars2	177	354
SAMN54703771	norovirus	239	445
SAMN54703771	sars2	5	10
SAMN54703772	norovirus	54	102
SAMN54703772	sars2	1	2
SAMN54703773	norovirus	103	203
SAMN54703773	sars2	0	0
SAMN54703774	norovirus	17792	34904
SAMN54703774	sars2	35	70
SAMN54703775	norovirus	17937	34845
SAMN54703775	sars2	71	142
SAMN54703776	norovirus	3465	6748
SAMN54703776	sars2	7	14
SAMN54703777	norovirus	18233	35772
SAMN54703777	sars2	27	54
SAMN54703778	norovirus	2545	5025
SAMN54703778	sars2	6	12
SAMN54703779	norovirus	1121	2206
SAMN54703779	sars2	2	4
SAMN54703780	norovirus	5077	9964
SAMN54703780	sars2	17	34
SAMN54705862	norovirus	240	471
SAMN54705862	sars2	2	3
SAMN54705863	norovirus	552	1099
SAMN54705863	sars2	0	0
SAMN54705864	norovirus	137	264
SAMN54705864	sars2	3	6
SAMN54705865	norovirus	755	1477
SAMN54705865	sars2	8	16
SAMN54705866	norovirus	281	551
SAMN54705866	sars2	2	4
SAMN54705867	norovirus	2028	3983
SAMN54705867	sars2	12	24
SAMN54705868	norovirus	1579	3049
SAMN54705868	sars2	12	24
SAMN54705869	norovirus	3734	7257
SAMN54705869	sars2	23	46
SAMN54705870	norovirus	924	1789
SAMN54705870	sars2	3	6
SAMN54705871	norovirus	702	1354
SAMN54705871	sars2	6	12
SAMN54705872	norovirus	2113	4121
SAMN54705872	sars2	18	36
SAMN54705873	norovirus	1500	2920
SAMN54705873	sars2	10	19
SAMN54705874	norovirus	1757	3448
SAMN54705874	sars2	17	34
SAMN54705875	norovirus	4124	8066
SAMN54705875	sars2	59	117
SAMN54705876	norovirus	1213	2374
SAMN54705876	sars2	35	70
SAMN54705877	norovirus	5524	10780
SAMN54705877	sars2	155	310
SAMN54705878	norovirus	1104	2146
SAMN54705878	sars2	13	26
SAMN54705879	norovirus	3179	6121
SAMN54705879	sars2	28	56
SAMN54705880	norovirus	4277	8291
SAMN54705880	sars2	125	250
SAMN54705881	norovirus	3581	6929
SAMN54705881	sars2	29	58
SAMN54705882	norovirus	2046	3988
SAMN54705882	sars2	30	60
SAMN54705883	norovirus	3086	5970
SAMN54705883	sars2	59	118
SAMN54705884	norovirus	1670	3203
SAMN54705884	sars2	16	32
SAMN54705885	norovirus	5132	9910
SAMN54705885	sars2	123	237
SAMN54705886	norovirus	1338	2570
SAMN54705886	sars2	9	18
SAMN54705887	norovirus	1518	2913
SAMN54705887	sars2	27	49
SAMN54705888	norovirus	511	999
SAMN54705888	sars2	7	14
SAMN54705889	norovirus	1424	2751
SAMN54705889	sars2	23	46
SAMN54705890	norovirus	1022	1984
SAMN54705890	sars2	8	16
SAMN54705891	norovirus	301	588
SAMN54705891	sars2	12	24
SAMN54705892	norovirus	167	320
SAMN54705892	sars2	10	20
SAMN54705893	norovirus	480	929
SAMN54705893	sars2	14	27
SAMN54705894	norovirus	2741	5336
SAMN54705894	sars2	119	234
SAMN54705895	norovirus	1139	2211
SAMN54705895	sars2	68	127
SAMN54705896	norovirus	185	353
SAMN54705896	sars2	15	30
SAMN54705897	norovirus	311	604
SAMN54705897	sars2	20	39
SAMN54705898	norovirus	357	698
SAMN54705898	sars2	6	12
SAMN54705899	norovirus	315	614
SAMN54705899	sars2	21	42
SAMN54705900	norovirus	215	426
SAMN54705900	sars2	0	0
SAMN54705901	norovirus	351	683
SAMN54705901	sars2	7	13
SAMN54705902	norovirus	750	1483
SAMN54705902	sars2	29	58
SAMN54705903	norovirus	116	221
SAMN54705903	sars2	3	6
SAMN54705904	norovirus	781	1518
SAMN54705904	sars2	80	159
SAMN54705905	norovirus	114	228
SAMN54705905	sars2	0	0
SAMN54705906	norovirus	254	496
SAMN54705906	sars2	2	4
SAMN54705907	norovirus	211	411
SAMN54705907	sars2	1	2
SAMN54705908	norovirus	302	592
SAMN54705908	sars2	1	2
SAMN54705909	norovirus	311	583
SAMN54705909	sars2	0	0
SAMN54705910	norovirus	987	1885
SAMN54705910	sars2	2	3
SAMN54705911	norovirus	116	222
SAMN54705911	sars2	2	4
SAMN54705912	norovirus	280	544
SAMN54705912	sars2	2	4
SAMN54705913	norovirus	745	1427
SAMN54705913	sars2	8	14
SAMN54705914	norovirus	21	40
SAMN54705914	sars2	0	0
SAMN54705915	norovirus	1270	2484
SAMN54705915	sars2	4	8
SAMN54705916	norovirus	297	585
SAMN54705916	sars2	0	0
SAMN54705917	norovirus	1570	3079
SAMN54705917	sars2	3	6
SAMN54705918	norovirus	575	1115
SAMN54705918	sars2	0	0
SAMN54705919	norovirus	2753	5389
SAMN54705919	sars2	1	2
SAMN54705920	norovirus	731	1428
SAMN54705920	sars2	0	0
SAMN54705921	norovirus	369	725
SAMN54705921	sars2	0	0
SAMN54705922	norovirus	529	1033
SAMN54705922	sars2	0	0
SAMN54705923	norovirus	2749	5337
SAMN54705923	sars2	5	10
SAMN54705924	norovirus	374	726
SAMN54705924	sars2	8	16
SAMN54705925	norovirus	2136	4160
SAMN54705925	sars2	1	2
SAMN54705926	norovirus	450	867
SAMN54705926	sars2	2	4
SAMN54705927	norovirus	861	1671
SAMN54705927	sars2	4	8
SAMN54911854	norovirus	20363	39431
SAMN54911854	sars2	20	40
SAMN54911856	norovirus	23826	46405
SAMN54911856	sars2	48	96
SAMN54911857	norovirus	28917	55919
SAMN54911857	sars2	78	156
SAMN54911859	norovirus	432	832
SAMN54911859	sars2	1	2
SAMN54911860	norovirus	41	74
SAMN54911860	sars2	0	0
SAMN54911861	norovirus	86	169
SAMN54911861	sars2	0	0
SAMN54911862	norovirus	238	460
SAMN54911862	sars2	2	4
SAMN54911863	norovirus	566	1080
SAMN54911863	sars2	5	10
SAMN54911864	norovirus	434	840
SAMN54911864	sars2	4	8
SAMN54911865	norovirus	253	488
SAMN54911865	sars2	4	8
SAMN54911866	norovirus	579	1090
SAMN54911866	sars2	3	6
SAMN54911867	norovirus	7930	15281
SAMN54911867	sars2	100	200
SAMN54911868	norovirus	4978	9537
SAMN54911868	sars2	57	114
SAMN54911869	norovirus	2885	5533
SAMN54911869	sars2	111	222
SAMN54911870	norovirus	2140	4134
SAMN54911870	sars2	77	154
SAMN54911871	norovirus	5252	9856
SAMN54911871	sars2	201	402
SAMN54911872	norovirus	3284	6290
SAMN54911872	sars2	90	180
SAMN54911873	norovirus	1753	3299
SAMN54911873	sars2	47	88
SAMN54911874	norovirus	1930	3690
SAMN54911874	sars2	60	119
SAMN54911875	norovirus	7515	14117
SAMN54911875	sars2	54	103
SAMN54911876	norovirus	8099	15701
SAMN54911876	sars2	153	295
SAMN54911877	norovirus	2580	4993
SAMN54911877	sars2	34	68
SAMN54911878	norovirus	3334	6447
SAMN54911878	sars2	19	38
SAMN54911879	norovirus	12136	23231
SAMN54911879	sars2	135	270
SAMN54911880	norovirus	2809	5393
SAMN54911880	sars2	18	36
SAMN54911881	norovirus	4434	8613
SAMN54911881	sars2	9	18
SAMN54911882	norovirus	2649	5186
SAMN54911882	sars2	5	10
SAMN54911883	norovirus	4499	8659
SAMN54911883	sars2	0	0
SAMN54911884	norovirus	2225	4159
SAMN54911884	sars2	8	16
SAMN54911885	norovirus	3553	6800
SAMN54911885	sars2	0	0
SAMN54911886	norovirus	3523	6827
SAMN54911886	sars2	0	0
SAMN54911887	norovirus	12590	24249
SAMN54911887	sars2	0	0
SAMN54911888	norovirus	35653	69513
SAMN54911888	sars2	60	120
SAMN54911890	norovirus	25510	49879
SAMN54911890	sars2	198	396
SAMN54911891	norovirus	4434	8506
SAMN54911891	sars2	7	14
SAMN54911892	norovirus	14737	28659
SAMN54911892	sars2	2	4
SAMN54927434	norovirus	318	625
SAMN54927434	sars2	22	44
SAMN54927435	norovirus	116	227
SAMN54927435	sars2	0	0
SAMN54927436	norovirus	39	68
SAMN54927436	sars2	224	441
SAMN54927437	norovirus	42	76
SAMN54927437	sars2	0	0
SAMN54927438	norovirus	9	18
SAMN54927438	sars2	0	0
SAMN54927439	norovirus	15	30
SAMN54927439	sars2	0	0
SAMN54927440	norovirus	85140	166931
SAMN54927440	sars2	40	80
SAMN54927441	norovirus	52419	102874
SAMN54927441	sars2	0	0
SAMN54927442	norovirus	0	0
SAMN54927442	sars2	0	0
SAMN54927443	norovirus	234200	457562
SAMN54927443	sars2	68	136
SAMN54927444	norovirus	193617	378244
SAMN54927444	sars2	228	456
SAMN54927445	norovirus	80181	158601
SAMN54927445	sars2	0	0
SAMN54927446	norovirus	118449	230498
SAMN54927446	sars2	43	86
SAMN54927447	norovirus	46062	90051
SAMN54927447	sars2	540	1080
SAMN54927448	norovirus	219867	428128
SAMN54927448	sars2	184	366
SAMN54927449	norovirus	14429	28528
SAMN54927449	sars2	0	0
SAMN54927450	norovirus	30743	59834
SAMN54927450	sars2	47	92
SAMN54927451	norovirus	11130	21840
SAMN54927451	sars2	5	10
SAMN54927452	norovirus	46	81
SAMN54927452	sars2	0	0
SAMN54927453	norovirus	621	1242
SAMN54927453	sars2	0	0
SAMN54927454	norovirus	0	0
SAMN54927454	sars2	0	0
SAMN54927455	norovirus	1	2
SAMN54927455	sars2	0	0
SAMN54927456	norovirus	855	1681
SAMN54927456	sars2	0	0
SAMN54927457	norovirus	2	4
SAMN54927457	sars2	0	0
SAMN54927458	norovirus	0	0
SAMN54927458	sars2	0	0
SAMN54927459	norovirus	1958	3758
SAMN54927459	sars2	0	0
SAMN54927460	norovirus	786	1509
SAMN54927460	sars2	2	4
SAMN54927461	norovirus	1603	3134
SAMN54927461	sars2	0	0
SAMN54927462	norovirus	0	0
SAMN54927462	sars2	42	84
SAMN54927463	norovirus	0	0
SAMN54927463	sars2	0	0
SAMN54927464	norovirus	3	6
SAMN54927464	sars2	0	0
SAMN54927465	norovirus	8	16
SAMN54927465	sars2	0	0
SAMN54927466	norovirus	2	4
SAMN54927466	sars2	0	0
SAMN54927467	norovirus	126	243
SAMN54927467	sars2	0	0
SAMN54927468	norovirus	17	34
SAMN54927468	sars2	0	0
SAMN54927469	norovirus	25	49
SAMN54927469	sars2	0	0
SAMN54927470	norovirus	26	52
SAMN54927470	sars2	0	0
SAMN54927471	norovirus	8	16
SAMN54927471	sars2	14	28
SAMN54927472	norovirus	2449	4441
SAMN54927472	sars2	0	0
SAMN54949035	norovirus	6412	12524
SAMN54949035	sars2	288	564
SAMN54949036	norovirus	4862	9504
SAMN54949036	sars2	383	763
SAMN54949037	norovirus	3223	6240
SAMN54949037	sars2	100	200
SAMN54949038	norovirus	3031	5855
SAMN54949038	sars2	377	747
SAMN54949039	norovirus	8123	15923
SAMN54949039	sars2	752	1498
SAMN54949040	norovirus	9010	17720
SAMN54949040	sars2	377	744
SAMN54949041	norovirus	6408	12431
SAMN54949041	sars2	164	317
SAMN54949042	norovirus	1515	2939
SAMN54949042	sars2	37	74
SAMN54949043	norovirus	11818	23026
SAMN54949043	sars2	145	285
SAMN54949044	norovirus	13858	26889
SAMN54949044	sars2	93	186
SAMN54949045	norovirus	15437	30197
SAMN54949045	sars2	110	216
SAMN54949046	norovirus	13662	26682
SAMN54949046	sars2	82	164
SAMN54949047	norovirus	11410	22119
SAMN54949047	sars2	141	282
SAMN54949048	norovirus	7724	15004
SAMN54949048	sars2	82	164
SAMN54949049	norovirus	12675	24857
SAMN54949049	sars2	49	98
SAMN54949050	norovirus	5473	10683
SAMN54949050	sars2	80	160
SAMN54949051	norovirus	8999	17581
SAMN54949051	sars2	90	175
SAMN54949052	norovirus	11950	23414
SAMN54949052	sars2	111	219
SAMN54949053	norovirus	4401	8485
SAMN54949053	sars2	184	363
SAMN54949054	norovirus	17271	33489
SAMN54949054	sars2	129	258
SAMN54949055	norovirus	11554	22740
SAMN54949055	sars2	177	350
SAMN54949056	norovirus	6392	12539
SAMN54949056	sars2	200	395
SAMN54949057	norovirus	6642	12955
SAMN54949057	sars2	101	199
SAMN54949058	norovirus	12666	24627
SAMN54949058	sars2	111	218
SAMN54949059	norovirus	4437	8722
SAMN54949059	sars2	108	216
SAMN54949060	norovirus	2514	4843
SAMN54949060	sars2	41	81
SAMN54949061	norovirus	11802	23034
SAMN54949061	sars2	113	224
SAMN54959809	norovirus	10719	21046
SAMN54959809	sars2	411	822
SAMN54959810	norovirus	6680	13017
SAMN54959810	sars2	680	1320
SAMN54959811	norovirus	5297	10229
SAMN54959811	sars2	859	1660
SAMN54959812	norovirus	3334	6444
SAMN54959812	sars2	185	366
SAMN54959813	norovirus	7329	14257
SAMN54959813	sars2	448	880
SAMN54959814	norovirus	9816	19064
SAMN54959814	sars2	550	1089
SAMN54959815	norovirus	12384	24211
SAMN54959815	sars2	163	326
SAMN54959816	norovirus	25286	49518
SAMN54959816	sars2	257	511
SAMN54959817	norovirus	19311	37757
SAMN54959817	sars2	519	1028
SAMN54959818	norovirus	15469	30181
SAMN54959818	sars2	165	326
SAMN54959819	norovirus	44762	86759
SAMN54959819	sars2	143	281
SAMN54959820	norovirus	3505	6813
SAMN54959820	sars2	19	38
SAMN54959821	norovirus	8619	16832
SAMN54959821	sars2	18	36
SAMN54959822	norovirus	16649	32420
SAMN54959822	sars2	32	63
SAMN54959823	norovirus	51364	100104
SAMN54959823	sars2	77	152
SAMN54984654	norovirus	10492	20222
SAMN54984654	sars2	218	434
SAMN54984655	norovirus	17208	33521
SAMN54984655	sars2	189	378
SAMN54984656	norovirus	4184	8100
SAMN54984656	sars2	152	304
SAMN54984657	norovirus	7997	15378
SAMN54984657	sars2	409	818
SAMN54984658	norovirus	8887	17222
SAMN54984658	sars2	100	199
SAMN54984659	norovirus	15287	29753
SAMN54984659	sars2	618	1232
SAMN54984660	norovirus	6728	13015
SAMN54984660	sars2	355	706
SAMN54984661	norovirus	6252	12102
SAMN54984661	sars2	309	618
SAMN54984662	norovirus	9275	17940
SAMN54984662	sars2	561	1118
SAMN54984663	norovirus	6827	13301
SAMN54984663	sars2	403	806
SAMN54984664	norovirus	2981	5789
SAMN54984664	sars2	203	405
SAMN54984665	norovirus	9479	18365
SAMN54984665	sars2	389	740
SAMN54984666	norovirus	5719	11132
SAMN54984666	sars2	236	466
SAMN54984667	norovirus	7341	14348
SAMN54984667	sars2	131	260
SAMN54984668	norovirus	489	956
SAMN54984668	sars2	7	14
SAMN54984669	norovirus	8857	17209
SAMN54984669	sars2	195	384
SAMN54984670	norovirus	14844	28886
SAMN54984670	sars2	248	471
SAMN54984671	norovirus	15907	30926
SAMN54984671	sars2	602	1203
SAMN54984672	norovirus	8014	15678
SAMN54984672	sars2	547	1087
SAMN54984673	norovirus	5995	11442
SAMN54984673	sars2	245	490
SAMN54984674	norovirus	6184	12103
SAMN54984674	sars2	699	1371
SAMN54984675	norovirus	4574	8917
SAMN54984675	sars2	447	884
SAMN54984676	norovirus	501	965
SAMN54984676	sars2	32	64
SAMN54984677	norovirus	2636	5107
SAMN54984677	sars2	113	224
SAMN54984678	norovirus	2323	4556
SAMN54984678	sars2	47	91
SAMN54984679	norovirus	1113	2170
SAMN54984679	sars2	180	352
SAMN54984680	norovirus	5733	11102
SAMN54984680	sars2	312	610
SAMN54984681	norovirus	3182	6107
SAMN54984681	sars2	212	410
SAMN54984682	norovirus	2499	4878
SAMN54984682	sars2	83	165
SAMN54984683	norovirus	3694	7230
SAMN54984683	sars2	104	205
SAMN54984699	norovirus	8286	16191
SAMN54984699	sars2	140	278
SAMN54984700	norovirus	8645	16781
SAMN54984700	sars2	131	262
SAMN54984701	norovirus	13022	25438
SAMN54984701	sars2	186	371
SAMN54984702	norovirus	9198	18002
SAMN54984702	sars2	188	376
SAMN54984703	norovirus	13272	25879
SAMN54984703	sars2	107	214
SAMN54984704	norovirus	9370	18193
SAMN54984704	sars2	87	174
SAMN54984705	norovirus	12313	24014
SAMN54984705	sars2	172	340
SAMN54984706	norovirus	27011	52662
SAMN54984706	sars2	129	253
SAMN54984707	norovirus	4241	8343
SAMN54984707	sars2	78	152
SAMN54984708	norovirus	2124	4106
SAMN54984708	sars2	64	128
SAMN54984709	norovirus	11406	22125
SAMN54984709	sars2	199	398
SAMN54984710	norovirus	6684	13074
SAMN54984710	sars2	92	181
SAMN54984711	norovirus	6460	12589
SAMN54984711	sars2	118	229
SAMN54984712	norovirus	5766	11258
SAMN54984712	sars2	81	153
SAMN54984713	norovirus	16454	32077
SAMN54984713	sars2	133	249
SAMN54984714	norovirus	13591	26397
SAMN54984714	sars2	130	259
SAMN55014594	norovirus	8272	16057
SAMN55014594	sars2	42	83
SAMN55014595	norovirus	9275	18049
SAMN55014595	sars2	38	76
SAMN55014596	norovirus	5362	10295
SAMN55014596	sars2	39	77
SAMN55014597	norovirus	1812	3521
SAMN55014597	sars2	23	46
SAMN55014598	norovirus	3536	6893
SAMN55014598	sars2	4	8
SAMN55014599	norovirus	6855	13402
SAMN55014599	sars2	31	62
SAMN55014600	norovirus	23671	46253
SAMN55014600	sars2	152	296
SAMN55014601	norovirus	29925	58125
SAMN55014601	sars2	137	274
SAMN55014602	norovirus	23871	46538
SAMN55014602	sars2	313	624
SAMN55014603	norovirus	15170	29642
SAMN55014603	sars2	304	608
SAMN55014604	norovirus	16484	32240
SAMN55014604	sars2	199	395
SAMN55014605	norovirus	17166	33429
SAMN55014605	sars2	332	657
SAMN55014606	norovirus	14434	27925
SAMN55014606	sars2	444	888
SAMN55014607	norovirus	14320	27710
SAMN55014607	sars2	346	690
SAMN55014608	norovirus	9357	18104
SAMN55014608	sars2	333	666
SAMN55014609	norovirus	4140	7945
SAMN55014609	sars2	25	50
SAMN55014610	norovirus	5308	10337
SAMN55014610	sars2	16	31
SAMN55014611	norovirus	8528	16608
SAMN55014611	sars2	29	58
SAMN55014612	norovirus	5483	10649
SAMN55014612	sars2	39	77
SAMN55014613	norovirus	3746	7325
SAMN55014613	sars2	23	43
SAMN55014614	norovirus	3923	7608
SAMN55014614	sars2	20	40
SAMN55014615	norovirus	13067	25493
SAMN55014615	sars2	93	186
SAMN55014616	norovirus	16424	31942
SAMN55014616	sars2	64	128
SAMN55014617	norovirus	12089	23530
SAMN55014617	sars2	128	256
SAMN55014618	norovirus	8638	16928
SAMN55014618	sars2	89	178
SAMN55014619	norovirus	25543	49893
SAMN55014619	sars2	252	502
SAMN55014620	norovirus	15036	29218
SAMN55014620	sars2	180	356
SAMN55014621	norovirus	27002	52441
SAMN55014621	sars2	317	620
SAMN55014622	norovirus	11982	23274
SAMN55014622	sars2	369	738
SAMN55014623	norovirus	12487	24239
SAMN55014623	sars2	242	482
SAMN55037916	norovirus	21100	38955
SAMN55037916	sars2	759	1504
SAMN55037917	norovirus	4309	8416
SAMN55037917	sars2	54	108
SAMN55037918	norovirus	16867	32903
SAMN55037918	sars2	119	237
SAMN55037919	norovirus	18234	35447
SAMN55037919	sars2	139	278
SAMN55037920	norovirus	12437	24029
SAMN55037920	sars2	121	242
SAMN55037922	norovirus	4963	9617
SAMN55037922	sars2	62	124
SAMN55037923	norovirus	10995	21361
SAMN55037923	sars2	209	411
SAMN55037924	norovirus	10953	21236
SAMN55037924	sars2	176	348
SAMN55037925	norovirus	5644	11021
SAMN55037925	sars2	262	524
SAMN55037926	norovirus	9516	18676
SAMN55037926	sars2	246	492
SAMN55037927	norovirus	11003	21588
SAMN55037927	sars2	662	1314
SAMN55037928	norovirus	12106	23637
SAMN55037928	sars2	570	1137
SAMN55037929	norovirus	7369	14492
SAMN55037929	sars2	347	692
SAMN55037930	norovirus	7880	15483
SAMN55037930	sars2	264	526
SAMN55037931	norovirus	5670	11117
SAMN55037931	sars2	114	222
SAMN55037932	norovirus	10732	20781
SAMN55037932	sars2	131	255
SAMN55037933	norovirus	17641	34545
SAMN55037933	sars2	76	152
SAMN55037934	norovirus	13922	27156
SAMN55037934	sars2	143	286
SAMN55037935	norovirus	5913	11520
SAMN55037935	sars2	47	94
SAMN55037936	norovirus	9427	18546
SAMN55037936	sars2	78	156
SAMN55037937	norovirus	4926	9625
SAMN55037937	sars2	59	118
SAMN55037938	norovirus	7873	15499
SAMN55037938	sars2	67	134
SAMN55037939	norovirus	2996	5903
SAMN55037939	sars2	48	96
SAMN55037940	norovirus	14174	27712
SAMN55037940	sars2	126	250
SAMN55037941	norovirus	60820	118605
SAMN55037941	sars2	121	240
SAMN55038709	norovirus	4112	7981
SAMN55038709	sars2	48	95
SAMN55038710	norovirus	12014	23493
SAMN55038710	sars2	194	385
SAMN55038711	norovirus	12378	24305
SAMN55038711	sars2	124	240
SAMN55038712	norovirus	262	514
SAMN55038712	sars2	5	9
SAMN55038713	norovirus	25382	49529
SAMN55038713	sars2	195	383
SAMN55038714	norovirus	6245	12259
SAMN55038714	sars2	143	282
SAMN55038715	norovirus	2486	4896
SAMN55038715	sars2	71	142
SAMN55038716	norovirus	1653	3235
SAMN55038716	sars2	34	67
SAMN55038717	norovirus	174	345
SAMN55038717	sars2	0	0
SAMN55038718	norovirus	24918	48651
SAMN55038718	sars2	501	995
SAMN55038719	norovirus	9795	18978
SAMN55038719	sars2	52	104
SAMN55038720	norovirus	2072	4008
SAMN55038720	sars2	7	14
SAMN55038721	norovirus	406	799
SAMN55038721	sars2	0	0
SAMN55038722	norovirus	1982	3790
SAMN55038722	sars2	8	16
SAMN55038723	norovirus	8447	16319
SAMN55038723	sars2	81	160
SAMN55038724	norovirus	4085	8017
SAMN55038724	sars2	52	104
SAMN55038725	norovirus	923	1797
SAMN55038725	sars2	3	6
SAMN55038726	norovirus	1834	3609
SAMN55038726	sars2	2	4
SAMN55038727	norovirus	596	1161
SAMN55038727	sars2	2	4
SAMN55038728	norovirus	1417	2761
SAMN55038728	sars2	15	30
SAMN55038729	norovirus	165	327
SAMN55038729	sars2	2	4
SAMN55038730	norovirus	940	1842
SAMN55038730	sars2	26	52
SAMN55038731	norovirus	1434	2819
SAMN55038731	sars2	17	34
SAMN55038732	norovirus	3888	7611
SAMN55038732	sars2	47	92
SAMN55038733	norovirus	6300	12298
SAMN55038733	sars2	81	162
SAMN55039069	norovirus	69479	135534
SAMN55039069	sars2	184	368
SAMN55039070	norovirus	44398	86364
SAMN55039070	sars2	65	130
SAMN55039071	norovirus	34748	68047
SAMN55039071	sars2	81	162
SAMN55039072	norovirus	97347	189487
SAMN55039072	sars2	134	268
SAMN55039073	norovirus	21234	41657
SAMN55039073	sars2	57	111
SAMN55039074	norovirus	34053	66386
SAMN55039074	sars2	60	120
SAMN55039075	norovirus	53447	104195
SAMN55039075	sars2	57	110
SAMN55039076	norovirus	10372	20306
SAMN55039076	sars2	70	140
SAMN55039077	norovirus	22516	44128
SAMN55039077	sars2	140	274
SAMN55039078	norovirus	15760	30872
SAMN55039078	sars2	248	488
SAMN55039079	norovirus	40718	79578
SAMN55039079	sars2	151	299
SAMN55039080	norovirus	26805	52361
SAMN55039080	sars2	116	226
SAMN55039081	norovirus	40033	78662
SAMN55039081	sars2	158	313
SAMN55039082	norovirus	67641	131766
SAMN55039082	sars2	114	226
SAMN55039083	norovirus	33230	64994
SAMN55039083	sars2	127	253
SAMN55039084	norovirus	13299	26086
SAMN55039084	sars2	49	96
SAMN55039085	norovirus	83214	154716
SAMN55039085	sars2	137	272
SAMN55039086	norovirus	47175	89336
SAMN55039086	sars2	184	366
SAMN55039087	norovirus	868	1702
SAMN55039087	sars2	0	0
SAMN55039088	norovirus	3635	7040
SAMN55039088	sars2	5	10
SAMN55039089	norovirus	734	1443
SAMN55039089	sars2	0	0
SAMN55039090	norovirus	1199	2303
SAMN55039090	sars2	1	2
SAMN55039091	norovirus	1117	2180
SAMN55039091	sars2	5	10
SAMN55039092	norovirus	1995	3879
SAMN55039092	sars2	5	10
SAMN55039093	norovirus	963	1873
SAMN55039093	sars2	1	2
SAMN55279262	norovirus	169	321
SAMN55279262	sars2	0	0
SAMN55279263	norovirus	20048	38567
SAMN55279263	sars2	0	0
SAMN55279264	norovirus	54361	104684
SAMN55279264	sars2	0	0
SAMN55279265	norovirus	60426	117988
SAMN55279265	sars2	68	136
SAMN55279266	norovirus	42704	83471
SAMN55279266	sars2	136	272
SAMN55279267	norovirus	23500	45981
SAMN55279267	sars2	65	129
SAMN55279268	norovirus	19644	38343
SAMN55279268	sars2	54	108
SAMN55279269	norovirus	13537	26386
SAMN55279269	sars2	40	80
SAMN55279270	norovirus	32230	63175
SAMN55279270	sars2	21	40
SAMN55279271	norovirus	8614	16661
SAMN55279271	sars2	13	26
SAMN55279272	norovirus	1864	3617
SAMN55279272	sars2	1	2
SAMN55279273	norovirus	34028	66801
SAMN55279273	sars2	366	727
SAMN55279274	norovirus	23891	47074
SAMN55279274	sars2	287	571
SAMN55279275	norovirus	46921	91925
SAMN55279275	sars2	282	563
SAMN55279276	norovirus	31269	61108
SAMN55279276	sars2	196	384
SAMN55279277	norovirus	8195	15997
SAMN55279277	sars2	62	124
SAMN55279278	norovirus	27476	53928
SAMN55279278	sars2	207	414
SAMN55279279	norovirus	30271	59477
SAMN55279279	sars2	359	711
SAMN55279280	norovirus	49296	96872
SAMN55279280	sars2	479	955
SAMN55279281	norovirus	61614	120728
SAMN55279281	sars2	461	914
SAMN55279282	norovirus	50853	99944
SAMN55279282	sars2	303	600
SAMN55279283	norovirus	6680	12968
SAMN55279283	sars2	45	90
SAMN55279284	norovirus	31343	61556
SAMN55279284	sars2	175	349
SAMN55279285	norovirus	131	243
SAMN55279285	sars2	174	344
SAMN55279286	norovirus	19777	38988
SAMN55279286	sars2	3	6
SAMN55279287	norovirus	1090	2122
SAMN55279287	sars2	0	0
SAMN55279288	norovirus	909	1621
SAMN55279288	sars2	0	0
SAMN55279289	norovirus	9297	18241
SAMN55279289	sars2	0	0
SAMN55279290	norovirus	37	71
SAMN55279290	sars2	0	0
SAMN55279291	norovirus	22498	44176
SAMN55279291	sars2	310	614
SAMN55279292	norovirus	19600	38366
SAMN55279292	sars2	347	687
SAMN55279293	norovirus	36303	71372
SAMN55279293	sars2	329	652
SAMN55279294	norovirus	8859	17385
SAMN55279294	sars2	75	149
SAMN55279295	norovirus	32921	64504
SAMN55279295	sars2	199	398
SAMN55279296	norovirus	53884	106020
SAMN55279296	sars2	319	636
SAMN55279297	norovirus	28417	55944
SAMN55279297	sars2	220	434
SAMN55279298	norovirus	6371	12490
SAMN55279298	sars2	60	120
SAMN55297800	norovirus	32349	63716
SAMN55297800	sars2	225	445
SAMN55297801	norovirus	55786	109482
SAMN55297801	sars2	115	227
SAMN55297802	norovirus	8483	16638
SAMN55297802	sars2	168	333
SAMN55297803	norovirus	6008	11789
SAMN55297803	sars2	322	640
SAMN55297804	norovirus	13085	25639
SAMN55297804	sars2	161	322
SAMN55951600	norovirus	609	1187
SAMN55951600	sars2	8	16
SAMN55951602	norovirus	2714	5274
SAMN55951602	sars2	72	144
SAMN55951604	norovirus	209	408
SAMN55951604	sars2	4	8
SAMN55951605	norovirus	55	106
SAMN55951605	sars2	0	0
SAMN55951606	norovirus	6224	12137
SAMN55951606	sars2	244	484
SAMN55951607	norovirus	5496	10776
SAMN55951607	sars2	113	226
SAMN55951608	norovirus	24	46
SAMN55951608	sars2	0	0
SAMN55951609	norovirus	5	10
SAMN55951609	sars2	0	0
SAMN55951610	norovirus	1	2
SAMN55951610	sars2	0	0
SAMN55951611	norovirus	9	17
SAMN55951611	sars2	0	0
SAMN55951612	norovirus	7	14
SAMN55951612	sars2	0	0
SAMN55951613	norovirus	12	24
SAMN55951613	sars2	0	0
SAMN55951614	norovirus	53	103
SAMN55951614	sars2	1	2
SAMN55951615	norovirus	139	271
SAMN55951615	sars2	3	6
SAMN55951616	norovirus	99	195
SAMN55951616	sars2	0	0
SAMN55951617	norovirus	140	264
SAMN55951617	sars2	4	8
SAMN55951618	norovirus	144	275
SAMN55951618	sars2	4	8
SAMN55951619	norovirus	109	204
SAMN55951619	sars2	0	0
SAMN55951620	norovirus	52	102
SAMN55951620	sars2	0	0
SAMN55951621	norovirus	39	75
SAMN55951621	sars2	0	0
SAMN55951622	norovirus	219	424
SAMN55951622	sars2	6	12
SAMN55951623	norovirus	149	292
SAMN55951623	sars2	4	8
SAMN55951624	norovirus	158	304
SAMN55951624	sars2	18	36
SAMN55951625	norovirus	1384	2682
SAMN55951625	sars2	84	168
SAMN55951626	norovirus	2766	5287
SAMN55951626	sars2	215	423
SAMN55951627	norovirus	12786	24803
SAMN55951627	sars2	354	708
SAMN55951628	norovirus	106	197
SAMN55951628	sars2	15	28
SAMN55951629	norovirus	174	335
SAMN55951629	sars2	37	74
SAMN55951630	norovirus	75	139
SAMN55951630	sars2	20	40
SAMN55951631	norovirus	299	571
SAMN55951631	sars2	12	24
SAMN55951632	norovirus	313	587
SAMN55951632	sars2	18	36
SAMN55951633	norovirus	767	1521
SAMN55951633	sars2	153	306
SAMN55951634	norovirus	869	1677
SAMN55951634	sars2	120	240
SAMN55951635	norovirus	1658	3258
SAMN55951635	sars2	138	276
SAMN55951636	norovirus	341	653
SAMN55951636	sars2	46	92
SAMN55951637	norovirus	809	1589
SAMN55951637	sars2	104	208
SAMN55951638	norovirus	147	278
SAMN55951638	sars2	47	94
SAMN55951639	norovirus	614	1171
SAMN55951639	sars2	109	218
SAMN55951640	norovirus	177	341
SAMN55951640	sars2	17	34
SAMN55951641	norovirus	5023	9603
SAMN55951641	sars2	114	228
SAMN55951642	norovirus	8045	15726
SAMN55951642	sars2	1078	2156
SAMN55951643	norovirus	4496	8805
SAMN55951643	sars2	104	208
SAMN55951644	norovirus	205	390
SAMN55951644	sars2	53	106
SAMN55951645	norovirus	2102	4081
SAMN55951645	sars2	121	242
SAMN55951646	norovirus	650	1250
SAMN55951646	sars2	79	158
SAMN55951647	norovirus	2005	3943
SAMN55951647	sars2	85	170
SAMN55951648	norovirus	53	104
SAMN55951648	sars2	12	24
SAMN55951649	norovirus	1853	3654
SAMN55951649	sars2	116	232
SAMN55951650	norovirus	116	232
SAMN55951650	sars2	11	22
SAMN55951651	norovirus	1042	2021
SAMN55951651	sars2	58	116
SAMN55951652	norovirus	1021	2009
SAMN55951652	sars2	34	64
SAMN55951653	norovirus	782	1511
SAMN55951653	sars2	9	18
SAMN55951654	norovirus	76	150
SAMN55951654	sars2	0	0
SAMN55951655	norovirus	1854	3630
SAMN55951655	sars2	68	136
SAMN55951656	norovirus	81	159
SAMN55951656	sars2	14	28
SAMN55951657	norovirus	532	1027
SAMN55951657	sars2	25	50
SAMN55951658	norovirus	12	23
SAMN55951658	sars2	0	0
SAMN55951659	norovirus	104	206
SAMN55951659	sars2	2	4
SAMN55951663	norovirus	386	743
SAMN55951663	sars2	23	46
SAMN55951664	norovirus	142	272
SAMN55951664	sars2	0	0
SAMN55951665	norovirus	234	451
SAMN55951665	sars2	12	24
SAMN55951666	norovirus	133	262
SAMN55951666	sars2	10	20
SAMN55951667	norovirus	248	482
SAMN55951667	sars2	3	6
SAMN55951668	norovirus	3392	6582
SAMN55951668	sars2	105	206
SAMN55951669	norovirus	587	1139
SAMN55951669	sars2	14	28
SAMN55951670	norovirus	36	70
SAMN55951670	sars2	1	2
SAMN55951671	norovirus	13510	26324
SAMN55951671	sars2	319	627
SAMN55951672	norovirus	7967	15464
SAMN55951672	sars2	223	441
SAMN55951673	norovirus	1229	2389
SAMN55951673	sars2	14	28
SAMN55951674	norovirus	138	265
SAMN55951674	sars2	4	8
SAMN55951675	norovirus	469	910
SAMN55951675	sars2	12	24
SAMN55951676	norovirus	10129	19559
SAMN55951676	sars2	165	321
SAMN55951700	norovirus	46551	91099
SAMN55951700	sars2	208	415
SAMN55951701	norovirus	13150	25665
SAMN55951701	sars2	90	179
SAMN55951702	norovirus	13373	26081
SAMN55951702	sars2	141	282
SAMN55951726	norovirus	22281	43588
SAMN55951726	sars2	256	508
SAMN55951727	norovirus	16785	32703
SAMN55951727	sars2	166	329
SAMN55951728	norovirus	38559	75332
SAMN55951728	sars2	289	575
SAMN55951729	norovirus	33	64
SAMN55951729	sars2	14	28
SAMN55951730	norovirus	124	241
SAMN55951730	sars2	22	43
SAMN55951731	norovirus	116	231
SAMN55951731	sars2	12	24
SAMN55951732	norovirus	0	0
SAMN55951732	sars2	0	0
SAMN55951733	norovirus	273	542
SAMN55951733	sars2	0	0
SAMN55951734	norovirus	25	50
SAMN55951734	sars2	0	0
SAMN55951735	norovirus	217	427
SAMN55951735	sars2	0	0
SAMN55951736	norovirus	1070	2079
SAMN55951736	sars2	0	0
SAMN55951737	norovirus	21	39
SAMN55951737	sars2	0	0
SAMN55951738	norovirus	133	257
SAMN55951738	sars2	0	0
SAMN55951739	norovirus	673	1313
SAMN55951739	sars2	0	0
SAMN55951740	norovirus	748	1477
SAMN55951740	sars2	0	0
SAMN55951741	norovirus	0	0
SAMN55951741	sars2	0	0
SAMN55951742	norovirus	93	184
SAMN55951742	sars2	0	0
SAMN55951743	norovirus	551492	1081542
SAMN55951743	sars2	0	0
SAMN55951744	norovirus	32166	63084
SAMN55951744	sars2	628	1256
SAMN55951745	norovirus	1225	2395
SAMN55951745	sars2	15	30
SAMN55951746	norovirus	21459	41920
SAMN55951746	sars2	256	512
SAMN55951748	norovirus	18850	36857
SAMN55951748	sars2	204	408
SAMN55951750	norovirus	31346	61300
SAMN55951750	sars2	591	1178
SAMN55951752	norovirus	2401	4695
SAMN55951752	sars2	22	44
SAMN55951754	norovirus	98	184
SAMN55951754	sars2	1	2
SAMN55951756	norovirus	186	363
SAMN55951756	sars2	2	4
SAMN56287609	norovirus	716	1391
SAMN56287609	sars2	3	6
SAMN56287610	norovirus	602	1177
SAMN56287610	sars2	0	0
SAMN56287611	norovirus	586	1121
SAMN56287611	sars2	5	10
SAMN56287612	norovirus	1516	2940
SAMN56287612	sars2	12	24
SAMN56287613	norovirus	1610	3150
SAMN56287613	sars2	18	36
SAMN56287614	norovirus	85	166
SAMN56287614	sars2	3	6
SAMN56287615	norovirus	1209	2356
SAMN56287615	sars2	8	16
SAMN56287616	norovirus	1037	2043
SAMN56287616	sars2	6	12
SAMN56287617	norovirus	1106	2144
SAMN56287617	sars2	22	43
SAMN56287618	norovirus	2062	4025
SAMN56287618	sars2	47	94
SAMN56287619	norovirus	2019	3912
SAMN56287619	sars2	45	90
SAMN56287620	norovirus	3567	6994
SAMN56287620	sars2	67	134
SAMN56287621	norovirus	3152	6096
SAMN56287621	sars2	81	162
SAMN56287622	norovirus	5603	11037
SAMN56287622	sars2	0	0
SAMN56287623	norovirus	1724	3375
SAMN56287623	sars2	0	0
SAMN56287624	norovirus	534	1019
SAMN56287624	sars2	0	0
SAMN56287625	norovirus	1797	3554
SAMN56287625	sars2	17	34
SAMN56287626	norovirus	3057	5957
SAMN56287626	sars2	106	212
SAMN56287627	norovirus	314	609
SAMN56287627	sars2	2	4
SAMN56287628	norovirus	1	2
SAMN56287628	sars2	0	0
SAMN56287629	norovirus	101	196
SAMN56287629	sars2	5	10
SAMN56287630	norovirus	1106	2124
SAMN56287630	sars2	15	30
SAMN56287631	norovirus	584	1128
SAMN56287631	sars2	1	1
SAMN56287632	norovirus	650	1266
SAMN56287632	sars2	13	26
SAMN56287633	norovirus	1431	2802
SAMN56287633	sars2	51	101
SAMN56287634	norovirus	1940	3751
SAMN56287634	sars2	80	159
SAMN56287635	norovirus	894	1717
SAMN56287635	sars2	17	34
SAMN56287636	norovirus	219	428
SAMN56287636	sars2	2	4
SAMN56287637	norovirus	2200	4285
SAMN56287637	sars2	14	28
SAMN56287638	norovirus	811	1583
SAMN56287638	sars2	3	6
SAMN56287639	norovirus	1032	2011
SAMN56287639	sars2	11	22
SAMN56287640	norovirus	895	1746
SAMN56287640	sars2	8	16
SAMN56287641	norovirus	1674	3268
SAMN56287641	sars2	25	50
SAMN56287642	norovirus	2219	4340
SAMN56287642	sars2	30	60
SAMN56287643	norovirus	3859	7503
SAMN56287643	sars2	27	51
SAMN56287644	norovirus	8657	16911
SAMN56287644	sars2	124	248
SAMN56287645	norovirus	1481	2896
SAMN56287645	sars2	18	36
SAMN56287646	norovirus	3160	6166
SAMN56287646	sars2	46	92
SAMN56287647	norovirus	4692	8961
SAMN56287647	sars2	56	112
SAMN56287648	norovirus	2115	4195
SAMN56287648	sars2	0	0
SAMN56287649	norovirus	4645	9031
SAMN56287649	sars2	31	62
SAMN56287650	norovirus	2632	5258
SAMN56287650	sars2	0	0
SAMN56287651	norovirus	2418	4703
SAMN56287651	sars2	92	181
SAMN56287652	norovirus	3591	6975
SAMN56287652	sars2	196	383
SAMN56287653	norovirus	119	236
SAMN56287653	sars2	0	0
SAMN56287654	norovirus	502	965
SAMN56287654	sars2	0	0
SAMN56287655	norovirus	978	1889
SAMN56287655	sars2	104	208
SAMN56287656	norovirus	3911	7531
SAMN56287656	sars2	318	625
SAMN56287657	norovirus	4685	9101
SAMN56287657	sars2	67	134
SAMN56287658	norovirus	539	1038
SAMN56287658	sars2	22	44
SAMN56287659	norovirus	3234	6258
SAMN56287659	sars2	154	308
SAMN56287660	norovirus	1420	2791
SAMN56287660	sars2	20	36
SAMN57413687	norovirus	5	10
SAMN57413687	sars2	0	0
SAMN57413688	norovirus	10539	20743
SAMN57413688	sars2	4	8
SAMN57413689	norovirus	458	889
SAMN57413689	sars2	13	26
SAMN57413690	norovirus	1219	2362
SAMN57413690	sars2	35	70
SAMN57413691	norovirus	3748	7397
SAMN57413691	sars2	2	4
SAMN57413692	norovirus	181	352
SAMN57413692	sars2	1	2
SAMN57413693	norovirus	456	894
SAMN57413693	sars2	2	4
SAMN57413694	norovirus	109	215
SAMN57413694	sars2	0	0
SAMN57413695	norovirus	94	186
SAMN57413695	sars2	0	0
SAMN57413696	norovirus	3136	6197
SAMN57413696	sars2	0	0
SAMN57413697	norovirus	79	158
SAMN57413697	sars2	2	4
SAMN57413698	norovirus	444	882
SAMN57413698	sars2	10	20
SAMN57413699	norovirus	322	641
SAMN57413699	sars2	4	8
SAMN57413700	norovirus	200	397
SAMN57413700	sars2	1	2
SAMN57413701	norovirus	1468	2883
SAMN57413701	sars2	0	0
SAMN57413702	norovirus	733	1462
SAMN57413702	sars2	10	20
SAMN57413703	norovirus	320	639
SAMN57413703	sars2	13	26
SAMN57413704	norovirus	3117	6143
SAMN57413704	sars2	3	6
SAMN57413705	norovirus	7261	14214
SAMN57413705	sars2	0	0
SAMN57413706	norovirus	20713	40545
SAMN57413706	sars2	36	72
SAMN57413707	norovirus	98	195
SAMN57413707	sars2	3	6
SAMN57413708	norovirus	82	159
SAMN57413708	sars2	3	6
SAMN57413709	norovirus	63	118
SAMN57413709	sars2	0	0
SAMN57413710	norovirus	201	390
SAMN57413710	sars2	6	12
SAMN57413711	norovirus	3042	5961
SAMN57413711	sars2	6	12
SAMN57413712	norovirus	25886	50097
SAMN57413712	sars2	0	0
SAMN57413713	norovirus	50201	98958
SAMN57413713	sars2	525	1050
SAMN57413714	norovirus	108565	214391
SAMN57413714	sars2	957	1914
SAMN57413715	norovirus	8325	16409
SAMN57413715	sars2	11	22
SAMN57413716	norovirus	4093	8054
SAMN57413716	sars2	1	2
SAMN57413717	norovirus	75	147
SAMN57413717	sars2	0	0
SAMN57413718	norovirus	103	206
SAMN57413718	sars2	0	0
SAMN57413719	norovirus	208	414
SAMN57413719	sars2	1	2
SAMN57413720	norovirus	23292	45757
SAMN57413720	sars2	24	48
SAMN57413721	norovirus	1599	3158
SAMN57413721	sars2	24	48
SAMN57413722	norovirus	17451	34667
SAMN57413722	sars2	69	138
SAMN57413723	norovirus	67447	134464
SAMN57413723	sars2	26	52
SAMN57413724	norovirus	30332	60336
SAMN57413724	sars2	77	154
SAMN57413725	norovirus	32951	65005
SAMN57413725	sars2	34	65
SAMN57413726	norovirus	9699	18782
SAMN57413726	sars2	33	66
SAMN57413727	norovirus	25911	50912
SAMN57413727	sars2	24	48
SAMN57413728	norovirus	20127	39336
SAMN57413728	sars2	112	223
SAMN57413729	norovirus	25346	48514
SAMN57413729	sars2	4	8
SAMN57413730	norovirus	30643	60220
SAMN57413730	sars2	98	196
SAMN57413731	norovirus	22636	44738
SAMN57413731	sars2	35	70
SAMN57413732	norovirus	32348	63978
SAMN57413732	sars2	13	26
SAMN57413733	norovirus	33681	67054
SAMN57413733	sars2	33	66
SAMN57413734	norovirus	40606	80420
SAMN57413734	sars2	37	74
SAMN57413735	norovirus	154674	305656
SAMN57413735	sars2	47	94
SAMN57413736	norovirus	61501	122370
SAMN57413736	sars2	17	34
SAMN57413737	norovirus	29133	56932
SAMN57413737	sars2	1	2
SAMN57413738	norovirus	39742	78619
SAMN57413738	sars2	69	138
SAMN57413740	norovirus	89544	177602
SAMN57413740	sars2	8	16
SAMN57413741	norovirus	116528	231322
SAMN57413741	sars2	0	0
SAMN57413742	norovirus	68483	136313
SAMN57413742	sars2	15	30
SAMN57413743	norovirus	22576	44095
SAMN57413743	sars2	47	92
SAMN57413744	norovirus	24212	47275
SAMN57413744	sars2	65	130
SAMN57413745	norovirus	19551	38118
SAMN57413745	sars2	30	60
SAMN57413746	norovirus	26601	52019
SAMN57413746	sars2	68	135
SAMN57413747	norovirus	26078	51074
SAMN57413747	sars2	65	130
SAMN57413748	norovirus	34059	66744
SAMN57413748	sars2	77	153
SAMN57413749	norovirus	64125	127027
SAMN57413749	sars2	113	226
SAMN57413750	norovirus	76948	152136
SAMN57413750	sars2	176	352
SAMN57413751	norovirus	30637	60852
SAMN57413751	sars2	56	112
SAMN57413752	norovirus	95597	189656
SAMN57413752	sars2	114	227
SAMN57413753	norovirus	53565	106019
SAMN57413753	sars2	59	118
SAMN57413754	norovirus	40239	79593
SAMN57413754	sars2	55	110
SAMN57413755	norovirus	32400	62885
SAMN57413755	sars2	46	92
SAMN57413756	norovirus	36667	70767
SAMN57413756	sars2	6	10
SAMN57413757	norovirus	42697	84770
SAMN57413757	sars2	81	162
SAMN57413758	norovirus	79421	157082
SAMN57413758	sars2	51	102
SAMN57413759	norovirus	27944	55290
SAMN57413759	sars2	66	132
SAMN57413762	norovirus	144296	284142
SAMN57413762	sars2	0	0
SAMN57413763	norovirus	211835	420285
SAMN57413763	sars2	0	0
SAMN57413764	norovirus	137363	272400
SAMN57413764	sars2	27	54
SAMN57413765	norovirus	122012	242989
SAMN57413765	sars2	0	0
SAMN57413766	norovirus	25898	51445
SAMN57413766	sars2	13	26
SAMN57413767	norovirus	32221	63874
SAMN57413767	sars2	21	42
SAMN57413768	norovirus	12388	24076
SAMN57413768	sars2	39	78
SAMN57413769	norovirus	28461	55611
SAMN57413769	sars2	42	84
SAMN57413770	norovirus	9503	18575
SAMN57413770	sars2	9	18
SAMN57413771	norovirus	41752	82624
SAMN57413771	sars2	82	164
SAMN57413772	norovirus	29024	57336
SAMN57413772	sars2	16	32
SAMN57413773	norovirus	46037	91274
SAMN57413773	sars2	23	46
SAMN57413774	norovirus	6626	12892
SAMN57413774	sars2	35	70
SAMN57413775	norovirus	14352	28488
SAMN57413775	sars2	24	48
SAMN57413776	norovirus	36975	73425
SAMN57413776	sars2	51	102
SAMN57413777	norovirus	35547	70315
SAMN57413777	sars2	54	108
SAMN57413778	norovirus	35293	69459
SAMN57413778	sars2	28	56
SAMN57413779	norovirus	32632	64842
SAMN57413779	sars2	29	58
SAMN57413780	norovirus	2035	3947
SAMN57413780	sars2	32	64
SAMN57413781	norovirus	1129	2207
SAMN57413781	sars2	24	48
SAMN57413782	norovirus	14544	28813
SAMN57413782	sars2	230	460
SAMN57413783	norovirus	28840	57204
SAMN57413783	sars2	143	286
SAMN57413784	norovirus	4261	8451
SAMN57413784	sars2	30	60
SAMN57413785	norovirus	645	1257
SAMN57413785	sars2	8	16
SAMN57413786	norovirus	600	1177
SAMN57413786	sars2	0	0
SAMN57413787	norovirus	11804	23448
SAMN57413787	sars2	50	100
SAMN57413789	norovirus	22416	44332
SAMN57413789	sars2	69	138
SAMN57413790	norovirus	2124	4218
SAMN57413790	sars2	6	12
SAMN57413791	norovirus	6869	13630
SAMN57413791	sars2	8	16
SAMN57413792	norovirus	2013	3948
SAMN57413792	sars2	19	35
SAMN57413793	norovirus	4767	9367
SAMN57413793	sars2	200	397
SAMN57413794	norovirus	32925	65374
SAMN57413794	sars2	714	1423
SAMN57413795	norovirus	6036	11982
SAMN57413795	sars2	81	162
SAMN57413796	norovirus	20155	40090
SAMN57413796	sars2	189	378
SAMN57413797	norovirus	5234	10359
SAMN57413797	sars2	64	128
SAMN57413798	norovirus	8334	16552
SAMN57413798	sars2	81	162
SAMN57413799	norovirus	13031	25829
SAMN57413799	sars2	109	218
SAMN57413801	norovirus	21376	42382
SAMN57413801	sars2	52	104
SAMN57413802	norovirus	878	1727
SAMN57413802	sars2	0	0
SAMN57413803	norovirus	11131	22013
SAMN57413803	sars2	34	68
SAMN57413804	norovirus	2078	4009
SAMN57413804	sars2	2	4
SAMN57413805	norovirus	2018	3937
SAMN57413805	sars2	2	4
SAMN57413806	norovirus	4577	9032
SAMN57413806	sars2	2	4
SAMN57413807	norovirus	4715	9328
SAMN57413807	sars2	28	55
SAMN57413808	norovirus	9371	18390
SAMN57413808	sars2	27	54
SAMN57413809	norovirus	28061	55365
SAMN57413809	sars2	91	182
SAMN57413810	norovirus	1355	2659
SAMN57413810	sars2	2	4
SAMN57413811	norovirus	3716	7290
SAMN57413811	sars2	4	8
SAMN57413813	norovirus	3758	7373
SAMN57413813	sars2	1	2
SAMN57413814	norovirus	9683	19125
SAMN57413814	sars2	25	50
SAMN57413815	norovirus	16300	32205
SAMN57413815	sars2	0	0
SAMN57413816	norovirus	256	496
SAMN57413816	sars2	0	0
SAMN57413817	norovirus	44	84
SAMN57413817	sars2	0	0
SAMN57413818	norovirus	445	889
SAMN57413818	sars2	1	2
SAMN57413819	norovirus	313	623
SAMN57413819	sars2	1	2
SAMN57413820	norovirus	27	53
SAMN57413820	sars2	0	0
SAMN57413821	norovirus	393	776
SAMN57413821	sars2	0	0
SAMN57413822	norovirus	324	640
SAMN57413822	sars2	0	0
SAMN57413823	norovirus	217	423
SAMN57413823	sars2	0	0
SAMN57413825	norovirus	770	1528
SAMN57413825	sars2	0	0
SAMN57413826	norovirus	99	196
SAMN57413826	sars2	0	0
SAMN57413827	norovirus	309	617
SAMN57413827	sars2	3	6
SAMN57413828	norovirus	523	1025
SAMN57413828	sars2	5	10
SAMN57413829	norovirus	25	50
SAMN57413829	sars2	2	4
SAMN57413830	norovirus	1586	3139
SAMN57413830	sars2	0	0
SAMN57413831	norovirus	2226	4425
SAMN57413831	sars2	12	24
SAMN57413832	norovirus	710	1407
SAMN57413832	sars2	5	10
SAMN57413833	norovirus	2665	5294
SAMN57413833	sars2	16	32
SAMN57413834	norovirus	451	896
SAMN57413834	sars2	0	0
SAMN57413835	norovirus	126	247
SAMN57413835	sars2	0	0
SAMN57413837	norovirus	7850	15515
SAMN57413837	sars2	29	58
SAMN57413838	norovirus	2994	5809
SAMN57413838	sars2	17	34
SAMN57413839	norovirus	13165	26038
SAMN57413839	sars2	36	68
SAMN57413840	norovirus	3396	6585
SAMN57413840	sars2	2	4
SAMN57413841	norovirus	48725	96471
SAMN57413841	sars2	203	403
SAMN57413842	norovirus	383	759
SAMN57413842	sars2	2	4
SAMN57413843	norovirus	12589	24931
SAMN57413843	sars2	7	14
SAMN57413844	norovirus	2103	4056
SAMN57413844	sars2	2	4
SAMN57413845	norovirus	4153	8124
SAMN57413845	sars2	1	2
SAMN57413846	norovirus	52988	104842
SAMN57413846	sars2	37	74
SAMN57413847	norovirus	14335	28104
SAMN57413847	sars2	30	60
SAMN57413848	norovirus	9491	18378
SAMN57413848	sars2	16	32
SAMN57413849	norovirus	12470	24602
SAMN57413849	sars2	5	10
SAMN57413850	norovirus	6737	13077
SAMN57413850	sars2	141	279
SAMN57413851	norovirus	4571	8791
SAMN57413851	sars2	122	240
SAMN57413852	norovirus	8128	15782
SAMN57413852	sars2	229	453
SAMN57413853	norovirus	13523	26454
SAMN57413853	sars2	297	594
SAMN57413854	norovirus	3006	5943
SAMN57413854	sars2	22	44
SAMN57413855	norovirus	9510	18646
SAMN57413855	sars2	151	300
SAMN57413856	norovirus	2750	5323
SAMN57413856	sars2	20	40
SAMN57413857	norovirus	5567	10743
SAMN57413857	sars2	49	97
SAMN57413858	norovirus	35939	70889
SAMN57413858	sars2	76	152
SAMN57413860	norovirus	20682	39476
SAMN57413860	sars2	41	82
SAMN57413861	norovirus	6590	12939
SAMN57413861	sars2	11	22
SAMN57413862	norovirus	45549	89423
SAMN57413862	sars2	117	234
SAMN57413863	norovirus	31306	61277
SAMN57413863	sars2	99	198
SAMN57413864	norovirus	35669	69821
SAMN57413864	sars2	157	313
SAMN57413865	norovirus	51586	102142
SAMN57413865	sars2	153	304
SAMN57413866	norovirus	6914	13630
SAMN57413866	sars2	20	40
SAMN57413867	norovirus	74120	146949
SAMN57413867	sars2	231	462
SAMN57413868	norovirus	46434	89615
SAMN57413868	sars2	33	66
SAMN57413869	norovirus	64280	124805
SAMN57413869	sars2	18	36
SAMN57413870	norovirus	32393	63806
SAMN57413870	sars2	95	190
SAMN57413872	norovirus	60925	120068
SAMN57413872	sars2	24	48
SAMN57413873	norovirus	74056	144607
SAMN57413873	sars2	58	115
SAMN57413874	norovirus	64430	127704
SAMN57413874	sars2	3	6
SAMN57413875	norovirus	36404	71071
SAMN57413875	sars2	104	207
SAMN57413876	norovirus	37459	73395
SAMN57413876	sars2	163	326
SAMN57413877	norovirus	39755	77903
SAMN57413877	sars2	59	118
SAMN57413878	norovirus	57098	113523
SAMN57413878	sars2	203	406
SAMN57413879	norovirus	7329	14484
SAMN57413879	sars2	41	81
SAMN57413880	norovirus	39095	77652
SAMN57413880	sars2	62	124
SAMN57413881	norovirus	26268	50884
SAMN57413881	sars2	34	67
SAMN57413882	norovirus	31070	60559
SAMN57413882	sars2	53	97
SAMN57413883	norovirus	10055	19805
SAMN57413883	sars2	26	51
SAMN57413885	norovirus	18872	36878
SAMN57413885	sars2	83	166
SAMN57413886	norovirus	16998	33673
SAMN57413886	sars2	65	130
SAMN57413887	norovirus	9747	19027
SAMN57413887	sars2	64	128
SAMN57413888	norovirus	17284	33887
SAMN57413888	sars2	57	112
SAMN57413889	norovirus	30077	58887
SAMN57413889	sars2	94	186
SAMN57413890	norovirus	32961	65264
SAMN57413890	sars2	118	236
SAMN57413891	norovirus	6004	11777
SAMN57413891	sars2	57	114
SAMN57413892	norovirus	10717	21186
SAMN57413892	sars2	26	52
SAMN57413893	norovirus	2730	5323
SAMN57413893	sars2	6	12
SAMN57413894	norovirus	8921	17275
SAMN57413894	sars2	9	18
SAMN57413895	norovirus	2231	4390
SAMN57413895	sars2	7	14
SAMN57413897	norovirus	5478	10696
SAMN57413897	sars2	20	40
SAMN57413898	norovirus	2802	5487
SAMN57413898	sars2	0	0
SAMN57413899	norovirus	29383	57636
SAMN57413899	sars2	107	214
SAMN57413900	norovirus	1890	3690
SAMN57413900	sars2	2	4
SAMN57413901	norovirus	16563	32321
SAMN57413901	sars2	60	120
SAMN57413902	norovirus	19400	38010
SAMN57413902	sars2	196	390
SAMN57413903	norovirus	39224	77816
SAMN57413903	sars2	312	623
SAMN57413904	norovirus	32346	64395
SAMN57413904	sars2	175	350
SAMN57413905	norovirus	49938	99548
SAMN57413905	sars2	36	72
SAMN57413906	norovirus	20300	39690
SAMN57413906	sars2	32	64
SAMN57413907	norovirus	19878	39400
SAMN57413907	sars2	79	158
SAMN57413909	norovirus	7855	15511
SAMN57413909	sars2	38	76
SAMN57413910	norovirus	56151	111125
SAMN57413910	sars2	139	278
SAMN57413911	norovirus	46649	92463
SAMN57413911	sars2	35	70
SAMN57413912	norovirus	18478	36234
SAMN57413912	sars2	196	392
SAMN57413913	norovirus	11273	22321
SAMN57413913	sars2	142	281
SAMN57413914	norovirus	35660	70709
SAMN57413914	sars2	263	526
SAMN57413915	norovirus	44521	88510
SAMN57413915	sars2	29	58
SAMN57413916	norovirus	40751	79486
SAMN57413916	sars2	57	114
SAMN57413917	norovirus	8992	17685
SAMN57413917	sars2	67	134
SAMN57413918	norovirus	8441	16673
SAMN57413918	sars2	64	128
SAMN57413919	norovirus	4555	8866
SAMN57413919	sars2	29	58
SAMN57413920	norovirus	19495	38356
SAMN57413920	sars2	0	0
SAMN57413921	norovirus	18556	36562
SAMN57413921	sars2	84	168
SAMN57413922	norovirus	22220	43733
SAMN57413922	sars2	180	360
SAMN57413923	norovirus	32226	63321
SAMN57413923	sars2	300	599
SAMN57413924	norovirus	23988	47755
SAMN57413924	sars2	143	285
SAMN57413925	norovirus	30940	61437
SAMN57413925	sars2	46	92
SAMN57413926	norovirus	21705	42446
SAMN57413926	sars2	23	46
SAMN57413927	norovirus	2959	5799
SAMN57413927	sars2	28	56
SAMN57413928	norovirus	7721	15172
SAMN57413928	sars2	6	12
SAMN57413929	norovirus	57181	113397
SAMN57413929	sars2	41	82
SAMN57413930	norovirus	28065	55866
SAMN57413930	sars2	110	139
SAMN57413931	norovirus	13936	27524
SAMN57413931	sars2	49	98
SAMN57413932	norovirus	114	224
SAMN57413932	sars2	22	44
SAMN57413933	norovirus	38	74
SAMN57413933	sars2	696	1373
SAMN57413934	norovirus	1496	2850
SAMN57413934	sars2	50	100
SAMN57413935	norovirus	582	1139
SAMN57413935	sars2	11	18
SAMN57413936	norovirus	1953	3755
SAMN57413936	sars2	4	8
SAMN57413937	norovirus	6547	12952
SAMN57413937	sars2	0	0
SAMN57413938	norovirus	1934	3704
SAMN57413938	sars2	26	52
SAMN57413939	norovirus	104	205
SAMN57413939	sars2	0	0
SAMN57413940	norovirus	16773	32294
SAMN57413940	sars2	227	451
SAMN57413941	norovirus	12769	24263
SAMN57413941	sars2	136	271
SAMN57413942	norovirus	8498	16278
SAMN57413942	sars2	75	145
SAMN57413943	norovirus	35821	70491
SAMN57413943	sars2	1369	2737
SAMN57413944	norovirus	5957	11768
SAMN57413944	sars2	176	352
SAMN57413945	norovirus	26403	52226
SAMN57413945	sars2	196	392
SAMN57413946	norovirus	28257	55819
SAMN57413946	sars2	59	118
SAMN57413947	norovirus	34858	67389
SAMN57413947	sars2	134	268
SAMN57413948	norovirus	37366	74053
SAMN57413948	sars2	239	478
SAMN57413949	norovirus	14097	27660
SAMN57413949	sars2	142	284
SAMN57413950	norovirus	15369	30320
SAMN57413950	sars2	133	266
SAMN57413951	norovirus	30601	60608
SAMN57413951	sars2	82	164
SAMN57413952	norovirus	16505	32846
SAMN57413952	sars2	34	68
SAMN57413953	norovirus	2359	4602
SAMN57413953	sars2	52	104
SAMN57413954	norovirus	1297	2526
SAMN57413954	sars2	17	30
SAMN57413955	norovirus	3810	7459
SAMN57413955	sars2	90	180
SAMN57413956	norovirus	3795	7451
SAMN57413956	sars2	92	181
SAMN57413957	norovirus	3456	6845
SAMN57413957	sars2	19	38
SAMN57413958	norovirus	1795	3562
SAMN57413958	sars2	13	26
SAMN57413959	norovirus	4268	8487
SAMN57413959	sars2	43	86
SAMN57413960	norovirus	4714	9195
SAMN57413960	sars2	36	72
SAMN57413961	norovirus	7065	14034
SAMN57413961	sars2	33	66
SAMN57413963	norovirus	2793	5565
SAMN57413963	sars2	29	58
SAMN57413964	norovirus	11356	22615
SAMN57413964	sars2	72	138
SAMN57413965	norovirus	1851	3689
SAMN57413965	sars2	1	2
SAMN57413966	norovirus	44031	86500
SAMN57413966	sars2	329	650
SAMN57413967	norovirus	19789	38609
SAMN57413967	sars2	261	520
SAMN57413968	norovirus	18160	35574
SAMN57413968	sars2	138	271
SAMN57413969	norovirus	49995	97752
SAMN57413969	sars2	130	260
SAMN57413970	norovirus	14688	29127
SAMN57413970	sars2	111	222
SAMN57413971	norovirus	893	1771
SAMN57413971	sars2	1	2
SAMN57413972	norovirus	16196	32052
SAMN57413972	sars2	39	77
SAMN57413973	norovirus	40554	79247
SAMN57413973	sars2	62	124
SAMN57413974	norovirus	19468	38710
SAMN57413974	sars2	95	190
SAMN57413976	norovirus	4944	9809
SAMN57413976	sars2	10	20
SAMN57413977	norovirus	38865	77430
SAMN57413977	sars2	16	32
SAMN57413978	norovirus	9844	19464
SAMN57413978	sars2	9	18
SAMN57413979	norovirus	7483	14594
SAMN57413979	sars2	149	297
SAMN57413980	norovirus	12986	25379
SAMN57413980	sars2	175	343
SAMN57413981	norovirus	14275	27952
SAMN57413981	sars2	117	234
SAMN57413982	norovirus	7901	15443
SAMN57413982	sars2	138	276
SAMN57413983	norovirus	8969	17736
SAMN57413983	sars2	33	66
SAMN57413984	norovirus	6814	13474
SAMN57413984	sars2	47	94
SAMN57413985	norovirus	17794	34962
SAMN57413985	sars2	35	70
SAMN57413986	norovirus	11099	21620
SAMN57413986	sars2	18	36
SAMN57413987	norovirus	14042	27782
SAMN57413987	sars2	56	112
SAMN57413989	norovirus	4871	9620
SAMN57413989	sars2	20	40
SAMN57413990	norovirus	33276	64781
SAMN57413990	sars2	0	0
SAMN57413991	norovirus	10024	19933
SAMN57413991	sars2	10	20
SAMN57413992	norovirus	86510	169283
SAMN57413992	sars2	601	1199
SAMN57413993	norovirus	19176	37631
SAMN57413993	sars2	130	260
SAMN57413994	norovirus	51985	102103
SAMN57413994	sars2	415	829
SAMN57413995	norovirus	84265	165922
SAMN57413995	sars2	581	1158
SAMN57413996	norovirus	46165	91976
SAMN57413996	sars2	155	310
SAMN57413997	norovirus	26173	51997
SAMN57413997	sars2	95	190
SAMN57413998	norovirus	69453	138433
SAMN57413998	sars2	139	278
SAMN57413999	norovirus	30314	59307
SAMN57413999	sars2	64	128
SAMN57414000	norovirus	34031	67447
SAMN57414000	sars2	58	115
SAMN57414002	norovirus	34981	69109
SAMN57414002	sars2	37	74
SAMN57414003	norovirus	105759	210625
SAMN57414003	sars2	0	0
SAMN57414004	norovirus	46006	91619
SAMN57414004	sars2	0	0
SAMN57414005	norovirus	286	559
SAMN57414005	sars2	72	144
SAMN57414006	norovirus	748	1372
SAMN57414006	sars2	20	40
SAMN57414007	norovirus	515	1020
SAMN57414007	sars2	2	4
SAMN57414008	norovirus	326	651
SAMN57414008	sars2	16	32
SAMN57414009	norovirus	3319	6442
SAMN57414009	sars2	32	64
SAMN57414010	norovirus	261	522
SAMN57414010	sars2	4	8
SAMN57414011	norovirus	23	45
SAMN57414011	sars2	0	0
SAMN57414012	norovirus	347	694
SAMN57414012	sars2	0	0
SAMN57414013	norovirus	158	295
SAMN57414013	sars2	0	0
SAMN57414014	norovirus	858	1699
SAMN57414014	sars2	0	0
SAMN57414015	norovirus	13	26
SAMN57414015	sars2	0	0
SAMN57414016	norovirus	18	36
SAMN57414016	sars2	0	0
SAMN57414017	norovirus	923	1763
SAMN57414017	sars2	0	0
SAMN57414018	norovirus	124	248
SAMN57414018	sars2	0	0
SAMN57414019	norovirus	0	0
SAMN57414019	sars2	0	0
SAMN57414020	norovirus	96	192
SAMN57414020	sars2	0	0
SAMN57414021	norovirus	253	494
SAMN57414021	sars2	30	60
SAMN57414022	norovirus	3096	6129
SAMN57414022	sars2	0	0
SAMN57414023	norovirus	328	656
SAMN57414023	sars2	14	28
SAMN57414024	norovirus	8	16
SAMN57414024	sars2	0	0
SAMN57414025	norovirus	99	195
SAMN57414025	sars2	0	0
SAMN57414026	norovirus	113	222
SAMN57414026	sars2	0	0
SAMN57414027	norovirus	7578	15064
SAMN57414027	sars2	3	6
SAMN57414028	norovirus	385	766
SAMN57414028	sars2	0	0
SAMN57414029	norovirus	175	349
SAMN57414029	sars2	0	0
SAMN57414030	norovirus	539	1053
SAMN57414030	sars2	0	0
SAMN57414031	norovirus	31	62
SAMN57414031	sars2	0	0
SAMN57414032	norovirus	46	92
SAMN57414032	sars2	10	20
SAMN57414033	norovirus	394	776
SAMN57414033	sars2	16	32
SAMN57414034	norovirus	1	2
SAMN57414034	sars2	0	0
SAMN57414035	norovirus	1	2
SAMN57414035	sars2	0	0
SAMN57414036	norovirus	31482	61254
SAMN57414036	sars2	0	0
SAMN57414037	norovirus	1554	3027
SAMN57414037	sars2	29	58
SAMN57414038	norovirus	1399	2764
SAMN57414038	sars2	0	0
SAMN57414039	norovirus	2382	4664
SAMN57414039	sars2	0	0
SAMN57414040	norovirus	60	109
SAMN57414040	sars2	0	0
SAMN57414041	norovirus	91	182
SAMN57414041	sars2	1	2
SAMN57414042	norovirus	38	76
SAMN57414042	sars2	0	0
SAMN57414043	norovirus	23	46
SAMN57414043	sars2	0	0
SAMN57414044	norovirus	10110	19980
SAMN57414044	sars2	0	0
SAMN57414045	norovirus	4524	8893
SAMN57414045	sars2	83	165
SAMN57414046	norovirus	13652	27159
SAMN57414046	sars2	596	1192
SAMN57414047	norovirus	13766	27366
SAMN57414047	sars2	199	398
SAMN57414048	norovirus	26401	52417
SAMN57414048	sars2	150	300
SAMN57414049	norovirus	15503	30348
SAMN57414049	sars2	117	234
SAMN57414050	norovirus	9629	19106
SAMN57414050	sars2	221	438
SAMN57414051	norovirus	23530	46700
SAMN57414051	sars2	289	578
SAMN57414052	norovirus	19138	37740
SAMN57414052	sars2	257	513
SAMN57414053	norovirus	43092	85190
SAMN57414053	sars2	282	564
SAMN57414054	norovirus	15305	30451
SAMN57414054	sars2	0	0
SAMN57414055	norovirus	3066	6084
SAMN57414055	sars2	12	22
SAMN57414056	norovirus	11969	23522
SAMN57414056	sars2	268	533
SAMN57414057	norovirus	20028	39769
SAMN57414057	sars2	368	736
SAMN57414058	norovirus	17573	34862
SAMN57414058	sars2	219	436
SAMN57414059	norovirus	19279	38400
SAMN57414059	sars2	143	286
SAMN57414060	norovirus	9295	18201
SAMN57414060	sars2	56	111
SAMN57414061	norovirus	17265	34251
SAMN57414061	sars2	245	490
SAMN57414062	norovirus	30658	61000
SAMN57414062	sars2	155	307
SAMN57414063	norovirus	32894	65275
SAMN57414063	sars2	196	390
SAMN57414064	norovirus	32696	64900
SAMN57414064	sars2	168	336
SAMN57414065	norovirus	48669	96801
SAMN57414065	sars2	30	60
SAMN57414066	norovirus	5241	10438
SAMN57414066	sars2	33	66
SAMN57414067	norovirus	6383	12382
SAMN57414067	sars2	6	12
SAMN57414068	norovirus	333	647
SAMN57414068	sars2	0	0
SAMN57414069	norovirus	1432	2755
SAMN57414069	sars2	2	4
SAMN57414070	norovirus	670	1321
SAMN57414070	sars2	0	0
SAMN57414071	norovirus	1230	2391
SAMN57414071	sars2	0	0
SAMN57414072	norovirus	802	1590
SAMN57414072	sars2	0	0
SAMN57414073	norovirus	4805	9498
SAMN57414073	sars2	12	24
SAMN57414074	norovirus	880	1750
SAMN57414074	sars2	4	8
SAMN57414075	norovirus	4011	7923
SAMN57414075	sars2	11	22
SAMN57414076	norovirus	1433	2835
SAMN57414076	sars2	1	2
SAMN57414077	norovirus	9027	17762
SAMN57414077	sars2	8	16
SAMN57414078	norovirus	332	635
SAMN57414078	sars2	1	2
SAMN57414079	norovirus	2388	4648
SAMN57414079	sars2	0	0
SAMN57414080	norovirus	665	1301
SAMN57414080	sars2	0	0
SAMN57414081	norovirus	1135	2224
SAMN57414081	sars2	1	2
SAMN57414084	norovirus	5325	10558
SAMN57414084	sars2	5	10
SAMN57414085	norovirus	10308	20380
SAMN57414085	sars2	2	4
SAMN57414086	norovirus	719	1415
SAMN57414086	sars2	0	0
SAMN57414087	norovirus	2746	5415
SAMN57414087	sars2	0	0
SAMN57414088	norovirus	581	1156
SAMN57414088	sars2	1	2
SAMN57414089	norovirus	3381	6707
SAMN57414089	sars2	0	0
SAMN57495857	norovirus	622	1145
SAMN57495857	sars2	0	0
SAMN57495858	norovirus	271	531
SAMN57495858	sars2	0	0
SAMN57495859	norovirus	181	270
SAMN57495859	sars2	0	0
SAMN57495860	norovirus	215	380
SAMN57495860	sars2	0	0
SAMN57495861	norovirus	776	1549
SAMN57495861	sars2	0	0
SAMN57495862	norovirus	1150	2258
SAMN57495862	sars2	0	0
SAMN57495863	norovirus	0	0
SAMN57495863	sars2	0	0
SAMN57495864	norovirus	391	770
SAMN57495864	sars2	16	32
SAMN57495865	norovirus	1201	2208
SAMN57495865	sars2	0	0
SAMN57495866	norovirus	0	0
SAMN57495866	sars2	0	0
SAMN57495867	norovirus	2523	4943
SAMN57495867	sars2	89	178
SAMN57495868	norovirus	1195	2301
SAMN57495868	sars2	37	74
SAMN57495869	norovirus	1420	2721
SAMN57495869	sars2	0	0
SAMN57495870	norovirus	3017	5745
SAMN57495870	sars2	110	220
SAMN57495871	norovirus	3206	6210
SAMN57495871	sars2	0	0
SAMN57495872	norovirus	5852	11354
SAMN57495872	sars2	389	778
SAMN57495873	norovirus	3364	6544
SAMN57495873	sars2	131	262
SAMN57495874	norovirus	727	1403
SAMN57495874	sars2	126	237
SAMN57495875	norovirus	820	1591
SAMN57495875	sars2	32	64
SAMN57495876	norovirus	300	548
SAMN57495876	sars2	0	0
SAMN57495877	norovirus	0	0
SAMN57495877	sars2	0	0
SAMN57495878	norovirus	5743	11135
SAMN57495878	sars2	41	82
SAMN57495879	norovirus	747	1425
SAMN57495879	sars2	8	16
SAMN57495880	norovirus	924	1788
SAMN57495880	sars2	0	0
SAMN57495881	norovirus	3111	5987
SAMN57495881	sars2	33	59
SAMN57495882	norovirus	1445	2819
SAMN57495882	sars2	55	110
SAMN57495883	norovirus	8904	17339
SAMN57495883	sars2	39	78
SAMN57495884	norovirus	0	0
SAMN57495884	sars2	0	0
SAMN57495885	norovirus	7166	13886
SAMN57495885	sars2	78	156
SAMN57495886	norovirus	3409	6615
SAMN57495886	sars2	8	16
SAMN57495887	norovirus	2150	4200
SAMN57495887	sars2	13	25
SAMN57495888	norovirus	9801	19043
SAMN57495888	sars2	221	433
SAMN57495889	norovirus	4829	9439
SAMN57495889	sars2	121	241
SAMN57495890	norovirus	2019	3942
SAMN57495890	sars2	30	60
SAMN57495891	norovirus	1796	3223
SAMN57495891	sars2	0	0
SAMN57495892	norovirus	10164	19864
SAMN57495892	sars2	52	94
SAMN57495893	norovirus	2126	3957
SAMN57495893	sars2	362	724
SAMN57495894	norovirus	967	1934
SAMN57495894	sars2	0	0
SAMN57495895	norovirus	2514	4956
SAMN57495895	sars2	0	0
SAMN57495896	norovirus	2088	3887
SAMN57495896	sars2	46	92
SAMN57495897	norovirus	4067	7822
SAMN57495897	sars2	21	42
SAMN57495898	norovirus	8158	15772
SAMN57495898	sars2	176	352
SAMN57495899	norovirus	6317	12348
SAMN57495899	sars2	85	170
SAMN57495900	norovirus	4864	9349
SAMN57495900	sars2	91	182
SAMN57495901	norovirus	529	1058
SAMN57495901	sars2	0	0
SAMN57495902	norovirus	6469	12589
SAMN57495902	sars2	179	358
SAMN57495903	norovirus	15539	30254
SAMN57495903	sars2	100	200
SAMN57495904	norovirus	18769	36323
SAMN57495904	sars2	363	723
SAMN57495905	norovirus	6013	11722
SAMN57495905	sars2	320	639
SAMN57495906	norovirus	4552	8951
SAMN57495906	sars2	121	242
SAMN57495907	norovirus	7980	15475
SAMN57495907	sars2	574	1126
SAMN57495908	norovirus	10175	19709
SAMN57495908	sars2	458	913
SAMN57495909	norovirus	17677	34309
SAMN57495909	sars2	293	577
SAMN57495910	norovirus	7365	14197
SAMN57495910	sars2	138	276
SAMN57495911	norovirus	11459	21974
SAMN57495911	sars2	215	427
SAMN57495912	norovirus	6448	12386
SAMN57495912	sars2	98	190
SAMN57495913	norovirus	19247	37263
SAMN57495913	sars2	129	258
SAMN57495914	norovirus	8924	17391
SAMN57495914	sars2	99	190
SAMN57495915	norovirus	12011	23326
SAMN57495915	sars2	136	269
SAMN57495916	norovirus	9599	18636
SAMN57495916	sars2	69	136
SAMN57495917	norovirus	7199	14060
SAMN57495917	sars2	114	222
SAMN57495918	norovirus	23749	46183
SAMN57495918	sars2	113	222
SAMN57495919	norovirus	22235	43143
SAMN57495919	sars2	71	142
SAMN57495920	norovirus	19703	38241
SAMN57495920	sars2	35	70
SAMN57495921	norovirus	27753	53948
SAMN57495921	sars2	146	292
SAMN57495922	norovirus	42363	81833
SAMN57495922	sars2	412	817
SAMN57495923	norovirus	39598	77021
SAMN57495923	sars2	303	595
SAMN57495924	norovirus	53501	104517
SAMN57495924	sars2	520	1035
SAMN57495925	norovirus	485	958
SAMN57495925	sars2	0	0
SAMN57495926	norovirus	1235	2429
SAMN57495926	sars2	0	0
SAMN57495927	norovirus	7141	14045
SAMN57495927	sars2	0	0
SAMN57495928	norovirus	2886	5660
SAMN57495928	sars2	53	106
SAMN57495929	norovirus	8009	15727
SAMN57495929	sars2	60	120
SAMN57495930	norovirus	6763	13284
SAMN57495930	sars2	0	0
SAMN57495931	norovirus	4670	9316
SAMN57495931	sars2	0	0
SAMN57495932	norovirus	4602	8914
SAMN57495932	sars2	56	105
SAMN57495933	norovirus	16481	32086
SAMN57495933	sars2	290	572
SAMN57495934	norovirus	4587	9087
SAMN57495934	sars2	0	0
SAMN57495935	norovirus	6516	12930
SAMN57495935	sars2	131	262
SAMN57495936	norovirus	5213	10204
SAMN57495936	sars2	117	234
SAMN57495937	norovirus	9849	19208
SAMN57495937	sars2	368	723
SAMN57495938	norovirus	11747	22929
SAMN57495938	sars2	505	1005
SAMN57495939	norovirus	2890	5418
SAMN57495939	sars2	0	0
SAMN57495940	norovirus	9298	18008
SAMN57495940	sars2	685	1334
SAMN57495941	norovirus	15122	29514
SAMN57495941	sars2	436	839
SAMN57495942	norovirus	8749	17080
SAMN57495942	sars2	261	521
SAMN57495943	norovirus	5182	10040
SAMN57495943	sars2	201	398
SAMN57495944	norovirus	8085	15692
SAMN57495944	sars2	63	122
SAMN57495945	norovirus	26932	52393
SAMN57495945	sars2	141	276
SAMN57495946	norovirus	35619	69357
SAMN57495946	sars2	300	583
SAMN57495947	norovirus	9516	18447
SAMN57495947	sars2	17	29
SAMN57495948	norovirus	2779	5306
SAMN57495948	sars2	33	66
SAMN57495949	norovirus	13150	25625
SAMN57495949	sars2	222	444
SAMN57495950	norovirus	2760	5328
SAMN57495950	sars2	50	100
SAMN57495951	norovirus	18229	35575
SAMN57495951	sars2	157	306
SAMN57495952	norovirus	28181	55201
SAMN57495952	sars2	121	242
SAMN57495953	norovirus	6802	13290
SAMN57495953	sars2	103	206
SAMN57495954	norovirus	22558	44178
SAMN57495954	sars2	145	288
SAMN57495955	norovirus	28378	55413
SAMN57495955	sars2	238	474
SAMN57495956	norovirus	19592	38367
SAMN57495956	sars2	295	578
SAMN57495957	norovirus	26591	52054
SAMN57495957	sars2	560	1116
SAMN57495958	norovirus	2677	5202
SAMN57495958	sars2	48	96
SAMN57495959	norovirus	2487	4842
SAMN57495959	sars2	118	232
SAMN57495960	norovirus	4288	8343
SAMN57495960	sars2	78	156
SAMN57495961	norovirus	6097	11805
SAMN57495961	sars2	184	367
SAMN57495962	norovirus	5762	11205
SAMN57495962	sars2	288	568
SAMN57495963	norovirus	22583	43665
SAMN57495963	sars2	179	337
SAMN57495964	norovirus	13807	26979
SAMN57495964	sars2	462	897
SAMN57495965	norovirus	6690	13040
SAMN57495965	sars2	315	630
SAMN57495966	norovirus	9344	18153
SAMN57495966	sars2	775	1534
SAMN57495967	norovirus	15071	29517
SAMN57495967	sars2	311	622
SAMN57495968	norovirus	9999	19641
SAMN57495968	sars2	244	488
SAMN57495969	norovirus	7409	14208
SAMN57495969	sars2	926	1850
SAMN57495970	norovirus	22410	43458
SAMN57495970	sars2	685	1359
SAMN57495971	norovirus	2887	5611
SAMN57495971	sars2	37	73
SAMN57495972	norovirus	29481	57503
SAMN57495972	sars2	463	926
SAMN57495973	norovirus	14488	28027
SAMN57495973	sars2	343	686
SAMN57495974	norovirus	43005	82862
SAMN57495974	sars2	130	260
SAMN57495975	norovirus	41495	80659
SAMN57495975	sars2	262	523
SAMN57495976	norovirus	23126	45023
SAMN57495976	sars2	139	278
SAMN57495977	norovirus	17534	34343
SAMN57495977	sars2	289	568
SAMN57495978	norovirus	11032	21620
SAMN57495978	sars2	120	240
SAMN57495979	norovirus	27770	54249
SAMN57495979	sars2	252	502
SAMN57495980	norovirus	23566	46083
SAMN57495980	sars2	196	391
SAMN57495981	norovirus	26781	52377
SAMN57495981	sars2	175	348
SAMN57495982	norovirus	19178	37487
SAMN57495982	sars2	77	154
SAMN57495983	norovirus	49989	97858
SAMN57495983	sars2	134	268
SAMN57495984	norovirus	51062	99653
SAMN57495984	sars2	328	656
SAMN57495985	norovirus	85155	166743
SAMN57495985	sars2	504	997
SAMN57495986	norovirus	66456	130164
SAMN57495986	sars2	500	993
SAMN61656585	norovirus	161	320
SAMN61656585	sars2	0	0
SAMN61656586	norovirus	2856	5694
SAMN61656586	sars2	0	0
SAMN61656587	norovirus	29245	57602
SAMN61656587	sars2	0	0
SAMN61656588	norovirus	34787	68998
SAMN61656588	sars2	0	0
SAMN61656589	norovirus	47	93
SAMN61656589	sars2	0	0
SAMN61656590	norovirus	2191	4343
SAMN61656590	sars2	0	0
SAMN61656591	norovirus	15787	31235
SAMN61656591	sars2	0	0
SAMN61656592	norovirus	481	950
SAMN61656592	sars2	2	4
SAMN61656593	norovirus	277	547
SAMN61656593	sars2	0	0
SAMN61656594	norovirus	52774	104264
SAMN61656594	sars2	0	0
SAMN61656595	norovirus	798	1562
SAMN61656595	sars2	15	30
SAMN61656596	norovirus	1148	2252
SAMN61656596	sars2	5	10
SAMN61656597	norovirus	75	150
SAMN61656597	sars2	0	0
SAMN61656598	norovirus	862	1710
SAMN61656598	sars2	0	0
SAMN61656599	norovirus	16439	32531
SAMN61656599	sars2	0	0
SAMN61656600	norovirus	51	100
SAMN61656600	sars2	0	0
SAMN61656601	norovirus	137	274
SAMN61656601	sars2	0	0
SAMN61656602	norovirus	360	708
SAMN61656602	sars2	0	0
SAMN61656603	norovirus	855	1696
SAMN61656603	sars2	0	0
SAMN61656604	norovirus	18192	35997
SAMN61656604	sars2	0	0
SAMN61656605	norovirus	292	579
SAMN61656605	sars2	0	0
SAMN61656606	norovirus	460	906
SAMN61656606	sars2	1	2
SAMN61656607	norovirus	1277	2515
SAMN61656607	sars2	0	0
SAMN61656608	norovirus	964	1881
SAMN61656608	sars2	0	0
SAMN61656609	norovirus	6501	12799
SAMN61656609	sars2	12	24
SAMN61656610	norovirus	241	477
SAMN61656610	sars2	1	2
SAMN61656611	norovirus	32	63
SAMN61656611	sars2	0	0
SAMN61656612	norovirus	6248	12218
SAMN61656612	sars2	0	0
SAMN61656613	norovirus	1155	2295
SAMN61656613	sars2	23	46
SAMN61656614	norovirus	529	1050
SAMN61656614	sars2	8	16
SAMN61656615	norovirus	9828	19653
SAMN61656615	sars2	0	0
SAMN61656616	norovirus	10682	21048
SAMN61656616	sars2	5	10
SAMN61656617	norovirus	19874	38649
SAMN61656617	sars2	0	0
SAMN61656618	norovirus	15973	31387
SAMN61656618	sars2	0	0
SAMN61656619	norovirus	7972	15589
SAMN61656619	sars2	7	14
SAMN61656620	norovirus	95	185
SAMN61656620	sars2	0	0
SAMN61656621	norovirus	63998	125718
SAMN61656621	sars2	27	54
SAMN61656622	norovirus	16260	31935
SAMN61656622	sars2	113	226
SAMN61656623	norovirus	16234	31985
SAMN61656623	sars2	54	108
SAMN61656624	norovirus	90483	178530
SAMN61656624	sars2	0	0
SAMN61656625	norovirus	142	280
SAMN61656625	sars2	0	0
SAMN61656626	norovirus	1597	3168
SAMN61656626	sars2	0	0
SAMN61656627	norovirus	1417	2822
SAMN61656627	sars2	0	0
SAMN61656628	norovirus	13219	25622
SAMN61656628	sars2	0	0
SAMN61656629	norovirus	10661	20739
SAMN61656629	sars2	0	0
SAMN61656630	norovirus	5024	9601
SAMN61656630	sars2	1	2
SAMN61656631	norovirus	1575	3084
SAMN61656631	sars2	3	6
SAMN61656632	norovirus	8845	17402
SAMN61656632	sars2	12	24
SAMN61656633	norovirus	3018	5810
SAMN61656633	sars2	0	0
SAMN61656634	norovirus	8705	16810
SAMN61656634	sars2	2	4
SAMN61656635	norovirus	16243	31375
SAMN61656635	sars2	6	12
SAMN61656636	norovirus	249	491
SAMN61656636	sars2	15	30
SAMN61656637	norovirus	19557	38040
SAMN61656637	sars2	64	128
SAMN61656638	norovirus	174	343
SAMN61656638	sars2	0	0
SAMN61656639	norovirus	9963	19410
SAMN61656639	sars2	2	4
SAMN61656640	norovirus	97486	189711
SAMN61656640	sars2	77	154
SAMN61656641	norovirus	16733	32492
SAMN61656641	sars2	111	222
SAMN61656642	norovirus	9863	19298
SAMN61656642	sars2	19	38
SAMN61656643	norovirus	6407	11953
SAMN61656643	sars2	0	0
SAMN61656644	norovirus	7046	12602
SAMN61656644	sars2	0	0
SAMN61656645	norovirus	1853	3531
SAMN61656645	sars2	0	0
SAMN61656646	norovirus	1326	2604
SAMN61656646	sars2	0	0
SAMN61656647	norovirus	22265	42822
SAMN61656647	sars2	0	0
SAMN61656648	norovirus	21395	41544
SAMN61656648	sars2	137	274
SAMN61656649	norovirus	10443	20362
SAMN61656649	sars2	16	32
SAMN61656650	norovirus	146	285
SAMN61656650	sars2	2	4
SAMN61656651	norovirus	3310	6487
SAMN61656651	sars2	0	0
SAMN61656652	norovirus	17336	33293
SAMN61656652	sars2	28	56
SAMN61656653	norovirus	15299	29079
SAMN61656653	sars2	0	0
SAMN61656654	norovirus	17402	33763
SAMN61656654	sars2	189	378
SAMN61656655	norovirus	12793	24977
SAMN61656655	sars2	0	0
SAMN61656656	norovirus	26262	51644
SAMN61656656	sars2	121	242
SAMN61656657	norovirus	21901	43264
SAMN61656657	sars2	0	0
SAMN61656658	norovirus	26533	51351
SAMN61656658	sars2	0	0
SAMN61656659	norovirus	17599	34721
SAMN61656659	sars2	20	40
SAMN61656660	norovirus	6628	13094
SAMN61656660	sars2	2	4
SAMN61656661	norovirus	11942	23450
SAMN61656661	sars2	0	0
SAMN61656662	norovirus	3022	5991
SAMN61656662	sars2	0	0
SAMN61656663	norovirus	35064	69829
SAMN61656663	sars2	15	30
SAMN61656664	norovirus	21052	41826
SAMN61656664	sars2	11	22
SAMN61656665	norovirus	16592	32804
SAMN61656665	sars2	3	6
SAMN61656666	norovirus	43776	87452
SAMN61656666	sars2	30	60
SAMN61656667	norovirus	136	272
SAMN61656667	sars2	0	0
SAMN61656668	norovirus	20171	40001
SAMN61656668	sars2	17	34
SAMN61656669	norovirus	630	1204
SAMN61656669	sars2	0	0
SAMN61656670	norovirus	12269	24352
SAMN61656670	sars2	32	64
SAMN61656671	norovirus	31522	62453
SAMN61656671	sars2	21	42
SAMN61656672	norovirus	47472	93268
SAMN61656672	sars2	15	30
SAMN61656673	norovirus	22615	44586
SAMN61656673	sars2	12	24
SAMN61656674	norovirus	24366	48208
SAMN61656674	sars2	40	80
SAMN61656675	norovirus	8412	16665
SAMN61656675	sars2	1	2
SAMN61656676	norovirus	13425	26473
SAMN61656676	sars2	27	54
SAMN61656677	norovirus	55515	109157
SAMN61656677	sars2	2	4
SAMN61656678	norovirus	9066	17988
SAMN61656678	sars2	10	20
SAMN61656679	norovirus	25158	50088
SAMN61656679	sars2	33	66
SAMN61656680	norovirus	16946	33538
SAMN61656680	sars2	7	14
SAMN61656681	norovirus	25388	49941
SAMN61656681	sars2	53	106
SAMN61656682	norovirus	13932	27527
SAMN61656682	sars2	52	99
SAMN61656683	norovirus	24783	49314
SAMN61656683	sars2	55	110
SAMN61656684	norovirus	20178	40071
SAMN61656684	sars2	10	20
SAMN61656685	norovirus	28752	57258
SAMN61656685	sars2	14	28
SAMN61656686	norovirus	82962	164158
SAMN61656686	sars2	33	66
SAMN61656687	norovirus	107916	214334
SAMN61656687	sars2	0	0
SAMN61656688	norovirus	66095	130487
SAMN61656688	sars2	26	52
SAMN61656689	norovirus	82441	163516
SAMN61656689	sars2	24	48
SAMN61656690	norovirus	21394	42169
SAMN61656690	sars2	34	68
SAMN61656691	norovirus	9372	18608
SAMN61656691	sars2	17	34
SAMN61656692	norovirus	17352	34422
SAMN61656692	sars2	52	102
SAMN61656693	norovirus	11857	23443
SAMN61656693	sars2	90	180
SAMN61656694	norovirus	32505	64412
SAMN61656694	sars2	38	76
SAMN61656695	norovirus	23543	46609
SAMN61656695	sars2	5	10
SAMN61656696	norovirus	16828	33434
SAMN61656696	sars2	17	34
SAMN61656697	norovirus	7632	15157
SAMN61656697	sars2	12	24
SAMN61656698	norovirus	8138	16135
SAMN61656698	sars2	93	186
SAMN61656699	norovirus	12956	25679
SAMN61656699	sars2	17	34
SAMN61656700	norovirus	26165	51956
SAMN61656700	sars2	44	88
SAMN61656701	norovirus	11699	23203
SAMN61656701	sars2	18	36
SAMN61656702	norovirus	7829	15414
SAMN61656702	sars2	27	54
SAMN61656703	norovirus	29786	58279
SAMN61656703	sars2	13	26
SAMN61656704	norovirus	32522	63711
SAMN61656704	sars2	22	44
SAMN61656705	norovirus	3823	7516
SAMN61656705	sars2	7	14
SAMN61656706	norovirus	6333	12460
SAMN61656706	sars2	4	8
SAMN61656707	norovirus	3333	6497
SAMN61656707	sars2	4	8
SAMN61656708	norovirus	5586	10917
SAMN61656708	sars2	14	28
SAMN61656709	norovirus	30344	59923
SAMN61656709	sars2	18	36
SAMN61656710	norovirus	32536	64314
SAMN61656710	sars2	22	44
SAMN61656711	norovirus	28763	56940
SAMN61656711	sars2	7	14
SAMN61656712	norovirus	29700	58700
SAMN61656712	sars2	9	18
SAMN61656713	norovirus	36412	71775
SAMN61656713	sars2	4	8
SAMN61656714	norovirus	52965	104775
SAMN61656714	sars2	33	66
SAMN61656715	norovirus	31642	62759
SAMN61656715	sars2	24	48
SAMN61656716	norovirus	34969	69346
SAMN61656716	sars2	31	61
SAMN61656717	norovirus	71247	141685
SAMN61656717	sars2	24	48
SAMN61656718	norovirus	51527	102106
SAMN61656718	sars2	3	6
SAMN61656719	norovirus	43500	86341
SAMN61656719	sars2	15	30
SAMN61656720	norovirus	10404	20638
SAMN61656720	sars2	13	26
SAMN61656721	norovirus	21701	43130
SAMN61656721	sars2	7	14
SAMN61656722	norovirus	1292	2556
SAMN61656722	sars2	1	2
SAMN61656723	norovirus	1302	2577
SAMN61656723	sars2	1	2
SAMN61656724	norovirus	3722	7372
SAMN61656724	sars2	0	0
SAMN61656725	norovirus	6356	12482
SAMN61656725	sars2	6	12
SAMN61656726	norovirus	4820	9437
SAMN61656726	sars2	13	26
SAMN61656727	norovirus	4521	8775
SAMN61656727	sars2	27	54
SAMN61656728	norovirus	2748	5398
SAMN61656728	sars2	4	8
SAMN61656729	norovirus	16089	31844
SAMN61656729	sars2	9	18
SAMN61656730	norovirus	8042	15793
SAMN61656730	sars2	1	2
SAMN61656731	norovirus	850	1657
SAMN61656731	sars2	0	0
SAMN61656732	norovirus	7908	15438
SAMN61656732	sars2	24	48
SAMN61656733	norovirus	1344	2626
SAMN61656733	sars2	7	14
SAMN61656734	norovirus	3625	7090
SAMN61656734	sars2	14	28
SAMN61656735	norovirus	1777	3491
SAMN61656735	sars2	5	10
SAMN61656736	norovirus	7145	14044
SAMN61656736	sars2	16	32
SAMN61656737	norovirus	10615	20871
SAMN61656737	sars2	7	14
SAMN61656738	norovirus	6159	12119
SAMN61656738	sars2	4	8
SAMN61656739	norovirus	13345	26288
SAMN61656739	sars2	5	10
SAMN61656740	norovirus	9847	19495
SAMN61656740	sars2	4	8
SAMN61656741	norovirus	5421	10664
SAMN61656741	sars2	0	0
SAMN61656742	norovirus	19260	38016
SAMN61656742	sars2	2	4
SAMN61656743	norovirus	3464	6821
SAMN61656743	sars2	0	0
SAMN61656744	norovirus	4699	9276
SAMN61656744	sars2	1	2
SAMN61656745	norovirus	7604	14777
SAMN61656745	sars2	0	0
SAMN61656746	norovirus	1314	2614
SAMN61656746	sars2	7	14
SAMN61656747	norovirus	4703	9285
SAMN61656747	sars2	12	24
SAMN61656748	norovirus	25112	49730
SAMN61656748	sars2	35	70
SAMN61656749	norovirus	853	1671
SAMN61656749	sars2	1	2
SAMN61656750	norovirus	5932	11609
SAMN61656750	sars2	3	6
SAMN61656751	norovirus	2367	4653
SAMN61656751	sars2	0	0
SAMN61656752	norovirus	12497	24739
SAMN61656752	sars2	0	0
SAMN61656753	norovirus	10929	21636
SAMN61656753	sars2	0	0
SAMN61656754	norovirus	16455	32487
SAMN61656754	sars2	4	8
SAMN61656755	norovirus	7624	15120
SAMN61656755	sars2	5	10
SAMN61656756	norovirus	8325	16503
SAMN61656756	sars2	4	8
SAMN61656757	norovirus	21934	43176
SAMN61656757	sars2	17	34
SAMN61656758	norovirus	7448	14129
SAMN61656758	sars2	25	50
SAMN61656759	norovirus	3790	7420
SAMN61656759	sars2	7	14
SAMN61656760	norovirus	178	354
SAMN61656760	sars2	0	0
SAMN61656761	norovirus	51	102
SAMN61656761	sars2	0	0
SAMN61656762	norovirus	686	1355
SAMN61656762	sars2	0	0
SAMN61656763	norovirus	154	308
SAMN61656763	sars2	0	0
SAMN61656764	norovirus	1793	3566
SAMN61656764	sars2	0	0
SAMN61656765	norovirus	1606	3163
SAMN61656765	sars2	4	8
SAMN61656766	norovirus	890	1751
SAMN61656766	sars2	6	12
SAMN61656767	norovirus	2422	4816
SAMN61656767	sars2	0	0
SAMN61656768	norovirus	706	1405
SAMN61656768	sars2	0	0
SAMN61656769	norovirus	422	836
SAMN61656769	sars2	0	0
SAMN61656770	norovirus	84	165
SAMN61656770	sars2	0	0
SAMN61656771	norovirus	189	370
SAMN61656771	sars2	0	0
SAMN61656772	norovirus	44	87
SAMN61656772	sars2	0	0
SAMN61656773	norovirus	1602	3164
SAMN61656773	sars2	0	0
SAMN61656774	norovirus	709	1384
SAMN61656774	sars2	0	0
SAMN61656775	norovirus	611	1194
SAMN61656775	sars2	0	0
SAMN61656776	norovirus	1693	3347
SAMN61656776	sars2	1	2
SAMN61656777	norovirus	254	505
SAMN61656777	sars2	0	0
SAMN61656778	norovirus	2470	4898
SAMN61656778	sars2	1	2
SAMN61656779	norovirus	3009	5931
SAMN61656779	sars2	9	18
SAMN61656780	norovirus	7203	14159
SAMN61656780	sars2	22	44
SAMN61656781	norovirus	6279	12284
SAMN61656781	sars2	16	32
SAMN61656782	norovirus	2425	4675
SAMN61656782	sars2	2	4
SAMN61656783	norovirus	5326	10392
SAMN61656783	sars2	1	2
SAMN61656784	norovirus	1680	3304
SAMN61656784	sars2	7	14
SAMN61656785	norovirus	585	1143
SAMN61656785	sars2	7	14
SAMN61656786	norovirus	9462	18645
SAMN61656786	sars2	17	34
SAMN61656787	norovirus	3114	6122
SAMN61656787	sars2	1	2
SAMN61656788	norovirus	3919	7736
SAMN61656788	sars2	3	6
SAMN61656789	norovirus	5170	10074
SAMN61656789	sars2	0	0
SAMN61656790	norovirus	1621	3178
SAMN61656790	sars2	1	2
SAMN61656791	norovirus	3799	7498
SAMN61656791	sars2	4	8
SAMN61656792	norovirus	102	199
SAMN61656792	sars2	0	0
SAMN61656793	norovirus	2113	4119
SAMN61656793	sars2	5	10
SAMN61656794	norovirus	36989	72871
SAMN61656794	sars2	77	154
SAMN61656795	norovirus	9892	19330
SAMN61656795	sars2	30	60
SAMN61656796	norovirus	5605	10964
SAMN61656796	sars2	22	44
SAMN61656797	norovirus	1484	2867
SAMN61656797	sars2	7	14
SAMN61656798	norovirus	3197	6224
SAMN61656798	sars2	25	48
SAMN61656799	norovirus	1832	3564
SAMN61656799	sars2	4	8
SAMN61656800	norovirus	415	811
SAMN61656800	sars2	0	0
SAMN61656801	norovirus	2802	5510
SAMN61656801	sars2	6	12
SAMN61656802	norovirus	155	309
SAMN61656802	sars2	0	0
SAMN61656803	norovirus	7104	14029
SAMN61656803	sars2	12	24
SAMN61656804	norovirus	9499	18854
SAMN61656804	sars2	2	4
SAMN61656805	norovirus	3889	7698
SAMN61656805	sars2	0	0
SAMN61656806	norovirus	9672	19164
SAMN61656806	sars2	5	9
SAMN61656807	norovirus	3377	6671
SAMN61656807	sars2	0	0
SAMN61656808	norovirus	9994	19577
SAMN61656808	sars2	0	0
SAMN61656809	norovirus	6102	11976
SAMN61656809	sars2	0	0
SAMN61656810	norovirus	4113	7973
SAMN61656810	sars2	0	0
SAMN61656811	norovirus	25212	49812
SAMN61656811	sars2	10	20
SAMN61656812	norovirus	26296	52026
SAMN61656812	sars2	40	80
SAMN61656813	norovirus	26846	52866
SAMN61656813	sars2	12	24
SAMN61656814	norovirus	45800	90494
SAMN61656814	sars2	122	244
SAMN61656815	norovirus	92975	183940
SAMN61656815	sars2	7	14
SAMN61656816	norovirus	22493	44354
SAMN61656816	sars2	16	32
SAMN61656817	norovirus	39992	79403
SAMN61656817	sars2	5	10
SAMN61656818	norovirus	82376	163602
SAMN61656818	sars2	91	182
SAMN61656819	norovirus	31627	62841
SAMN61656819	sars2	40	80
SAMN61656820	norovirus	44940	89149
SAMN61656820	sars2	90	180
SAMN61656821	norovirus	35292	70171
SAMN61656821	sars2	15	30
SAMN61656822	norovirus	25079	49760
SAMN61656822	sars2	65	128
SAMN61656823	norovirus	17700	35025
SAMN61656823	sars2	81	162
SAMN61656824	norovirus	14242	28041
SAMN61656824	sars2	23	46
SAMN61656825	norovirus	19405	38353
SAMN61656825	sars2	30	60
SAMN61656826	norovirus	29055	56908
SAMN61656826	sars2	53	104
SAMN61656827	norovirus	19020	37392
SAMN61656827	sars2	11	21
SAMN61656828	norovirus	24079	47365
SAMN61656828	sars2	15	30
SAMN61656829	norovirus	26513	52251
SAMN61656829	sars2	13	26
SAMN61656830	norovirus	11265	22188
SAMN61656830	sars2	12	22
SAMN61656831	norovirus	27127	53890
SAMN61656831	sars2	0	0
SAMN61656832	norovirus	22349	44205
SAMN61656832	sars2	39	78
SAMN61656833	norovirus	19176	37461
SAMN61656833	sars2	29	58
SAMN61656834	norovirus	36861	72435
SAMN61656834	sars2	75	150
SAMN61656835	norovirus	6688	13070
SAMN61656835	sars2	33	66
SAMN61656836	norovirus	2730	5324
SAMN61656836	sars2	10	20
SAMN61656837	norovirus	1385	2747
SAMN61656837	sars2	6	12
SAMN61656838	norovirus	3556	7011
SAMN61656838	sars2	6	12
SAMN61656839	norovirus	12506	24441
SAMN61656839	sars2	35	70
SAMN61656840	norovirus	9773	19249
SAMN61656840	sars2	7	14
SAMN61656841	norovirus	8029	15736
SAMN61656841	sars2	3	6
SAMN61656842	norovirus	17502	34516
SAMN61656842	sars2	16	32
SAMN61656843	norovirus	10655	21046
SAMN61656843	sars2	10	20
SAMN61656844	norovirus	7881	15557
SAMN61656844	sars2	24	48
SAMN61656845	norovirus	25705	51130
SAMN61656845	sars2	0	0
SAMN61656846	norovirus	12308	24242
SAMN61656846	sars2	10	20
SAMN61656847	norovirus	5681	11196
SAMN61656847	sars2	0	0
SAMN61656848	norovirus	11682	22867
SAMN61656848	sars2	41	82
SAMN61656849	norovirus	6391	12655
SAMN61656849	sars2	3	6
SAMN61656850	norovirus	4305	8483
SAMN61656850	sars2	19	38
SAMN61656851	norovirus	7081	14015
SAMN61656851	sars2	7	14
SAMN61656852	norovirus	7523	14947
SAMN61656852	sars2	64	128
SAMN61656853	norovirus	3588	7118
SAMN61656853	sars2	5	10
SAMN61656854	norovirus	4396	8711
SAMN61656854	sars2	3	6
SAMN61656855	norovirus	7021	13951
SAMN61656855	sars2	6	12
SAMN61656856	norovirus	5658	11219
SAMN61656856	sars2	4	8
SAMN61656857	norovirus	3590	7149
SAMN61656857	sars2	15	30
SAMN61656858	norovirus	2402	4778
SAMN61656858	sars2	1	2
SAMN61656859	norovirus	1050	2089
SAMN61656859	sars2	0	0
SAMN61656860	norovirus	72	144
SAMN61656860	sars2	0	0
SAMN61656861	norovirus	2304	4578
SAMN61656861	sars2	0	0
SAMN61656862	norovirus	937	1857
SAMN61656862	sars2	0	0
SAMN61656863	norovirus	7970	15817
SAMN61656863	sars2	2	4
SAMN61656864	norovirus	1773	3506
SAMN61656864	sars2	14	28
SAMN61656865	norovirus	1698	3352
SAMN61656865	sars2	23	46
SAMN61656866	norovirus	854	1672
SAMN61656866	sars2	9	18
SAMN61656867	norovirus	5926	11658
SAMN61656867	sars2	34	68
SAMN61656868	norovirus	1697	3334
SAMN61656868	sars2	54	108
SAMN61656869	norovirus	1363	2688
SAMN61656869	sars2	6	12
SAMN61656870	norovirus	713	1411
SAMN61656870	sars2	7	14
SAMN61656871	norovirus	2944	5793
SAMN61656871	sars2	9	18
SAMN61656872	norovirus	11933	23514
SAMN61656872	sars2	80	160
SAMN61656873	norovirus	16482	32391
SAMN61656873	sars2	4	8
SAMN61656874	norovirus	5480	10724
SAMN61656874	sars2	23	46
SAMN61656875	norovirus	3153	6165
SAMN61656875	sars2	1	2
SAMN61656876	norovirus	11609	22658
SAMN61656876	sars2	25	50
SAMN61656877	norovirus	884	1749
SAMN61656877	sars2	0	0
SAMN61656878	norovirus	7937	15611
SAMN61656878	sars2	0	0
SAMN61656879	norovirus	2542	5019
SAMN61656879	sars2	5	10
SAMN61656880	norovirus	3334	6564
SAMN61656880	sars2	8	16
SAMN61656881	norovirus	1879	3670
SAMN61656881	sars2	16	30
SAMN61656882	norovirus	4594	9093
SAMN61656882	sars2	18	35
SAMN61656883	norovirus	806	1589
SAMN61656883	sars2	4	8
SAMN61656884	norovirus	5528	10985
SAMN61656884	sars2	19	38
SAMN61656885	norovirus	5915	11743
SAMN61656885	sars2	44	88
SAMN61656886	norovirus	2194	4317
SAMN61656886	sars2	41	82
SAMN61656887	norovirus	1638	3228
SAMN61656887	sars2	4	8
SAMN61656888	norovirus	1931	3807
SAMN61656888	sars2	13	26
SAMN61656889	norovirus	1070	2102
SAMN61656889	sars2	5	10
SAMN61656890	norovirus	2913	5698
SAMN61656890	sars2	21	42
SAMN61656891	norovirus	15097	29947
SAMN61656891	sars2	11	22
SAMN61656892	norovirus	9183	18211
SAMN61656892	sars2	7	14
SAMN61656893	norovirus	314	621
SAMN61656893	sars2	0	0
SAMN61656894	norovirus	5604	10992
SAMN61656894	sars2	1	2
SAMN61656895	norovirus	6387	12495
SAMN61656895	sars2	35	70
SAMN61656896	norovirus	192	376
SAMN61656896	sars2	0	0
SAMN61656897	norovirus	2212	4329
SAMN61656897	sars2	35	70
SAMN61656898	norovirus	211	412
SAMN61656898	sars2	5	10
SAMN61656899	norovirus	5515	10864
SAMN61656899	sars2	9	18
SAMN61656900	norovirus	7699	14977
SAMN61656900	sars2	14	28
SAMN61656901	norovirus	2121	4141
SAMN61656901	sars2	10	20
SAMN61656902	norovirus	1714	3397
SAMN61656902	sars2	0	0
SAMN61656903	norovirus	4187	8185
SAMN61656903	sars2	18	36
SAMN61656904	norovirus	4934	9798
SAMN61656904	sars2	18	36
SAMN61656905	norovirus	1544	3040
SAMN61656905	sars2	15	30
SAMN61656906	norovirus	2023	3994
SAMN61656906	sars2	0	0
SAMN61656907	norovirus	2417	4810
SAMN61656907	sars2	14	28
SAMN61656908	norovirus	3271	6469
SAMN61656908	sars2	2	4
SAMN61656909	norovirus	4160	8046
SAMN61656909	sars2	3	6
SAMN61656910	norovirus	995	1957
SAMN61656910	sars2	0	0
SAMN61656911	norovirus	1636	3257
SAMN61656911	sars2	0	0
SAMN61656912	norovirus	1112	2170
SAMN61656912	sars2	8	16
SAMN61656913	norovirus	212	424
SAMN61656913	sars2	0	0
SAMN61656914	norovirus	174	342
SAMN61656914	sars2	8	16
SAMN61656915	norovirus	765	1494
SAMN61656915	sars2	0	0
SAMN61656916	norovirus	617	1212
SAMN61656916	sars2	0	0
SAMN61656917	norovirus	1891	3763
SAMN61656917	sars2	5	10
SAMN61656918	norovirus	202	400
SAMN61656918	sars2	0	0
SAMN61656919	norovirus	1708	3404
SAMN61656919	sars2	0	0
SAMN61656920	norovirus	322	633
SAMN61656920	sars2	0	0
SAMN61656921	norovirus	22	43
SAMN61656921	sars2	0	0
SAMN61656922	norovirus	79	156
SAMN61656922	sars2	0	0
SAMN61656923	norovirus	286	567
SAMN61656923	sars2	0	0
SAMN61656924	norovirus	114	228
SAMN61656924	sars2	0	0
SAMN61656925	norovirus	603	1198
SAMN61656925	sars2	4	8
SAMN61656926	norovirus	394	758
SAMN61656926	sars2	0	0
SAMN61656927	norovirus	639	1278
SAMN61656927	sars2	9	18
SAMN61656928	norovirus	10	20
SAMN61656928	sars2	0	0
SAMN61656929	norovirus	329	644
SAMN61656929	sars2	0	0
SAMN61656930	norovirus	3817	7573
SAMN61656930	sars2	21	41
SAMN61656931	norovirus	8826	17542
SAMN61656931	sars2	35	70
SAMN61656932	norovirus	1099	2184
SAMN61656932	sars2	4	8
SAMN61656933	norovirus	5845	11563
SAMN61656933	sars2	0	0
SAMN61656934	norovirus	4147	8252
SAMN61656934	sars2	2	4
SAMN61656935	norovirus	2648	5231
SAMN61656935	sars2	2	4
SAMN61656936	norovirus	11846	23356
SAMN61656936	sars2	5	10
SAMN61656937	norovirus	2715	5343
SAMN61656937	sars2	3	6
SAMN61656938	norovirus	2309	4583
SAMN61656938	sars2	0	0
SAMN61656939	norovirus	5956	11850
SAMN61656939	sars2	0	0
SAMN61656940	norovirus	1517	3003
SAMN61656940	sars2	0	0
SAMN61656941	norovirus	4086	8132
SAMN61656941	sars2	5	10
SAMN61656942	norovirus	1547	3021
SAMN61656942	sars2	6	12
SAMN61656943	norovirus	3390	6724
SAMN61656943	sars2	33	66
SAMN61656944	norovirus	1314	2600
SAMN61656944	sars2	2	4
SAMN61656945	norovirus	3784	7467
SAMN61656945	sars2	15	30
SAMN61656946	norovirus	1751	3467
SAMN61656946	sars2	2	4
SAMN61656947	norovirus	1070	2133
SAMN61656947	sars2	3	6
SAMN61656948	norovirus	3204	6344
SAMN61656948	sars2	5	10
SAMN61656949	norovirus	1247	2454
SAMN61656949	sars2	0	0
SAMN61656950	norovirus	2469	4873
SAMN61656950	sars2	10	20
SAMN61656951	norovirus	2418	4773
SAMN61656951	sars2	11	22
SAMN61656952	norovirus	4631	9142
SAMN61656952	sars2	2	4
SAMN61656953	norovirus	2439	4820
SAMN61656953	sars2	19	38
SAMN61656954	norovirus	3356	6650
SAMN61656954	sars2	14	28
SAMN61656955	norovirus	3852	7651
SAMN61656955	sars2	9	18
SAMN61656956	norovirus	1598	3148
SAMN61656956	sars2	9	18
SAMN61656957	norovirus	2104	4156
SAMN61656957	sars2	5	10
SAMN61656958	norovirus	15315	30565
SAMN61656958	sars2	44	88
SAMN61656959	norovirus	46567	92835
SAMN61656959	sars2	13	26
SAMN61656960	norovirus	14085	27995
SAMN61656960	sars2	6	12
SAMN61656961	norovirus	13123	26145
SAMN61656961	sars2	0	0
SAMN61656962	norovirus	11098	22104
SAMN61656962	sars2	5	10
SAMN61656963	norovirus	5737	11419
SAMN61656963	sars2	7	14
SAMN61656964	norovirus	26166	52080
SAMN61656964	sars2	63	126
SAMN61656965	norovirus	11151	22174
SAMN61656965	sars2	0	0
SAMN61656966	norovirus	8245	16447
SAMN61656966	sars2	1	2
SAMN61656967	norovirus	12488	24826
SAMN61656967	sars2	9	18
SAMN61656968	norovirus	7616	15039
SAMN61656968	sars2	11	22
SAMN61656969	norovirus	16148	31671
SAMN61656969	sars2	39	78
SAMN61656970	norovirus	4578	9088
SAMN61656970	sars2	10	20
SAMN61656971	norovirus	6607	13103
SAMN61656971	sars2	11	22
SAMN61656972	norovirus	52	104
SAMN61656972	sars2	0	0
SAMN61656973	norovirus	3	6
SAMN61656973	sars2	0	0
SAMN61656974	norovirus	105	210
SAMN61656974	sars2	0	0
SAMN61656975	norovirus	422	841
SAMN61656975	sars2	0	0
SAMN61656976	norovirus	1	2
SAMN61656976	sars2	0	0
SAMN61656977	norovirus	425	846
SAMN61656977	sars2	0	0
SAMN61656978	norovirus	0	0
SAMN61656978	sars2	0	0
SAMN61656979	norovirus	20	35
SAMN61656979	sars2	0	0
SAMN61656980	norovirus	4765	9258
SAMN61656980	sars2	0	0
SAMN61656981	norovirus	2767	5500
SAMN61656981	sars2	0	0
SAMN61656982	norovirus	85	170
SAMN61656982	sars2	0	0
SAMN61656983	norovirus	23022	46044
SAMN61656983	sars2	0	0
SAMN61656984	norovirus	2	4
SAMN61656984	sars2	0	0
SAMN61656985	norovirus	2	4
SAMN61656985	sars2	0	0
SAMN61656986	norovirus	1152	2285
SAMN61656986	sars2	0	0
SAMN61656987	norovirus	207	411
SAMN61656987	sars2	0	0
SAMN61656988	norovirus	15	30
SAMN61656988	sars2	0	0
SAMN61656989	norovirus	47	94
SAMN61656989	sars2	0	0
SAMN61656990	norovirus	63	126
SAMN61656990	sars2	0	0
SAMN61656991	norovirus	4	4
SAMN61656991	sars2	0	0
SAMN61656992	norovirus	99	167
SAMN61656992	sars2	0	0
SAMN61656993	norovirus	6	11
SAMN61656993	sars2	0	0
SAMN61656994	norovirus	110	213
SAMN61656994	sars2	0	0
SAMN61656995	norovirus	16473	32876
SAMN61656995	sars2	0	0
SAMN61656996	norovirus	32513	64137
SAMN61656996	sars2	5	10
SAMN61656997	norovirus	25324	50647
SAMN61656997	sars2	0	0
SAMN61656998	norovirus	18595	36847
SAMN61656998	sars2	44	88
SAMN61656999	norovirus	14654	29176
SAMN61656999	sars2	40	80
SAMN61657000	norovirus	12292	24452
SAMN61657000	sars2	11	20
SAMN61657001	norovirus	8888	17701
SAMN61657001	sars2	16	32
SAMN61657002	norovirus	66066	131857
SAMN61657002	sars2	8	16
SAMN61657003	norovirus	21305	42198
SAMN61657003	sars2	11	22
SAMN61657004	norovirus	40358	80454
SAMN61657004	sars2	3	6
SAMN61657005	norovirus	25691	51207
SAMN61657005	sars2	14	28
SAMN61657006	norovirus	20765	40885
SAMN61657006	sars2	9	18
SAMN61657007	norovirus	21926	43413
SAMN61657007	sars2	13	26
SAMN61657008	norovirus	30581	60438
SAMN61657008	sars2	0	0
SAMN61657009	norovirus	10899	21576
SAMN61657009	sars2	12	24
SAMN61657010	norovirus	9049	17984
SAMN61657010	sars2	15	30
SAMN61657011	norovirus	17499	34821
SAMN61657011	sars2	1	2
SAMN61657012	norovirus	11575	22985
SAMN61657012	sars2	7	14
SAMN61657013	norovirus	8032	16024
SAMN61657013	sars2	0	0
SAMN61657014	norovirus	13756	27230
SAMN61657014	sars2	29	58
SAMN61657015	norovirus	3124	6197
SAMN61657015	sars2	0	0
SAMN61657016	norovirus	5064	10037
SAMN61657016	sars2	5	10
SAMN61657017	norovirus	18440	36688
SAMN61657017	sars2	0	0
SAMN61657018	norovirus	11583	22829
SAMN61657018	sars2	4	8
SAMN61657019	norovirus	13063	25591
SAMN61657019	sars2	3	6
SAMN61657020	norovirus	28996	56960
SAMN61657020	sars2	0	0
SAMN61657021	norovirus	1539	3011
SAMN61657021	sars2	0	0
SAMN61657022	norovirus	467	915
SAMN61657022	sars2	1	2
SAMN61657023	norovirus	613	1218
SAMN61657023	sars2	0	0
SAMN61657024	norovirus	553	1082
SAMN61657024	sars2	2	4
SAMN61657025	norovirus	1132	2209
SAMN61657025	sars2	5	10
SAMN61657026	norovirus	716	1420
SAMN61657026	sars2	0	0
SAMN61657027	norovirus	2398	4716
SAMN61657027	sars2	0	0
SAMN61657028	norovirus	611	1210
SAMN61657028	sars2	0	0
SAMN61657029	norovirus	1737	3388
SAMN61657029	sars2	1	2
SAMN61657030	norovirus	406	797
SAMN61657030	sars2	0	0
SAMN61657031	norovirus	2137	4190
SAMN61657031	sars2	0	0
SAMN61657032	norovirus	312	615
SAMN61657032	sars2	0	0
SAMN61657033	norovirus	1893	3740
SAMN61657033	sars2	1	2
SAMN61657034	norovirus	273	536
SAMN61657034	sars2	2	4
SAMN61657035	norovirus	2590	5062
SAMN61657035	sars2	3	6
SAMN61657036	norovirus	223	446
SAMN61657036	sars2	0	0
SAMN61657037	norovirus	509	997
SAMN61657037	sars2	0	0
SAMN61657038	norovirus	325	641
SAMN61657038	sars2	0	0
SAMN61657039	norovirus	383	762
SAMN61657039	sars2	1	2
SAMN61657040	norovirus	462	913
SAMN61657040	sars2	0	0
SAMN61657041	norovirus	1473	2895
SAMN61657041	sars2	0	0
SAMN61657042	norovirus	317	625
SAMN61657042	sars2	2	4
SAMN61657043	norovirus	1575	3082
SAMN61657043	sars2	3	5
SAMN61657044	norovirus	300	590
SAMN61657044	sars2	0	0
SAMN61657045	norovirus	1720	3371
SAMN61657045	sars2	2	4
